glucose,glucose_lag_1,glucose_lag_3,glucose_lag_6,glucose_roll_mean_1h,Actual,Predicted,Residual,Absolute_Error
0.6406328617039084,0.687578121014994,0.6923578829155907,0.711174534727628,0.6934138427280309,132.3,131.94892750232887,0.3510724976711401,0.3510724976711401
-0.6796180732643156,-0.6795570599108114,-0.6364561222044733,-0.6759162785461247,-0.6619044133655938,91.4,92.11172605036577,-0.711726050365769,0.711726050365769
-0.871054458834708,-0.8677858167049436,-0.900896720238317,-0.884476472427381,-0.8887567054667873,87.1,86.33603846362408,0.7639615363759162,0.7639615363759162
1.1390275896544126,1.1234762946435113,1.1022408098680485,1.0819482127387512,1.0891634617950765,148.7,147.22815491480696,1.4718450851930243,1.4718450851930243
0.4326933394464132,0.4101883741604826,0.4146952549800551,0.3834370871999397,0.3710738461657509,125.6,125.87423743981947,-0.2742374398194727,0.2742374398194727
0.5977247063174417,0.5984171309546158,0.622942225931707,0.6548963871723688,0.6051015149027491,130.9,130.75221774678965,0.14778225321035166,0.14778225321035166
-0.0557995064918295,-0.0488256117059106,-0.0910473887596707,-0.0866509688498764,-0.101949059748415,109.0,111.02915599011611,-2.0291559901161094,2.0291559901161094
-0.8776557135095492,-0.8842971111605693,-0.8645361380086637,-0.8281983248721217,-0.8578473907279385,87.1,86.10654147927188,0.9934585207281117,0.9934585207281117
-0.5739979984668576,-0.573884775394807,-0.5405964054172052,-0.5468075870958234,-0.5733161095158579,95.7,95.31254391118524,0.38745608881475846,0.38745608881475846
2.12261453620574,2.130665256436677,2.130253634724616,2.0519186382499908,2.080193365609414,176.4,176.96529817766728,-0.5652981776672732,0.5652981776672732
-0.8842569681843899,-0.847972263358193,-0.8843691828612017,-0.8679240760875988,-0.864746791339289,85.8,85.85535572601631,-0.055355726016316,0.055355726016316
-0.4551754143197171,-0.4517011964231769,-0.4381256736790905,-0.4541141675930424,-0.4513347067071874,97.8,98.90640765968874,-1.1064076596887418,1.1064076596887418
-0.564096116454596,-0.5870938109593072,-0.5703459726960124,-0.6229486102588216,-0.618852153550769,95.2,95.7109170820007,-0.5109170820007023,0.5109170820007023
0.3138707552992732,0.33753867855573,0.3551961204224404,0.4860619445065895,0.4160579381517549,122.4,122.01805551054234,0.38194448945766624,0.38194448945766624
-0.8875575955218108,-0.8842971111605693,-0.8711471529595098,-0.8877869516953378,-0.8730260720729092,85.8,85.81400995287261,-0.01400995287261253,0.01400995287261253
-0.600403017166222,-0.577187034285932,-0.5868735100731276,-0.5898438175792572,-0.6042254242547063,94.5,94.48676899890037,0.013231001099626383,0.013231001099626383
-0.871054458834708,-0.8512745222493179,-0.8711471529595098,-0.897718389499207,-0.8630909351925645,86.1,86.30132524682969,-0.20132524682969688,0.20132524682969688
-0.4980835697061848,-0.4847237853344283,-0.6067065549256662,-0.6891581956179507,-0.619404105599677,97.7,97.73704924683892,-0.03704924683891875,0.03704924683891875
-0.564096116454596,-0.5606757398303063,-0.514152345613821,-0.5931542968472134,-0.57000439722241,95.1,95.63405402234478,-0.5340540223447903,0.5340540223447903
-0.7390293653378855,-0.745602237733314,-0.7653709137459723,-0.7090210712256892,-0.7124080258406772,90.6,90.29501438189851,0.30498561810148317,0.30498561810148317
-0.7588331293624088,-0.7389977199510637,-0.7521488838442799,-0.771920177316862,-0.7546323575821399,90.9,89.69707440232578,1.2029255976742235,1.2029255976742235
-0.7918394027366144,-0.795136121100191,-0.7389268539425881,-0.7288839468334283,-0.7190314504275734,88.4,88.65770106375801,-0.25770106375800594,0.25770106375800594
0.848572383961404,0.9253407611760032,0.9072158688180888,0.9329766456807108,0.9188862547069542,138.9,138.18192714992048,0.7180728500795226,0.7180728500795226
1.2974577018506,1.301798274764269,1.2939602434425856,1.2805769688161384,1.2779310625216165,150.9,151.96247488143112,-1.0624748814311147,1.0624748814311147
1.861864976549516,1.8433687329087909,1.8790350665924644,1.8599108407085168,1.843957888676784,169.4,169.07126007395235,0.32873992604766045,0.32873992604766045
0.8188667379246188,0.8394820300067499,0.9270489136706268,0.8866299359293204,0.8885288920170138,137.3,137.37618732186823,-0.0761873218682183,0.0761873218682183
0.673639135078114,0.6809736032327441,0.642775270784245,0.6085496774209783,0.6605726958180047,132.9,133.0864641970212,-0.18646419702119488,0.18646419702119488
-0.0161919784427827,-0.0356165761414103,-0.0579923140054402,0.0159738884567733,-0.0268835810969253,113.2,112.21387770379677,0.9861222962032343,0.9861222962032343
0.7033447811148992,0.7172984510351204,0.8047451370799745,0.7906260371585832,0.7577162564258142,134.1,133.89485285273383,0.20514714726616035,0.20514714726616035
1.0994200616053664,1.0673378934943845,1.0791022575400877,1.068706295666925,1.0726049003278362,147.0,146.02811667259397,0.971883327406033,0.971883327406033
-0.0855051525286148,-0.078545941726037,-0.084436373808825,-0.0998928859217024,-0.1162998130200234,109.3,110.11873195012653,-0.8187319501265335,0.8187319501265335
-0.623507408528166,-0.6201163998705586,-0.662900182007858,-0.6891581956179507,-0.6514173244363413,95.3,93.8503635491974,1.4496364508026005,1.4496364508026005
-0.6367099178778479,-0.6531389887818099,-0.6794277193849733,-0.6560534029383862,-0.6588686770965997,93.2,93.45829436004615,-0.2582943600461505,0.2582943600461505
-0.7951400300740352,-0.795136121100191,-0.7852039585985103,-0.8116459285323395,-0.8067918262039476,89.5,88.64088174838595,0.8591182516140492,0.8591182516140492
-0.8050419120862968,-0.8677858167049436,-0.8546196155823946,-0.9275127029108152,-0.8746819282196326,87.2,88.50037816238695,-1.3003781623869486,1.3003781623869486
0.8320692472743012,0.8427842888978749,0.8972993463918201,0.8469041847138424,0.8449246801532809,138.2,137.845850889107,0.3541491108929904,0.3541491108929904
0.2544594632257032,0.2681912418421019,0.2527253886843257,0.2675703128214639,0.2570957480662478,121.1,120.35987992371751,0.74012007628248,0.74012007628248
1.6077166715681328,1.57258350383653,1.6674825881653892,1.644729688291348,1.6041347234262515,160.9,161.3869965600162,-0.48699656001619473,0.48699656001619473
1.17863511770346,1.2027305080305146,1.128684869671433,1.1382263602940106,1.1686445568378296,148.3,148.3306806118028,-0.030680611802779367,0.030680611802779367
-0.8776557135095492,-0.8809948522694443,-0.9075077351891632,-0.9010288687671634,-0.8981398902982235,86.1,86.15101556287186,-0.051015562871867814,0.051015562871867814
-1.2704303666625956,-1.2772659192044602,-1.2975576172890824,-1.2817339845821552,-1.302168790098889,73.6,74.27615898237104,-0.6761589823710494,0.6761589823710494
0.4855033768451424,0.5224651764587374,0.5469155539969766,0.4761305067027202,0.4792564477517218,127.4,127.34473455719231,0.05526544280769485,0.05526544280769485
0.6241297250168056,0.6446487554303669,0.6163312109808612,0.6085496774209783,0.6142087237097315,131.6,131.5553947596298,0.04460524037020264,0.04460524037020264
-0.0260938604550443,-0.0058962461212839,-0.084436373808825,-0.126376720065354,-0.0936697790147948,111.8,111.94553865154109,-0.14553865154108792,0.14553865154108792
-0.9568707696076424,-0.9569468067653224,-1.0099784669272778,-0.9970327675379006,-0.9787248894387934,82.4,83.75176678017405,-1.3517667801740458,1.3517667801740458
0.544914668918712,0.5521855064788638,0.5105549717673232,0.5224772164541107,0.5314159163735296,130.4,129.17725946953433,1.2227405304656713,1.2227405304656713
-0.6037036445036423,-0.623418658761684,-0.60009553997482,-0.69908963342182,-0.6472776840695326,93.7,94.51206961448369,-0.8120696144836899,0.8120696144836899
-0.1977264820009135,-0.2139385562621673,-0.1902126130223621,-0.1892758261565263,-0.1985406683073169,106.3,106.72427002455319,-0.42427002455319496,0.42427002455319496
0.5779209422929176,0.6578577909948676,0.6791358530138983,0.7509002859431061,0.7174237568555302,130.4,129.909324279007,0.4906757209930106,0.4906757209930106
-0.0326951151298855,-0.0356165761414103,-0.031548254202056,-0.0767195310460072,-0.0732475532051985,111.3,111.74822355681299,-0.44822355681299086,0.44822355681299086
2.0632032441321697,2.0679223375053,2.146781172101731,2.1346806199489023,2.1061351119080904,176.2,175.06936360853481,1.130636391465174,1.130636391465174
-0.3066471841357919,-0.2931927696491707,-0.3158218970884382,-0.2621063700515683,-0.2512520889780326,103.0,103.3258179874694,-0.3258179874694065,0.3258179874694065
-0.9469688875953808,-0.9371332534185716,-0.9141187501400092,-0.8877869516953378,-0.9069711230807516,84.9,83.9697553165716,0.9302446834284126,0.9302446834284126
-0.0524988791544092,-0.0091985050124089,-0.0249372392512098,0.0093529299208607,-0.0208121085589375,110.9,110.9953078169055,-0.09530781690548906,0.09530781690548906
0.5878228243051796,0.5786035776078643,0.5336935240952851,0.5622029676695878,0.541627029278327,130.9,130.52323728226062,0.37676271773938197,0.37676271773938197
0.6703385077406936,0.6677645676682434,0.6262477334071298,0.631723032296673,0.6296633810791559,131.1,133.01234151452647,-1.9123415145264744,1.9123415145264744
-0.1614195812892875,-0.1809159673509159,-0.2034346429240545,-0.2356225359079168,-0.2054400689186674,106.8,107.88102710393485,-1.0810271039348578,1.0810271039348578
-0.0161919784427827,-0.0191052816857846,-0.0017986869232488,0.006042450652904,-0.0053574511895135,112.8,112.18620611444459,0.6137938855554097,0.6137938855554097
-0.8578519494850255,-0.871088075596069,-0.8612306305332408,-0.90433934803512,-0.8873768253445177,86.4,86.78372815376622,-0.3837281537662136,0.3837281537662136
-0.2175302460254372,-0.1346843428751643,-0.1207969560384783,-0.1396186371371795,-0.1438974154654234,106.6,105.91855921143814,0.6814407885618579,0.6814407885618579
-1.0822946084296234,-1.092339421301453,-1.0595610790586236,-1.073173790700899,-1.102638124418642,79.9,79.96662280683017,-0.06662280683016775,0.06662280683016775
-1.201117192576764,-1.214523000273083,-1.2347529752560449,-1.265181588242373,-1.2447657770124556,76.9,76.40847703785201,0.4915229621479966,0.4915229621479966
-0.8512506948101843,-0.8578790400315682,-0.8612306305332408,-0.8579926382837295,-0.8644708153148343,86.3,86.94681991081372,-0.6468199108137185,0.6468199108137185
-0.9172632415585956,-0.9107151822895708,-0.963701362271355,-1.020206122413596,-0.9583026636291968,85.6,84.97830039643995,0.6216996035600459,0.6216996035600459
-1.3958542054845766,-1.3796359448293392,-1.393417334076351,-1.4075321967645007,-1.4026240630001472,71.4,70.4332884051615,0.9667115948385003,0.9667115948385003
0.4656996128206188,0.3705612674669814,0.4609723596359775,0.4066104420756349,0.4188176983962957,127.0,126.96790875861721,0.03209124138278696,0.03209124138278696
0.7396516818265252,0.740414263272996,0.7551625249486288,0.7078640554596718,0.7108003322686334,135.1,135.10375961661066,-0.0037596166106652618,0.0037596166106652618
-0.2802421654364275,-0.2469611451734186,-0.3125163896130149,-0.3349369139466103,-0.3365286805343207,105.1,104.2171750972172,0.8828249027828008,0.8828249027828008
1.1522300990040952,1.1498943657725127,1.1716564668519325,1.237540738332704,1.2075571762858448,147.6,147.48649433693103,0.11350566306896326,0.11350566306896326
-0.8974594775340724,-0.89750614672507,-0.900896720238317,-0.9374441407146844,-0.923529684547992,85.8,85.5617866793999,0.2382133206000958,0.2382133206000958
1.0268062601821144,1.031013045692008,1.112157332294318,1.118363484686272,1.1145532560448446,143.7,143.66487072024233,0.035129279757654785,0.035129279757654785
-0.9106619868837548,-0.8809948522694443,-0.8942857052874712,-0.8910974309632941,-0.9044873388606656,84.8,85.07846066451484,-0.27846066451483864,0.27846066451483864
0.0036117855817404,-0.0058962461212839,-0.0348537616774793,-0.0138204249548344,0.0048536617152847,112.0,112.80601531050065,-0.8060153105006549,0.8060153105006549
0.1851462891398712,0.1856347695639736,0.1700877017987495,0.1285301835672928,0.1558125470916273,118.1,118.32740858143215,-0.22740858143215803,0.22740858143215803
0.0333174316185256,-0.0158030227946592,-0.0282427467266331,-0.0734090517780504,-0.0588967999335905,113.2,113.86208660329883,-0.6620866032988317,0.6620866032988317
-0.0789038978537736,-0.1247775662017885,-0.1274079709893245,-0.126376720065354,-0.1472091277588723,110.7,110.42515213957627,0.27484786042373344,0.27484786042373344
1.6077166715681328,1.5923970571832808,1.578233886328967,1.6513506468272603,1.6256608533336645,162.3,161.32357089926523,0.9764291007347765,0.9764291007347765
2.0797063808192724,2.0811313730698,2.0905875450195395,2.098265348001381,2.078537509462689,176.2,175.61390689732536,0.5860931026746243,0.5860931026746243
-0.3858622402338855,-0.303099546322546,-0.2133511653503235,-0.18596534688857,-0.228070102923896,102.1,100.72953087039289,1.3704691296071019,1.3704691296071019
-1.3034366400368012,-1.3003817314423365,-1.2909466023382368,-1.397600758960631,-1.360675707283138,73.7,73.31831115267295,0.3816888473270552,0.3816888473270552
0.9178855580472356,0.938549796740504,0.8873828239655506,0.8667670603215819,0.8816294914056633,140.9,140.47359475900453,0.4264052409954786,0.4264052409954786
0.4789021221703012,0.4531177397451097,0.3948622101275166,0.4066104420756349,0.4356522358879899,127.4,127.2576741591684,0.14232584083160305,0.14232584083160305
0.343576401336058,0.4035838563782327,0.4146952549800551,0.3337798981805929,0.3801810549727342,123.3,122.98421426587812,0.3157857341218744,0.3157857341218744
1.7166373737030107,1.7046738594815354,1.713759692821312,1.7705279004736925,1.740466879506532,164.6,164.61145353650733,-0.011453536507332274,0.011453536507332274
-1.1483071551780348,-1.168291375797331,-1.122365721091661,-1.1261414589882024,-1.1379630555487552,78.6,77.95397299880747,0.6460270011925218,0.6460270011925218
-0.7852381480617732,-0.772020308862315,-0.8017314959756255,-0.8017144907284698,-0.8178308671821077,91.2,88.9346326344855,2.265367365514507,2.265367365514507
1.1192238256298896,1.1003604824056357,1.0923242874417791,1.0985006090785334,1.1126214238736665,147.4,146.58784955805692,0.8121504419430892,0.8121504419430892
-0.7456306200127268,-0.7290909432776883,-0.7422323614180109,-0.8215773663362088,-0.7987885214947812,89.9,90.16819996470453,-0.2681999647045217,0.2681999647045217
-0.2472358920622219,-0.2568679218467939,-0.3323494344655535,-0.3216949968747843,-0.2863010440836916,105.9,105.25872662322948,0.6412733767705276,0.6412733767705276
-0.128413307915082,-0.1313820839840389,-0.1406300008910164,-0.1363081578692232,-0.1292706861693622,109.0,108.80502423480124,0.19497576519876247,0.19497576519876247
0.518509650219348,0.5587900242611137,0.579970628751207,0.5754448847414138,0.5794357446285263,129.1,128.26210155967252,0.8378984403274785,0.8378984403274785
-0.0293944877924651,-0.0356165761414103,-0.0679088364317098,-0.0568566554382682,-0.0691079128383884,112.9,111.83965072710939,1.060349272890619,1.060349272890619
2.323952803788394,2.375032414379937,2.358333650528806,2.3631036894378976,2.370244167310572,182.9,182.89393672849235,0.006063271507656509,0.006063271507656509
-0.1482170719396051,-0.1346843428751643,-0.0712143439071326,-0.0734090517780504,-0.1143679808488457,108.3,108.14323048440708,0.15676951559291297,0.15676951559291297
2.086307635494114,2.07452685528755,2.100504067445808,2.078402472393643,2.0953720469543837,176.0,175.8327920710101,0.16720792898991022,0.16720792898991022
1.1753344903660397,1.179614695792639,1.1518234219993944,1.1249844432221845,1.1669887006911062,147.7,148.26503335397268,-0.5650333539726944,0.5650333539726944
0.495405258857404,0.4993493642208613,0.5237770016690155,0.5059248201143285,0.4916753688521535,128.2,127.67617237329691,0.5238276267030813,0.5238276267030813
-0.0194926057802036,-0.0257097994680345,0.0048123280275972,0.006042450652904,-0.0045295231161508,111.0,112.08823297770333,-1.0882329777033277,1.0882329777033277
-0.4650772963319792,-0.4583057142054273,-0.4612642260070519,-0.4706665639328246,-0.4775524290303186,98.8,98.61541966043188,0.18458033956811448,0.18458033956811448
0.449196476133516,0.4828380697652356,0.5171659867181698,0.565513446937544,0.5272762760067194,124.9,126.14178540961329,-1.2417854096132857,1.2417854096132857
-0.7357287380004648,-0.7522067555155639,-0.7025662717129342,-0.6494324444024732,-0.6674239338546746,90.6,90.36676319405049,0.23323680594950247,0.23323680594950247
-0.9997789249941096,-1.0031784312410743,-0.9802288996484704,-0.95068605778651,-0.9538870472379328,82.4,82.38621303325897,0.013786966741037077,0.013786966741037077
1.1621319810163573,1.1697079191192632,1.2179335715078552,1.260714093208399,1.1951382551854146,148.0,147.79287685335964,0.20712314664035603,0.20712314664035603
-0.742329992675306,-0.7621135321889397,-0.7223993165654727,-0.752057301709123,-0.7571161418022265,87.9,90.26878182312697,-2.368781823126966,2.368781823126966
0.4161902027593104,0.4101883741604826,0.4312227923571703,0.3735056493960704,0.3879083836574459,125.8,125.32800739723967,0.4719926027603236,0.4719926027603236
1.2083407637402452,1.189521472466014,1.221239078983278,1.2673350517443125,1.2224598816063617,150.2,149.24880574920672,0.9511942507932645,0.9511942507932645
-0.5706973711294367,-0.577187034285932,-0.5670404652205895,-0.5302551907560411,-0.5730401334914046,96.1,95.41460103510929,0.6853989648907088,0.6853989648907088
1.12252445296731,1.1465921068813878,1.1617399444256638,1.1911940285813136,1.178855669742628,146.6,146.55872153640797,0.04127846359202181,0.04127846359202181
-1.1384052731657732,-1.1352687868860796,-1.1355877509933534,-1.1890405650793747,-1.1628008977496154,78.5,78.26931449012625,0.23068550987375147,0.23068550987375147
1.2644514284763944,1.2621711680707677,1.2939602434425856,1.2805769688161384,1.266892021543457,148.7,150.95003144939386,-2.250031449393873,2.250031449393873
0.0168142949314228,-0.0587323883792859,-0.084436373808825,-0.0303728212946167,-0.052549351371148,112.2,113.35454528649274,-1.1545452864927341,1.1545452864927341
-0.2241315007002779,-0.2205430740444176,-0.2431007326291311,-0.2290015773720038,-0.2189628941169136,106.0,105.89221684430066,0.10778315569933739,0.10778315569933739
-0.6763174459268948,-0.672952542128561,-0.6562891670570119,-0.5997752553831265,-0.6376185232136412,92.2,92.16209850011046,0.03790149988954283,0.03790149988954283
-0.9007601048714928,-0.89750614672507,-0.900896720238317,-0.9242022236428584,-0.9232537085235378,84.4,85.44959890572954,-1.049598905729539,1.049598905729539
0.3369751466612172,0.3738635263581064,0.3750291652749785,0.4132314006115474,0.4017071848801455,121.4,122.75996753843437,-1.3599675384343612,1.3599675384343612
1.05981253355632,1.0607333757121344,1.115462839769741,1.0985006090785334,1.078124420816917,144.8,144.737318300649,0.06268169935100332,0.06268169935100332
-0.0359957424673064,-0.0620346472704113,-0.0348537616774793,-0.0237518627587037,-0.0263316290480182,111.4,111.62108646693255,-0.2210864669325474,0.2210864669325474
-0.1119101712279792,-0.1148707895284132,-0.1472410158418626,-0.1594815127449185,-0.1295466621938164,110.2,109.32693674714146,0.8730632528585431,0.8730632528585431
-1.389252950809736,-1.3829382037204647,-1.409944871453466,-1.410842676032457,-1.4081435834892275,70.0,70.6559807206798,-0.655980720679807,0.655980720679807
-0.3891628675713059,-0.3856560186006743,-0.4447366886299367,-0.5103923151483022,-0.4681692441988815,101.1,100.99882637035557,0.10117362964442123,0.10117362964442123
0.1719437797901892,0.165821216217223,0.1205050896674039,0.0821834738159023,0.1033771024453658,117.6,117.97373109952362,-0.37373109952362427,0.37373109952362427
0.4756014948328804,0.4465132219628593,0.4741943895376699,0.3999894835397219,0.4370321160102586,126.2,127.17428154910829,-0.9742815491082837,0.9742815491082837
-0.2109289913505959,-0.2139385562621673,-0.2298787027274387,-0.2885902041952198,-0.2689145545430885,107.1,106.37652661337803,0.7234733866219614,0.7234733866219614
-0.7522318746875676,-0.7852293444268152,-0.7455378688934342,-0.8248878456041651,-0.7844377682231728,90.3,90.01991326821783,0.2800867317821627,0.2800867317821627
-1.389252950809736,-1.343311097026963,-1.3603622593221203,-1.3413226114053718,-1.3399775054490877,70.0,70.53074224688801,-0.5307422468880105,0.5307422468880105
-1.0855952357670444,-1.1121529746482035,-1.1421987659441997,-1.1493148138638971,-1.137687079524301,80.4,79.92541299409865,0.4745870059013555,0.4745870059013555
0.5350127869064508,0.5554877653699887,0.599803673603746,0.5886868018132397,0.5620492550879247,128.9,128.8187875753623,0.08121242463769818,0.08121242463769818
0.7957623465626753,0.7833436288576231,0.7485515099977831,0.7078640554596718,0.7364661025428562,136.2,136.8522017090516,-0.6522017090516101,0.6522017090516101
0.729749799814264,0.740414263272996,0.7121909277681289,0.7277269310674104,0.7237712054179712,134.8,134.75595020738518,0.04404979261482822,0.04404979261482822
-0.8413488127979227,-0.821554192229192,-0.8413975856807022,-0.8281983248721217,-0.8269380759890896,88.0,87.18207813650625,0.8179218634937513,0.8179218634937513
-0.8512506948101843,-0.9008084056161948,-0.9042022277137404,-0.8745450346235119,-0.9044873388606656,87.6,87.03755267739112,0.5624473226088753,0.5624473226088753
-1.0195826890186332,-0.9866671367854488,-0.9802288996484704,-0.9904118090019876,-1.0184654369601704,82.2,81.78306210586078,0.4169378941392239,0.4169378941392239
-1.244025347963231,-1.27066140142221,-1.2777245724365445,-1.1824196065434618,-1.2185480546893248,75.9,75.03099642611971,0.8690035738802919,0.8690035738802919
-0.1350145625899232,-0.1214753073106636,-0.0480757915791712,-0.0965824066537457,-0.0967055152837884,106.4,108.55253970558354,-2.1525397055835356,2.1525397055835356
-0.2076283640131751,-0.1941250029154166,-0.1836015980715164,-0.192586305424483,-0.1902613875736967,107.2,106.36890226828616,0.8310977317138395,0.8310977317138395
-0.8380481854605024,-0.8347632277936923,-0.8645361380086637,-0.8679240760875988,-0.8539837263855822,87.0,87.33924583665039,-0.33924583665039165,0.33924583665039165
-0.623507408528166,-0.6135118820883086,-0.5769569876468585,-0.6063962139190394,-0.6147125131839588,93.0,93.79942849338823,-0.7994284933882341,0.7994284933882341
2.5979048727943006,2.626004090105447,2.5897191738084198,2.5650429247832407,2.5984763395340367,190.7,191.26940735483402,-0.569407354834027,0.569407354834027
-0.6136055265159044,-0.6531389887818099,-0.6496781521061656,-0.6726057992781684,-0.6641122215612267,93.9,94.22709019836446,-0.3270901983644592,0.3270901983644592
1.9740863060218148,1.9556455352070452,1.9616727534780405,1.9823985736229053,1.9662152675099085,172.4,172.45023706778622,-0.050237067786213174,0.050237067786213174
-0.0987076618782967,-0.0983594950727876,-0.1009639111859402,-0.1594815127449185,-0.1281667820715453,109.9,109.74170718117468,0.15829281882533053,0.15829281882533053
-0.2010271093383344,-0.1478933784396646,-0.1538520307927088,-0.1627919920128747,-0.1458292476366025,106.7,106.478685885081,0.22131411491899655,0.22131411491899655
-0.0987076618782967,-0.0983594950727876,-0.1174914485630554,-0.0535461761703119,-0.0586208239091363,109.7,109.64725452732924,0.05274547267076457,0.05274547267076457
0.5680190602806564,0.5753013187167393,0.6097201960300146,0.5721344054734575,0.5835753849953365,130.2,129.8573619657179,0.34263803428208917,0.34263803428208917
2.1721239462670483,2.1868036575858047,2.2029747991839232,2.17440637116438,2.177612902241677,179.0,178.39529154899452,0.6047084510054788,0.6047084510054788
0.921186185384656,0.9154339845026284,0.8873828239655506,0.8502146639817996,0.8741781387454053,140.9,140.62507904239627,0.27492095760374013,0.27492095760374013
-0.0855051525286148,-0.0884527183994123,-0.1207969560384783,-0.1495500749410492,-0.1204394533868335,110.1,110.1455410075141,-0.04554100751410317,0.04554100751410317
1.2974577018506,1.2687756858530173,1.2410721238358162,1.1779521115094875,1.1810634779382598,151.7,152.11224639958175,-0.4122463995817611,0.4122463995817611
1.1258250803047312,1.136685330208012,1.075796750064664,1.0554643785950992,1.0582541470562277,146.6,146.8082645593724,-0.2082645593723953,0.2082645593723953
0.4392945941212544,0.4795358108741107,0.4378338073080166,0.4099209213435912,0.4411717563770687,126.6,125.93042574802246,0.6695742519775365,0.6695742519775365
-0.6631149365772128,-0.672952542128561,-0.60009553997482,-0.6097066931869957,-0.6036734722057978,92.7,92.57803181315309,0.1219681868469138,0.1219681868469138
-0.2472358920622219,-0.2403566273911682,-0.2166566728257468,-0.2190701395681345,-0.2487683047579465,105.1,105.19214113291397,-0.09214113291398007,0.09214113291398007
-1.283632876012278,-1.3069862492245867,-1.32730718456789,-1.2817339845821552,-1.304100622270067,74.1,73.88323861305508,0.21676138694490987,0.21676138694490987
0.3336745193237964,0.2780980185154773,0.2857804634385562,0.2576388750175946,0.2703425972400393,122.8,122.92882085846153,-0.12882085846153757,0.12882085846153757
-1.3265410313987451,-1.3102885081157116,-1.333918199518736,-1.3479435699412845,-1.3297663925442893,72.6,72.5291704806418,0.07082951935819892,0.07082951935819892
-1.3232404040613248,-1.3036839903334614,-1.3471402294204282,-1.2684920675103295,-1.2886459649006428,73.0,72.56575702571777,0.4342429742822276,0.4342429742822276
2.116013281530899,2.1042471853076763,2.0839765300686928,2.094954868733425,2.0959239990032907,175.2,176.75177729067718,-1.5517772906771938,1.5517772906771938
-1.141705900503194,-1.1385710457772047,-1.1719483332230067,-1.1162100211843329,-1.1247162063749627,78.7,78.10489244500835,0.5951075549916567,0.5951075549916567
-0.1449164446021847,-0.1247775662017885,-0.1241024635139012,-0.1296871993333102,-0.133686302560626,108.3,108.26176682716468,0.03823317283531935,0.03823317283531935
-0.2472358920622219,-0.2832859929757954,-0.2497117475799773,-0.2488644529797428,-0.2471124486112225,104.2,105.25451014567511,-1.0545101456751098,1.0545101456751098
-0.9502695149328012,-0.9569468067653224,-0.963701362271355,-0.963927974858336,-0.9861762420990514,83.0,83.97084952219676,-0.9708495221967581,0.9708495221967581
-0.9865764156444276,-0.9899693956765736,-1.0165894818781236,-1.0102746846097266,-1.027848621791606,83.8,82.87230800323647,0.927691996763528,0.927691996763528
-0.6367099178778479,-0.6630457654551857,-0.6595946745324347,-0.69908963342182,-0.7021969129358788,94.0,93.52528049288864,0.47471950711135946,0.47471950711135946
-0.1845239726512316,-0.1941250029154166,-0.1836015980715164,-0.113134802993528,-0.1430694873920622,107.6,107.05821914682781,0.5417808531721846,0.5417808531721846
1.290856447175759,1.2918914980908938,1.2774327060654704,1.2276093005288342,1.2729634940814452,151.1,151.77916479644867,-0.6791647964486742,0.6791647964486742
1.1951382543905629,1.1928237313571397,1.128684869671433,1.068706295666925,1.1167610642404775,148.9,148.9482097060043,-0.04820970600428609,0.04820970600428609
-0.0293944877924651,-0.0323143172502849,-0.0381592691529022,-0.0105099456868782,-0.0023217149205189,112.5,111.77026835981641,0.7297316401835872,0.7297316401835872
-0.976674533632166,-0.9602490656564476,-0.9306462875171244,-0.9175812651069456,-0.9563708314580186,83.8,83.08025083219707,0.7197491678029309,0.7197491678029309
0.495405258857404,0.4993493642208613,0.470888882062247,0.4893724237745462,0.4864318243875265,127.5,127.67644813604703,-0.17644813604702847,0.17644813604702847
-0.8644532041598667,-0.8512745222493179,-0.7620654062705494,-0.7884725736566442,-0.7960287612502408,85.6,86.44553060607649,-0.845530606076494,0.845530606076494
0.0993299783669368,0.1261941095237213,0.0841445074377505,-0.0138204249548344,0.0219641752314336,115.5,115.75151268188262,-0.2515126818826161,0.2515126818826161
-0.9568707696076424,-0.9602490656564476,-1.0066729594518544,-0.9606174955903798,-0.959682543751467,83.6,83.72952273163976,-0.12952273163976713,0.12952273163976713
2.452677269947796,2.4509843688758157,2.4376658299389597,2.4425551918688524,2.4337186529349952,186.3,186.9239419114403,-0.6239419114402835,0.6239419114402835
0.1323362517411424,0.1327986273059717,0.1667821943233267,0.1881188103905088,0.1682314681920576,115.8,116.64812144889717,-0.8481214488971744,0.8481214488971744
0.4161902027593104,0.4266996686161083,0.4345282998325932,0.4926829030425025,0.473736927262642,125.2,125.19629315307046,0.003706846929546259,0.003706846929546259
-1.05919021706768,-1.0163874668055746,-0.967006869746778,-0.9606174955903798,-1.0027348035662915,81.4,80.51204036265946,0.8879596373405434,0.8879596373405434
1.261150801138974,1.2258463202683911,1.2113225565570094,1.1746416322415312,1.195690207234323,150.8,150.97133239051962,-0.17133239051960913,0.17133239051960913
1.049910651544058,1.0607333757121344,1.075796750064664,1.0190491066475784,1.052734626567147,144.4,144.4537474417324,-0.05374744173238355,0.05374744173238355
1.049910651544058,1.031013045692008,1.0129921080316266,1.0223595859155348,1.0485949862003368,144.4,144.48649329125573,-0.0864932912557208,0.0864932912557208
0.7165472904645817,0.7040894154706197,0.6659138231122069,0.591997281081196,0.6288354530057937,134.1,134.48980547471714,-0.38980547471715,0.38980547471715
0.8617748933110865,0.8659001011357514,0.9270489136706268,0.8733880188574944,0.905363429508708,139.2,138.7296581319687,0.47034186803128364,0.47034186803128364
-0.069002015841512,-0.02901205835916,-0.0051041943986717,0.012663409188817,-0.0166724681921274,110.7,110.48356753364493,0.21643246635507296,0.21643246635507296
-1.402455460159418,-1.4027517570672152,-1.3702787817483897,-1.404221717496544,-1.402348086975693,70.6,70.25302038854946,0.3469796114505357,0.3469796114505357
-0.7093237193011004,-0.7852293444268152,-0.7918149735493566,-0.818266887068252,-0.8032041378860455,90.5,91.42507710313679,-0.9250771031367861,0.9250771031367861
-0.6763174459268948,-0.7092773899309373,-0.7190938090900495,-0.7388153846372975,-0.7170996182563958,90.9,92.31210991023903,-1.4121099102390247,1.4121099102390247
-0.6565136819023716,-0.699370613257562,-0.686038734335819,-0.7487468224411667,-0.7005410567891553,93.3,92.93982692631366,0.3601730736863402,0.3601730736863402
-1.3562466774355304,-1.3598223914825889,-1.3669732742729668,-1.410842676032457,-1.3868934296062685,72.5,71.69069971409402,0.8093002859059766,0.8093002859059766
-0.5872005078165395,-0.6069073643060583,-0.6397616296798966,-0.6163276517229087,-0.6279593623577513,93.8,94.97781863348558,-1.177818633485586,1.177818633485586
2.30414903976387,2.2990804598840597,2.312056545872883,2.3101360211505946,2.3042858974660665,182.2,182.41721420742476,-0.21721420742477449,0.21721420742477449
-0.7918394027366144,-0.77532256775344,-0.7620654062705494,-0.7487468224411667,-0.7571161418022265,88.4,88.66373024094942,-0.263730240949414,0.263730240949414
0.2049500531643948,0.2120528406929746,0.193226254126711,0.2344655201418994,0.2303260736942076,119.2,118.84513401838609,0.35486598161391214,0.35486598161391214
-0.0095907237679415,0.0007082716609663,0.0081178355030206,0.012663409188817,-0.0114289237275004,112.1,112.37853769753008,-0.2785376975300835,0.2785376975300835
0.4524971034709368,0.463024516418485,0.470888882062247,0.4066104420756349,0.4408957803526154,126.2,126.39143838046694,-0.19143838046693418,0.19143838046693418
-0.151517699277026,-0.1445911195485396,-0.1042694186613631,-0.1429291164051362,-0.0851145222567208,109.8,108.0417742078253,1.7582257921746987,1.7582257921746987
-0.1350145625899232,-0.1445911195485396,-0.1571575382681316,-0.1661024712808315,-0.1532806002968605,107.9,108.63457835276522,-0.7345783527652117,0.7345783527652117
0.2544594632257032,0.2450754296042259,0.2229758214055186,0.1881188103905088,0.2140434882514219,120.8,120.44803465102504,0.35196534897495724,0.35196534897495724
-1.197816565239343,-1.2244297769464585,-1.2380584827314678,-1.1890405650793747,-1.20171351719763,76.9,76.46937299696836,0.43062700303164547,0.43062700303164547
0.1851462891398712,0.1790302517817233,0.1965317616021338,0.1914292896584656,0.1969329747352731,117.9,118.28713385756794,-0.3871338575679317,0.3871338575679317
-0.5079854517184463,-0.527653150919055,-0.5108468381383977,-0.5302551907560411,-0.5407509386302851,97.1,97.37487759471185,-0.27487759471185313,0.27487759471185313
-0.5475929797674932,-0.5408621864835557,-0.5339853904663591,-0.4375617712532601,-0.4819680454215825,96.9,96.01853479877293,0.8814652012270727,0.8814652012270727
-0.23403338271254,-0.2073340384799169,-0.1207969560384783,-0.0700985725100942,-0.1116082206043049,105.3,105.4325879577238,-0.13258795772379983,0.13258795772379983
-0.9832757883070068,-0.9767603601120732,-1.0000619445010084,-1.020206122413596,-1.005218587786378,82.5,82.9489969183233,-0.4489969183233029,0.4489969183233029
1.1984388817279832,1.179614695792639,1.198100526655317,1.131605401758098,1.1443586666858785,148.4,149.04364390431724,-0.64364390431723,0.64364390431723
-0.1812233453138107,-0.1842182262420413,-0.1472410158418626,-0.0568566554382682,-0.1058127240907713,108.9,107.10964171710303,1.7903582828969746,1.7903582828969746
0.6868416444277964,0.684275862123869,0.6791358530138983,0.7012430969237593,0.700589219363835,132.1,133.45619046551624,-1.3561904655162493,1.3561904655162493
-1.389252950809736,-1.4060540159583408,-1.409944871453466,-1.410842676032457,-1.4053838232446876,70.5,70.68601192693498,-0.18601192693498092,0.18601192693498092
-1.1648102918651375,-1.1649891169062057,-1.1322822435179305,-1.146004334595941,-1.138515007597663,77.6,77.4159828785736,0.18401712142639326,0.18401712142639326
1.4888940874209928,1.4966315493406517,1.4526246022628913,1.4394799736780477,1.464214879028071,158.3,157.75963964926765,0.5403603507323567,0.5403603507323567
1.908073759273404,1.9127161696224184,1.8625075292153488,1.8863946748521685,1.893081621029596,168.9,170.43004626498055,-1.530046264980541,1.530046264980541
-1.3265410313987451,-1.3565201325914638,-1.3570567518466976,-1.3942902796926748,-1.3799940289949184,71.9,72.64606297925006,-0.7460629792500555,0.7460629792500555
-0.5905011351539604,-0.623418658761684,-0.6331506147290504,-0.6593638822063425,-0.6690797900013981,94.1,94.94217391758193,-0.8421739175819312,0.8421739175819312
1.0928188069305256,1.1069650001878857,1.1319903771468562,1.0322910237194045,1.0841958933549043,145.2,145.7688930044473,-0.5688930044473182,0.5688930044473182
-1.1086996271289884,-1.1253620102127044,-1.0826996313865844,-1.1261414589882024,-1.123612302277147,80.7,79.18149385517117,1.5185061448288337,1.5185061448288337
0.7396516818265252,0.7602278166197466,0.7584680324240517,0.7244164517994541,0.7455733113498386,134.7,135.04262464613964,-0.3426246461396545,0.3426246461396545
-0.8149437940985583,-0.847972263358193,-0.8116480184018952,-0.8017144907284698,-0.8040320659594072,87.6,88.05839742417507,-0.45839742417507523,0.45839742417507523
-0.953570142270222,-0.9470400300919468,-0.9769233921730474,-1.023516601681552,-0.9839684339034196,82.5,83.86433845530588,-1.3643384553058837,1.3643384553058837
2.6210092641562444,2.612795054540947,2.6062467111855345,2.614700113802588,2.6277297981261603,192.2,192.00452085960342,0.19547914039657144,0.19547914039657144
0.0300168042811047,0.0073127894432167,-0.0282427467266331,-0.0369937798305297,-0.0136367319231337,114.1,113.67300227077702,0.4269977292229754,0.4269977292229754
-0.6961212099514184,-0.699370613257562,-0.7223993165654727,-0.685847716349994,-0.7049566731804192,91.9,91.6244281086672,0.27557189133280247,0.27557189133280247
-0.5838998804791191,-0.6003028465238079,-0.6100120624010891,-0.6030857346510827,-0.5989818797900807,95.7,95.0533808242326,0.6466191757673982,0.6466191757673982
0.5944240789800204,0.5620922831522386,0.5766651212757842,0.6085496774209783,0.6166925079298172,130.8,130.6924496042825,0.10755039571751013,0.10755039571751013
-0.3957641222461471,-0.3625402063627982,-0.4546532110562057,-0.5037713566123891,-0.4659614360032492,100.0,100.74541534614148,-0.7454153461414847,0.7454153461414847
-0.0756032705163527,-0.0917549772905372,-0.1174914485630554,-0.1495500749410492,-0.1342382546095345,110.4,110.48521205618822,-0.0852120561882117,0.0852120561882117
0.0498205683056284,0.0601489317012186,0.0048123280275972,0.0027319713849477,0.0175485588401702,113.8,114.21264926555067,-0.4126492655506695,0.4126492655506695
-0.6961212099514184,-0.6564412476729353,-0.6496781521061656,-0.6229486102588216,-0.645345851898353,92.7,91.50787271023356,1.1921272897664466,1.1921272897664466
-0.6796180732643156,-0.696068354366437,-0.6496781521061656,-0.6659848407422555,-0.6721155262703932,90.4,92.13768462123805,-1.7376846212380457,1.7376846212380457
-0.7720356387120911,-0.77532256775344,-0.7422323614180109,-0.7851620943886876,-0.7728467751961047,89.5,89.33812603772526,0.16187396227473982,0.16187396227473982
-0.4551754143197171,-0.4417944197498016,-0.3554879867935144,-0.3117635590709151,-0.3655061631019914,98.5,98.79053477618206,-0.2905347761820565,0.2905347761820565
0.4194908300967312,0.4531177397451097,0.3518906129470171,0.3503322945203752,0.38680447955963,125.2,125.37000022735269,-0.17000022735268772,0.17000022735268772
-0.2934446747861099,-0.276681475193545,-0.256322762530823,-0.2753482871233943,-0.2675346744208188,103.6,103.76177611460783,-0.16177611460783226,0.16177611460783226
1.0004012414827497,0.978176903434006,1.0030755856053573,1.009117668843709,1.009130414703414,144.2,142.98000643864017,1.2199935613598143,1.2199935613598143
-0.8677538314972871,-0.8578790400315682,-0.8975912127628941,-0.8877869516953378,-0.8884807294423331,86.3,86.43131112134967,-0.13131112134966827,0.13131112134966827
0.1983487984895536,0.192239287346224,0.193226254126711,0.1351511421032058,0.1585723073361667,119.4,118.74864832431173,0.6513516756882751,0.6513516756882751
-0.4485741596448764,-0.4550034553143019,-0.471180748433321,-0.5501180663637797,-0.522812497040775,99.2,99.21046088487101,-0.010460884871008602,0.010460884871008602
0.673639135078114,0.6776713443416182,0.6493862857350917,0.6118601566889346,0.6293874050547021,133.0,133.1169212596247,-0.11692125962468936,0.11692125962468936
0.5647184329432361,0.5686968009344894,0.6031091810791689,0.6251020737607605,0.5951663780224045,128.9,129.73109647721267,-0.8310964772126681,0.8310964772126681
-0.1647202086267079,-0.1313820839840389,-0.1505465233172859,-0.1594815127449185,-0.1458292476366025,106.5,107.63976164186639,-1.1397616418663858,1.1397616418663858
0.3237726373115348,0.3342364196646046,0.332057568094479,0.2775017506253331,0.2990441037832567,122.3,122.50540165575913,-0.2054016557591325,0.2054016557591325
1.0334075148569553,0.991385938998506,0.9468819585231658,1.0190491066475784,1.0022310140920645,143.9,144.03100735118835,-0.1310073511883445,0.1310073511883445
0.3996870660722076,0.3210273841001044,0.32214104566821,0.2874331884292024,0.319466329592852,124.9,124.97901233775792,-0.07901233775791638,0.07901233775791638
0.2643613452379648,0.2780980185154773,0.2923914783894024,0.2443969579457686,0.2524041556505287,120.5,120.68749047487006,-0.1874904748700601,0.1874904748700601
0.1752444071276096,0.169123475108348,0.1800042242250186,0.1881188103905088,0.1850660056837512,117.9,117.9858256056421,-0.08582560564209984,0.08582560564209984
-0.4320710229577736,-0.4186786075119256,-0.4017650914494372,-0.1528605542090055,-0.4077304948434541,100.1,99.48752455068717,0.612475449312825,0.612475449312825
-0.8050419120862968,-0.821554192229192,-0.8347865707298561,-0.8513716797478166,-0.8572954386790306,89.0,88.40040200157318,0.599597998426816,0.599597998426816
1.1918376270531426,1.189521472466014,1.264210676163778,1.2971293651559206,1.2608205490054685,149.1,148.67670541132267,0.4232945886773223,0.4232945886773223
0.6043259609922824,0.6347419787569921,0.642775270784245,0.6383439908325865,0.6053774909272028,131.5,130.9254587612844,0.5745412387155966,0.5745412387155966
0.0201149222688432,0.0007082716609663,0.0015068205521744,0.0292158055285993,0.0109251342532725,113.0,113.32283032900673,-0.3228303290067345,0.3228303290067345
-1.2737309940000163,-1.2904749547689611,-1.3140851546661978,-1.205592961419157,-1.2397982085722832,74.4,74.10799450336373,0.2920054966362784,0.2920054966362784
-1.3232404040613248,-1.3135907670068363,-1.333918199518736,-1.2883549431180683,-1.272915331506764,72.2,72.57536730678626,-0.3753673067862593,0.3753673067862593
-1.3562466774355304,-1.366426909264839,-1.393417334076351,-1.4075321967645007,-1.395448686364343,71.5,71.70123230687818,-0.2012323068781825,0.2012323068781825
-0.1449164446021847,-0.0818482006171619,-0.1538520307927088,-0.2124491810322215,-0.1717709939352786,107.8,108.25457826859514,-0.4545782685951423,0.4545782685951423
0.5680190602806564,0.5753013187167393,0.5469155539969766,0.6019287188850657,0.5926825938023188,129.6,129.82910424701146,-0.22910424701146326,0.22910424701146326
-0.0029894690931008,-0.0158030227946592,-0.0017986869232488,-0.0071994664189214,-0.0086691634829609,112.4,112.6193653825843,-0.21936538258430005,0.21936538258430005
-0.9403676329205396,-0.943737771200822,-0.963701362271355,-1.0069642053417698,-1.0030107795907457,84.1,84.30322643020645,-0.20322643020645614,0.20322643020645614
1.0994200616053664,1.0970582235145108,1.0890187799663562,1.065395816398969,1.0615658593496755,144.8,145.99851276064317,-1.1985127606431547,1.1985127606431547
0.2643613452379648,0.2516799473864763,0.2461143737334795,0.2642598335535072,0.2581996521640633,120.8,120.70502190791531,0.09497809208468766,0.09497809208468766
-1.0195826890186332,-1.042805537934576,-1.0430335416815084,-1.0003432468058568,-1.0352999744518647,81.1,81.86747442914574,-0.76747442914575,0.76747442914575
-1.3001360126993808,-1.280568178095585,-1.2975576172890824,-1.2817339845821552,-1.300512933952165,72.7,73.31016254385158,-0.6101625438515725,0.6101625438515725
-0.871054458834708,-0.894203887833945,-0.9339517949925474,-0.9208917443749024,-0.9108347874231076,87.2,86.39704889447357,0.8029511055264322,0.8029511055264322
-0.6070042718410632,-0.6102096231971833,-0.6430671371553195,-0.6626743614742993,-0.6296152185044753,92.2,94.35198175565165,-2.151981755651647,2.151981755651647
-0.5112860790558668,-0.5078395975723043,-0.4612642260070519,-0.4408722505212168,-0.4425034739246583,94.6,97.13841508318318,-2.5384150831831818,2.5384150831831818
0.1686431524527684,0.1526121806527223,0.1205050896674039,0.1252197042993365,0.1342864171842146,117.2,117.8451271382363,-0.6451271382362904,0.6451271382362904
-0.801741284748876,-0.7918338622090656,-0.7719819286968185,-0.7355049053693408,-0.7618077342179441,89.3,88.36157207830324,0.938427921696757,0.938427921696757
0.5713196876180768,0.5852080953901151,0.5667485988495156,0.4926829030425025,0.5336237245691615,130.2,130.01040303261175,0.1895969673882405,0.1895969673882405
2.611107382143983,2.612795054540947,2.6227742485626497,2.618010593070544,2.625797965954985,192.1,191.6848992074569,0.4151007925430861,0.4151007925430861
1.1885369997157211,1.1564988835547625,1.303876765868854,1.2805769688161384,1.2834505830106973,147.8,148.60886226377124,-0.8088622637712319,0.8088622637712319
1.307359583862862,1.2522643913973917,1.237766616360393,1.237540738332704,1.2707556858858131,151.7,152.36460516872586,-0.6646051687258705,0.6646051687258705
-0.399064749583568,-0.3559356885805479,-0.1538520307927088,-0.1528605542090055,-0.3770971561290595,99.6,100.49547692040088,-0.8954769204008812,0.8954769204008812
-0.7555325020249883,-0.7654157910800646,-0.8017314959756255,-0.9175812651069456,-0.8595032468746625,91.0,89.96636467465953,1.0336353253404695,1.0336353253404695
-0.5706973711294367,-0.5936983287415576,-0.60009553997482,-0.6461219651345169,-0.6279593623577513,95.7,95.51446294756181,0.18553705243819252,0.18553705243819252
1.1093219436176285,1.1069650001878857,1.0592692126875487,1.0753272542028378,1.049422914273699,146.0,146.30929071093155,-0.30929071093154903,0.30929071093154903
1.3667708759364317,1.3150073103287694,1.2774327060654704,1.2805769688161384,1.2914538877198627,154.7,154.19149367450706,0.508506325492931,0.508506325492931
-0.5508936071049135,-0.5804892931770573,-0.5538184353188972,-0.5434971078278666,-0.530263849701033,97.8,96.03669198881667,1.7633080111833266,1.7633080111833266
0.2082506805018152,0.2252618762574753,0.2593364036351719,0.2443969579457686,0.2656510048243208,119.2,118.91374506404978,0.28625493595022533,0.28625493595022533
-1.1384052731657732,-1.1517800813417054,-1.1587263033213149,-1.096347145576594,-1.1216804701059686,78.1,78.22449015504418,-0.12449015504418526,0.12449015504418526
-0.2043277366757547,-0.1974272618065416,-0.2034346429240545,-0.1892758261565263,-0.2013004285518572,107.1,106.48573597715047,0.6142640228495253,0.6142640228495253
-1.2110190745890257,-1.194709446926332,-1.1983923930263911,-1.225455837026896,-1.2356585682054733,76.6,76.04383975943989,0.5561602405601036,0.5561602405601036
0.7891610918878336,0.7668323344019974,0.7221074501943984,0.6747592627801073,0.7102483802197259,137.0,136.68750032469313,0.3124996753068672,0.3124996753068672
0.165342525115348,0.1592166984349727,0.1535601644216343,0.1351511421032058,0.1403578897222024,117.5,117.72585720865973,-0.22585720865973258,0.22585720865973258
-0.6862193279391563,-0.7125796488220627,-0.662900182007858,-0.5368761492919537,-0.5791116060293919,92.0,91.82468429683414,0.17531570316586453,0.17531570316586453
2.158921436917366,2.160385586456804,2.140170157150885,2.1280596614129896,2.1580186045054424,177.9,178.02139758439031,-0.12139758439030857,0.12139758439030857
-1.4090567148342592,-1.4093562748494657,-1.409944871453466,-1.410842676032457,-1.1031900764675502,70.1,69.79508416402982,0.3049158359701778,0.3049158359701778
-0.871054458834708,-0.8380654866848176,-0.8413975856807022,-0.8513716797478166,-0.8341134526248943,86.3,86.2492972375772,0.050702762422801584,0.050702762422801584
-0.7753362660495116,-0.7819270855356903,-0.7587598987951261,-0.7686096980489052,-0.7855416723209887,89.2,89.2418742561011,-0.04187425610109585,0.04187425610109585
-0.3330522028351568,-0.3328198763426723,-0.3422659568918225,-0.3051426005350021,-0.3114148623090064,102.6,102.57847365461778,0.021526345382213208,0.021526345382213208
-0.8974594775340724,-0.9008084056161948,-0.953784839845086,-1.0268270809495088,-0.9903158824658616,85.6,85.64092833442886,-0.04092833442886956,0.04092833442886956
-0.8083425394237171,-0.847972263358193,-0.887674690336625,-0.9142707858389894,-0.9050392909095736,88.2,88.37991185460544,-0.1799118546054359,0.1799118546054359
2.399867232549067,2.3783346732710617,2.3318895907254213,2.3233779382224204,2.325812027373478,185.5,185.41105496156996,0.08894503843004031,0.08894503843004031
-0.3957641222461471,-0.4351899019675513,-0.471180748433321,-0.4839084810046506,-0.4527145868294581,101.1,100.8266934724997,0.2733065275002957,0.2733065275002957
-0.682918700601736,-0.672952542128561,-0.662900182007858,-0.6361905273306472,-0.611400800890511,91.4,91.93563367581612,-0.5356336758161149,0.5356336758161149
1.05981253355632,1.0706401523855094,1.0394361678350106,0.99918623103984,1.017409695437035,145.2,144.79208157895317,0.40791842104681564,0.40791842104681564
-1.2275222112761284,-1.2310342947287083,-1.3041686322399286,-1.3678064455490233,-1.3013408620255271,75.6,75.63743629066673,-0.03743629066673293,0.03743629066673293
-0.3198496934854744,-0.2733792163024195,-0.2827668223342078,-0.252174932247699,-0.2962361809640357,103.6,102.90713677259757,0.6928632274024267,0.6928632274024267
-0.989877042981848,-0.9800626190031984,-0.963701362271355,-0.8116459285323395,-0.830801740331446,81.5,82.53355101296019,-1.0335510129601886,1.0335510129601886
-1.372749814122633,-1.4093562748494657,-1.409944871453466,-1.3711169248169794,-1.3775102447748324,71.4,71.19329677181514,0.20670322818486397,0.20670322818486397
-0.5244885884055491,-0.5111418564634292,-0.4877082858104362,-0.4673560846648684,-0.4814160933726745,96.9,96.74820690623429,0.15179309376571837,0.15179309376571837
-0.6763174459268948,-0.6927660954753116,-0.7389268539425881,-0.685847716349994,-0.6842584713463687,92.0,92.24134744136,-0.24134744136000563,0.24134744136000563
-0.4650772963319792,-0.4715147497699276,-0.5009303157121286,-0.5103923151483022,-0.5018383191822707,98.8,98.6596834835959,0.14031651640409848,0.14031651640409848
-0.9139626142211752,-0.920621958962946,-0.9141187501400092,-0.90433934803512,-0.8981398902982235,85.3,85.02166195308001,0.2783380469199841,0.2783380469199841
0.5911234516425999,0.5753013187167393,0.5931926586528994,0.6151706359568908,0.6153126278075475,131.0,130.56823174746933,0.43176825253067364,0.43176825253067364
-0.0458976244795679,-0.0191052816857846,0.0510894326835201,0.0358367640645123,0.0302434559650538,111.2,111.18736693630109,0.012633063698913816,0.012633063698913816
-0.6598143092397919,-0.6564412476729353,-0.7124827941392037,-0.7454363431732105,-0.736969892017084,92.2,92.7964349013671,-0.596434901367104,0.596434901367104
-0.930465750908278,-0.920621958962946,-0.9174242576154322,-1.0003432468058568,-0.9704456087051732,84.5,84.57320376996275,-0.07320376996274547,0.07320376996274547
0.2676619725753852,0.2814002774066027,0.2824749559631333,0.2510179164816816,0.2849693265361016,120.6,120.75980257346833,-0.15980257346834037,0.15980257346834037
0.0201149222688432,0.0304286016810923,0.0444784177326739,-0.0038889871509652,0.0045776856908315,113.4,113.30481845008592,0.09518154991408778,0.09518154991408778
-1.4090567148342592,-1.4093562748494657,-1.40333385650262,-1.3810483626208487,-1.387445381655177,70.4,70.02123473199994,0.37876526800006616,0.37876526800006616
0.0993299783669368,0.1261941095237213,0.0907555223885967,0.0391472433324685,0.058668986483816,115.7,115.70533139155316,-0.005331391553156095,0.005331391553156095
1.6077166715681328,1.575885762727655,1.5848449012798131,1.60500393707587,1.5950275146192694,161.2,161.388032378849,-0.1880323788490159,0.1880323788490159
0.9971006141453292,0.9946881978896318,0.986548048228242,0.9760128761641442,0.9856724526248242,142.8,142.87632584677993,-0.07632584677992327,0.07632584677992327
-0.7027224646262591,-0.7092773899309373,-0.7058717791883575,-0.7487468224411667,-0.7380737961149,90.8,91.47341245754436,-0.6734124575443587,0.6734124575443587
1.7430423924023757,1.7376964483927868,1.6873156330179273,1.6943868773106947,1.701554260058517,164.4,165.47879977975205,-1.078799779752046,1.078799779752046
-0.2571377740744835,-0.2172408151532927,-0.1935181204977854,-0.199207263960396,-0.1963328601116859,104.4,104.79118566808839,-0.39118566808838295,0.39118566808838295
-0.4683779236693995,-0.4715147497699276,-0.4810972708595905,-0.5037713566123891,-0.5004584390599996,99.6,98.55223676930534,1.047763230694656,1.047763230694656
-0.3462547121848388,-0.3427266530160476,-0.299294359711323,-0.2985216419990895,-0.3210740231648963,102.2,102.17500691968355,0.024993080316448868,0.024993080316448868
-0.3726597308842031,-0.4285853841853009,-0.4348201662036677,-0.4044569785736956,-0.4027629264032822,102.2,101.51095335580439,0.6890466441956136,0.6890466441956136
-0.5244885884055491,-0.5441644453746806,-0.5339853904663591,-0.5335656700239975,-0.5631049966110595,95.8,96.87489376898074,-1.0748937689807434,1.0748937689807434
-1.214319701926446,-1.217825259164208,-1.181864855649276,-1.21221391995507,-1.2135804862491524,75.4,75.94890135337499,-0.5489013533749869,0.5489013533749869
1.05981253355632,1.034315304583133,1.0427416753104335,1.09187965054262,1.08529979745272,145.2,144.75755119578807,0.4424488042119208,0.4424488042119208
-0.375960358221624,-0.375749241927299,-0.3951540764985911,-0.3779731444300441,-0.3848244848137712,101.9,101.31311353539589,0.5868864646041203,0.5868864646041203
-0.9931776703192688,-0.9932716545676992,-0.9570903473205088,-1.0102746846097266,-0.9875561222213216,82.8,82.63884199697122,0.16115800302877403,0.16115800302877403
1.17863511770346,1.1994282491393895,1.198100526655317,1.1779521115094875,1.1518100193461354,147.0,148.3487067289618,-1.348706728961787,1.348706728961787
-0.5343904704178107,-0.5375599275924302,-0.5174578530892439,-0.4739770432007814,-0.5252962812608607,96.8,96.49511508261054,0.3048849173894581,0.3048849173894581
0.967394968108544,0.9616656089783804,0.9733260183265496,0.9064928115370589,0.9420682407610912,141.8,142.00927005800375,-0.20927005800373877,0.20927005800373877
-0.3726597308842031,-0.3823537597095494,-0.3918485690231681,-0.4011464993057393,-0.4024869503788285,102.1,101.4526662822766,0.6473337177233986,0.6473337177233986
-0.6433111725526891,-0.672952542128561,-0.7025662717129342,-0.705710591957733,-0.7165476662074873,93.5,93.33009041216698,0.16990958783301835,0.16990958783301835
-1.154908409852876,-1.145175563559455,-1.1322822435179305,-1.1029681041125072,-1.141550743866657,77.2,77.70001199023844,-0.5000119902384341,0.5000119902384341
-1.115300881803829,-1.1319665279949542,-1.188475870600122,-1.152625293131854,-1.1523138088203633,77.5,78.98878659187557,-1.4887865918755665,1.4887865918755665
-0.0458976244795679,-0.0389188350325353,-0.0546868065300174,-0.0998928859217024,-0.101397107699507,111.5,111.34865334327561,0.1513466567243853,0.1513466567243853
0.4029876934096284,0.413490633051608,0.4510558372097085,0.5191667371861545,0.4913993928276983,125.0,124.7638041700318,0.23619582996819588,0.23619582996819588
-0.1614195812892875,-0.1544978962219149,-0.1307134784647474,-0.1296871993333102,-0.1229232376069197,107.3,107.75478178340127,-0.4547817834012733,0.4547817834012733
-0.3462547121848388,-0.3526334296894229,-0.4017650914494372,-0.3812836236980008,-0.3735094678111578,102.1,102.24060640761586,-0.14060640761586285,0.14060640761586285
1.0895181795931044,1.0739424112766345,1.1088518248188943,1.0819482127387512,1.0847478454038126,145.6,145.68679546814488,-0.08679546814488504,0.08679546814488504
0.0201149222688432,0.0271263427899673,0.0510894326835201,0.006042450652904,0.0307954080139618,114.5,113.28577172921591,1.2142282707840906,1.2142282707840906
-0.623507408528166,-0.6465344709995601,-0.6595946745324347,-0.5898438175792572,-0.6423101156293594,93.5,93.84836302102326,-0.34836302102326044,0.34836302102326044
-1.2110190745890257,-1.1980117058174569,-1.2116144229280834,-1.21221391995507,-1.2226876950561354,75.4,76.03113923421756,-0.6311392342175566,0.6311392342175566
-0.3462547121848388,-0.349331170798298,-0.3720155241706296,-0.4408722505212168,-0.4063506147211839,103.1,102.28756829062425,0.812431709375744,0.812431709375744
-0.9007601048714928,-0.8875993700516946,-0.9273407800417016,-0.9440650992505976,-0.9381564138440542,84.7,85.4497576552605,-0.7497576552604954,0.7497576552604954
-1.3034366400368012,-1.2871726958778356,-1.333918199518736,-1.3611854870131102,-1.3148636872237731,71.8,73.24268735539776,-1.4426873553977657,1.4426873553977657
1.1819357450408805,1.179614695792639,1.1485179145239717,1.1945045078492698,1.17554395744918,148.0,148.45037773063154,-0.4503777306315442,0.4503777306315442
-1.1714115465399788,-1.1781981524707064,-1.2016979005018145,-1.198972002883244,-1.2055771815399865,77.1,77.2791467226552,-0.17914672265520437,0.17914672265520437
2.333854685800656,2.3387075665775607,2.338500605676268,2.406139919921332,2.355893414038966,183.2,183.2622482034886,-0.06224820348862181,0.06224820348862181
-1.1285033911535116,-1.1121529746482035,-1.1388932584687763,-1.1393833760600278,-1.1376870795243006,78.7,78.52277865697559,0.1772213430244136,0.1772213430244136
0.5482152962561333,0.5819058364989901,0.5303880166198613,0.5390296127938929,0.5490783819385859,129.5,129.2270244987458,0.27297550125419434,0.27297550125419434
0.9937999868079088,0.988083680107381,1.0030755856053573,0.972702396896188,0.9784970759890188,142.5,142.78778330202837,-0.2877833020283731,0.2877833020283731
0.508607768207086,0.5786035776078643,0.5865816437020537,0.5588924884016315,0.6114489634651911,128.5,127.8914139098847,0.6085860901152955,0.6085860901152955
-1.1516077825154556,-1.1583845991239556,-1.1653373182721607,-1.1128995419163763,-1.146794288331283,78.3,77.82782972961003,0.4721702703899666,0.4721702703899666
-0.5013841970436052,-0.5111418564634292,-0.5174578530892439,-0.4706665639328246,-0.5065299115979893,97.4,97.51857724600382,-0.11857724600380948,0.11857724600380948
-1.0921964904418855,-1.0560145734990762,-1.0066729594518544,-1.0864157077727248,-1.0689690494352533,79.8,79.57863554983922,0.22136445016077744,0.22136445016077744
0.11913374239146,0.1030782972858453,0.107283059765712,0.1417721006391188,0.1204876159615141,117.1,116.30265938622716,0.7973406137728318,0.7973406137728318
1.1819357450408805,1.143289847990263,1.181572989278202,1.1647101944376623,1.1777517656448129,146.8,148.51479018813566,-1.7147901881356518,1.7147901881356518
0.0696243323301516,0.0469398961367179,0.0213398654047125,-0.0038889871509652,0.0150647746200826,114.0,114.88439024454111,-0.8843902445411089,0.8843902445411089
0.4888040041825628,0.489442587547486,0.4576668521605546,0.466199068898851,0.4905714647543366,125.7,127.47661030662188,-1.7766103066218761,1.7766103066218761
0.00031115824432,0.0073127894432167,0.041172910257251,-0.0071994664189214,0.0106491582288188,112.8,112.68643308795085,0.11356691204915137,0.11356691204915137
0.1224343697288808,0.1261941095237213,0.1138940747165577,0.1086673079595543,0.1088966229344456,116.2,116.39944814201236,-0.19944814201235772,0.19944814201235772
2.2678421390522447,2.32549853101306,2.3186675608237297,2.2571683528632915,2.2488147165508097,181.5,181.2596705307665,0.24032946923350096,0.24032946923350096
0.0927287236920956,0.1096828150680956,0.1304216120936729,0.1252197042993365,0.137598129477663,115.8,115.42719476649145,0.37280523350854367,0.37280523350854367
0.6241297250168056,0.6248352020836163,0.6064146885545917,0.5886868018132397,0.5764000083595322,131.6,131.61892843751176,-0.018928437511760876,0.018928437511760876
-1.131804018490932,-1.1253620102127044,-1.1653373182721607,-1.1261414589882024,-1.1490020965269154,78.2,78.43392622255723,-0.23392622255722983,0.23392622255722983
-0.0095907237679415,0.0205218250077169,0.0147288504538663,0.025905326260643,0.0238960074026113,112.2,112.31860025932261,-0.11860025932260498,0.11860025932260498
-0.8512506948101843,-0.8413677455759426,-0.7686764212213951,-0.7752306565848183,-0.7899572887122526,86.5,86.85201036949897,-0.35201036949897,0.35201036949897
-0.0161919784427827,-0.02901205835916,-0.0381592691529022,-0.0932719273857894,-0.0771112175475544,113.7,112.28481026000469,1.4151897399953128,1.4151897399953128
-1.2902341306871192,-1.293777213660086,-1.2843355873873905,-1.21221391995507,-1.2364864962788351,73.5,73.57881890832388,-0.07881890832388194,0.07881890832388194
-0.0723026431789323,-0.0653369061615362,-0.0745198513825555,-0.132997678601267,-0.1438974154654234,110.6,110.56624474777756,0.03375525222243425,0.03375525222243425
2.479082288647161,2.4443798510935646,2.407916262660152,2.3928980028495057,2.44365378981534,188.2,187.79724505593722,0.4027549440627638,0.4027549440627638
-0.1119101712279792,-0.0818482006171619,-0.0679088364317098,-0.0568566554382682,-0.0630364403004006,108.6,109.20690905266339,-0.6069090526633971,0.6069090526633971
-1.3760504414600536,-1.389542721502715,-1.3735842892238128,-1.397600758960631,-1.3855135494839987,71.3,71.07949793474069,0.2205020652593106,0.2205020652593106
-0.600403017166222,-0.6300231765439344,-0.5736514801714357,-0.6163276517229087,-0.6285113144066597,95.3,94.5915369654958,0.7084630345041916,0.7084630345041916
-0.7720356387120911,-0.847972263358193,-0.8612306305332408,-0.8480612004798603,-0.8586753188013008,88.6,89.50964581630119,-0.9096458163011931,0.9096458163011931
0.4789021221703012,0.46632677530961,0.4741943895376699,-0.1528605542090055,0.47152911906701,126.7,127.40392345562188,-0.7039234556218759,0.7039234556218759
-0.7885387753991939,-0.801740638882441,-0.7785929436476646,-0.7818516151207313,-0.7789182477340925,88.4,88.83407284394171,-0.4340728439417063,0.4340728439417063
-0.5706973711294367,-0.573884775394807,-0.6100120624010891,-0.6825372370820377,-0.6370665711647333,96.3,95.50425761256793,0.795742387432071,0.795742387432071
-0.7852381480617732,-0.7621135321889397,-0.7852039585985103,-0.8050249699964265,-0.8114834186196658,89.2,88.91954697630779,0.2804530236922176,0.2804530236922176
0.0630230776553104,0.0766602261568443,0.0808389999623272,0.0523891604042945,0.0456981133344787,114.8,114.59460920371295,0.20539079628704826,0.20539079628704826
-0.7588331293624088,-0.745602237733314,-0.748843376368857,-0.69908963342182,-0.722067186696568,89.2,89.65655468544712,-0.4565546854471165,0.4565546854471165
0.0465199409682075,0.0370331194633426,0.0610059551097891,-0.0138204249548344,0.0236200313781575,115.1,114.14755668582873,0.952443314171262,0.952443314171262
-0.894158850196652,-0.920621958962946,-0.9306462875171244,-0.9672384541262924,-0.9445038624064968,85.4,85.72341801344808,-0.32341801344807664,0.32341801344807664
0.5218102775567685,0.5125583997853616,0.5237770016690155,0.4926829030425025,0.5060261221237615,128.9,128.51168524235158,0.3883147576484305,0.3883147576484305
-0.64661179989011,-0.6597435065640603,-0.6562891670570119,-0.6494324444024732,-0.6630083174634098,92.7,93.14983217707707,-0.44983217707707013,0.44983217707707013
0.4690002401580396,0.4597222575273596,0.4874164194393622,0.5489610505977618,0.4891915846320673,126.8,126.85174050231174,-0.05174050231174476,0.05174050231174476
2.7860406310272725,2.751489927968202,2.735161502727033,2.6676677820898904,2.705279060997737,197.0,197.1371792416708,-0.13717924167079332,0.13717924167079332
0.6208290976793852,0.6083239076279906,0.5832761362266308,0.5158562579181972,0.5626012071368321,131.4,131.56505727558485,-0.16505727558484296,0.16505727558484296
0.8650755206485068,0.8592955833535005,0.8311891968833592,0.8204203505701914,0.8330577111017581,138.6,138.90630791156016,-0.3063079115601681,0.3063079115601681
0.601025333654862,0.5852080953901151,0.5667485988495156,0.6052391981530221,0.6219360523944433,130.3,130.87050873684422,-0.5705087368442037,0.5705087368442037
-0.151517699277026,-0.177613708459791,-0.1935181204977854,-0.1661024712808315,-0.1789463705710833,106.5,108.15699254215879,-1.6569925421587897,1.6569925421587897
-0.953570142270222,-0.9602490656564476,-0.960395854795932,-1.0102746846097266,-0.9679618244850872,84.9,83.86825779755128,1.0317422024487257,1.0317422024487257
0.1950481711521328,0.2120528406929746,0.1833097317004419,0.1483930591750313,0.1563644991405343,119.1,118.60905762511672,0.4909423748832751,0.4909423748832751
2.1622220642547862,2.163687845347928,2.176530739380538,2.227374039451683,2.19775915202682,178.6,178.0661367220613,0.5338632779387069,0.5338632779387069
-0.1251126805776611,-0.1148707895284132,-0.0447702841037483,-0.0071994664189214,-0.0434421425641656,109.2,108.79422633424203,0.4057736657579767,0.4057736657579767
0.931088067396918,0.9187362433937534,0.8807718090147049,0.8469041847138424,0.8846652276746574,139.2,140.93478460756734,-1.7347846075673488,1.7347846075673488
-0.0161919784427827,0.0073127894432167,0.0180343579292896,0.0888044323518153,0.0619806987772643,113.1,112.07056838156798,1.0294316184320138,1.0294316184320138
0.6307309796916473,0.638044237648117,0.6460807782596679,0.6548963871723688,0.6567090314756484,132.0,131.7352883098815,0.26471169011850293,0.26471169011850293
-0.9403676329205396,-0.950342288983072,-0.9108132426645864,-0.8877869516953378,-0.9033834347628495,84.2,84.20123111518404,-0.001231115184040732,0.001231115184040732
1.2644514284763944,1.2555666502885166,1.2807382135408931,1.2971293651559206,1.2748953262526224,151.1,150.9449793145589,0.15502068544108738,0.15502068544108738
-0.7984406574114555,-0.8050428977735663,-0.8314810632544332,-0.8414402419439473,-0.8390810210650662,90.0,88.57506811943328,1.4249318805667173,1.4249318805667173
-0.8413488127979227,-0.8677858167049436,-0.9075077351891632,-0.8944079102312508,-0.9069711230807516,87.4,87.32234162656361,0.07765837343639248,0.07765837343639248
-1.1879146832270815,-1.2112207413819576,-1.1653373182721607,-1.1658672102036791,-1.1630768737740695,76.4,76.74754591487928,-0.34754591487927655,0.34754591487927655
1.53510287014488,1.5461654327075287,1.5749283788535444,1.552036268788567,1.5746052888096735,159.1,159.0924631978602,0.007536802139782139,0.007536802139782139
0.5845221969677592,0.6017193898457407,0.5601375838986689,0.565513446937544,0.581919528848613,130.5,130.35360954486353,0.1463904551364692,0.1463904551364692
1.9740863060218148,1.9589477940981703,1.97158927590431,1.96915665655108,1.9709068599256268,173.1,172.44777548180548,0.6522245181945152,0.6522245181945152
2.6078067548065618,2.612795054540947,2.6128577261363803,2.598147717462805,2.59461267519168,192.3,191.60757996180104,0.6924200381989749,0.6924200381989749
-1.220920956601287,-1.240941071402084,-1.2281419603051986,-1.2386977540987214,-1.224619527227313,75.8,75.7752530585031,0.024746941496900376,0.024746941496900376
0.802363601237516,0.7932504055309979,0.8080506445553973,0.8071784334983654,0.7842099547733992,137.5,136.99290466563755,0.5070953343624467,0.5070953343624467
1.1357269623169923,1.1399875890991369,1.1253793621960095,1.1779521115094875,1.1694724849111915,147.2,147.00428624794182,0.1957137520581682,0.1957137520581682
-1.4090567148342592,-1.4093562748494657,-0.967006869746778,-0.4044569785736956,-0.5879428388119206,70.0,69.12425452803859,0.8757454719614088,0.8757454719614088
-1.1219021364786703,-1.1154552335393286,-1.1521152883704686,-1.2420082333666782,-1.1970219247819125,78.6,78.82246318373149,-0.22246318373149165,0.22246318373149165
1.6440235722797587,1.6518377172235326,1.6145944685586209,1.6281772919515656,1.6289725656271132,162.8,162.43630911676757,0.3636908832324366,0.3636908832324366
-0.9964782976566892,-0.9866671367854488,-0.9802288996484704,-0.9672384541262924,-0.9809326976344254,82.7,82.49848088697374,0.20151911302626502,0.20151911302626502
-1.244025347963231,-1.2607546247488346,-1.2777245724365445,-1.228766316294852,-1.2334507600098412,74.3,75.04437933688129,-0.7443793368812948,0.7443793368812948
-1.1945159379019228,-1.240941071402084,-1.2281419603051986,-1.1956615236152877,-1.2166162225181472,75.8,76.61633525706642,-0.8163352570664273,0.8163352570664273
0.6703385077406936,0.7139961921439955,0.6923578829155907,0.711174534727628,0.7223913252957024,132.5,132.85733571722943,-0.35733571722943225,0.35733571722943225
-0.1350145625899232,-0.1346843428751643,-0.1538520307927088,-0.0767195310460072,-0.0969814913082436,107.4,108.54606244532381,-1.1460624453238069,1.1460624453238069
-0.2373340100499603,-0.2337521096089183,-0.2497117475799773,-0.2885902041952198,-0.2672586983963645,105.4,105.53778273061832,-0.13778273061831214,0.13778273061831214
2.0566019894573286,2.0315974897029228,2.120337112298347,2.088333910197512,2.088472646343034,175.1,174.92956137253057,0.17043862746942295,0.17043862746942295
-0.23403338271254,-0.250263404064544,-0.2794613148587844,-0.172723429816744,-0.2214466783369998,105.3,105.58814204492039,-0.2881420449203915,0.2881420449203915
-0.5310898430803904,-0.5540712220480559,-0.5670404652205895,-0.5832228590433441,-0.561449140464336,97.7,96.68211881430797,1.0178811856920333,1.0178811856920333
-1.0096808070063716,-1.0064806901321992,-1.026506004304393,-1.056621394361117,-1.0631735529217194,81.8,82.1838510285834,-0.3838510285834076,0.3838510285834076
-0.4683779236693995,-0.448398937532052,-0.3654045092197839,-0.4210093749134779,-0.4124220872591722,98.8,98.44114222403984,0.35885777596016055,0.35885777596016055
-1.2341234659509697,-1.214523000273083,-1.2050034079772374,-1.1857300858114184,-1.1661126100430637,75.8,75.24631254769982,0.5536874523001813,0.5536874523001813
-1.0558895897302591,-1.1088507157570786,-1.122365721091661,-1.1228309797202456,-1.1186447338369745,81.8,80.86931545748553,0.9306845425144701,0.9306845425144701
-0.8578519494850255,-0.8446700044670681,-0.8810636753857789,-0.8679240760875988,-0.8661266714615588,86.2,86.71401697534117,-0.5140169753411641,0.5140169753411641
-0.1779227179763904,-0.1842182262420413,-0.2001291354486316,-0.18596534688857,-0.2189628941169136,106.5,107.34292103535307,-0.8429210353530721,0.8429210353530721
-0.9370670055831192,-0.9470400300919468,-0.9075077351891632,-0.8910974309632941,-0.9050392909095736,84.5,84.30732902215618,0.19267097784381804,0.19267097784381804
-1.3331422860735864,-1.3565201325914638,-1.330612692043313,-1.397600758960631,-1.3764063406770164,73.3,72.4334729311839,0.8665270688160973,0.8665270688160973
1.3139608385377028,1.301798274764269,1.2774327060654704,1.2673350517443125,1.2817947268639729,154.1,152.49908977820877,1.6009102217912243,1.6009102217912243
-1.2803322486748572,-1.2772659192044602,-1.3206961696170438,-1.410842676032457,-1.3664712037966722,74.4,74.04363033489682,0.35636966510318757,0.35636966510318757
-0.1053089165531379,-0.1082662717461629,-0.0712143439071326,-0.113134802993528,-0.1223712855580112,108.3,109.52573042109663,-1.2257304210966282,1.2257304210966282
0.2214531898514976,0.2483776884953513,0.2659474185860181,0.2477074372137249,0.2339137620121107,120.3,119.33850922387218,0.9614907761278175,0.9614907761278175
2.1259151635431603,2.1438742920011777,2.140170157150885,2.1644749333605104,2.146427611478375,177.5,176.9653692586896,0.5346307413103943,0.5346307413103943
0.9244868127220764,0.9253407611760032,0.8708552865884354,0.9495290420204932,0.9282694395383904,138.4,140.63936047387767,-2.2393604738776673,2.2393604738776673
-0.0095907237679415,-0.0125007639035343,0.0048123280275972,0.0623205982081638,0.0407305448943064,111.2,112.33737185483402,-1.137371854834015,1.137371854834015
-1.1912153105645025,-1.2013139647085824,-1.1851703631246993,-1.1857300858114184,-1.2061291335888944,77.0,76.66441360027974,0.33558639972025617,0.33558639972025617
-1.0162820616812125,-1.0395032790434506,-1.019894989353547,-0.95068605778651,-0.9806567216099716,82.3,81.91356722053521,0.3864327794647835,0.3864327794647835
-1.1714115465399788,-1.1385710457772047,-1.105838183714546,-1.1128995419163763,-1.123612302277147,76.8,77.14539942638709,-0.34539942638708965,0.34539942638708965
0.5746203149554971,0.5455809886966129,0.5667485988495156,0.565513446937544,0.5648090153324641,129.7,130.12428468886077,-0.4242846888607801,0.4242846888607801
0.2643613452379648,0.2747957596243524,0.2990024933402486,0.2642598335535072,0.2565437960173393,121.3,120.68346370529054,0.6165362947094621,0.6165362947094621
0.4656996128206188,0.4564199986362346,0.4378338073080166,0.4860619445065895,0.479532423776176,127.5,126.76809954391908,0.7319004560809219,0.7319004560809219
-0.5673967437920163,-0.5705825165036816,-0.6595946745324347,-0.6560534029383862,-0.635134738993556,95.5,95.58841217587627,-0.0884121758762717,0.0884121758762717
-1.135104645828353,-1.0824326446280772,-1.095921661288277,-1.1327624175241149,-1.1244402303505086,79.1,78.26041081273581,0.8395891872641812,0.8395891872641812
-0.930465750908278,-0.9602490656564476,-0.9405628099433936,-0.910960306571033,-0.936776533721784,84.6,84.56790368854722,0.032096311452775694,0.032096311452775694
-0.7192256013133619,-0.7059751310398124,-0.7521488838442799,-0.6692953200102117,-0.69474556027562,90.5,90.86076392096659,-0.3607639209665905,0.3607639209665905
-1.3694491867852123,-1.369729168155964,-1.3438347219450053,-1.3678064455490233,-1.382201837190551,71.1,71.2601395658856,-0.16013956588560063,0.16013956588560063
0.3732820473728432,0.3111206074267286,0.2990024933402486,0.3072960640369414,0.2800017580959288,126.0,124.15337011302351,1.846629886976487,1.846629886976487
-0.1548183266144463,-0.1544978962219149,-0.1637685532189778,-0.1164452822614847,-0.1265109259248218,107.7,107.96299926971912,-0.262999269719117,0.262999269719117
-0.0557995064918295,-0.078545941726037,-0.0778253588579788,-0.1230662407973972,-0.0983613714305124,110.6,111.0818127368661,-0.4818127368661038,0.4818127368661038
-0.966772651619904,-0.9602490656564476,-0.967006869746778,-1.0003432468058568,-0.970721584729627,83.6,83.43538689940397,0.16461310059602852,0.16461310059602852
0.9871987321330672,0.9649678678695054,1.0427416753104335,1.0488434200591867,1.006922606507782,142.4,142.5637544248824,-0.16375442488239855,0.16375442488239855
0.7000441537774789,0.687578121014994,0.6725248380630526,0.6846907005839771,0.6757513771629745,134.0,133.90700728539233,0.092992714607675,0.092992714607675
-0.6268080358655863,-0.6861615776930613,-0.6562891670570119,-0.7156420297616022,-0.6795668789306502,92.5,93.86791507289698,-1.3679150728969773,1.3679150728969773
-0.8578519494850255,-0.8611812989226937,-0.8612306305332408,-0.8215773663362088,-0.8512239661410428,85.8,86.71338409848921,-0.9133840984892174,0.9133840984892174
-0.8446494401353436,-0.871088075596069,-0.8579251230578174,-0.8745450346235119,-0.8835131610021613,86.7,87.20230332013205,-0.502303320132043,0.502303320132043
-0.5508936071049135,-0.573884775394807,-0.5472074203680515,-0.5103923151483022,-0.5437866748992802,95.6,96.02912818351876,-0.42912818351877036,0.42912818351877036
-0.7456306200127268,-0.7555090144066894,-0.7554543913197033,-0.6659848407422555,-0.7024728889603331,90.3,90.07316899180465,0.2268310081953473,0.2268310081953473
-0.9733739062947452,-0.970155842329823,-0.9835344071238932,-0.9539965370544669,-0.9536110712134788,84.0,83.20186165558992,0.7981383444100771,0.7981383444100771
0.224753817188918,0.2054483229107247,0.1866152391758648,0.2212236030700733,0.2137675122269672,118.6,119.5172864488379,-0.9172864488378991,0.9172864488378991
-0.1119101712279792,-0.1644046728952903,-0.180296090596093,-0.1462395956730925,-0.153832552345768,107.2,109.40607995364934,-2.2060799536493363,2.2060799536493363
-0.1383151899273435,-0.1214753073106636,-0.1340189859401707,-0.1296871993333102,-0.1193355492890166,108.8,108.45893701298709,0.3410629870129043,0.3410629870129043
0.1158331150540396,0.1228918506325964,0.1105885672411348,0.1252197042993365,0.1124843112523486,116.6,116.17979599769892,0.4202040023010767,0.4202040023010767
-1.0426870803805772,-1.0593168323902018,-1.122365721091661,-1.1294519382561587,-1.1117453332256244,81.5,81.22729786535979,0.27270213464021253,0.27270213464021253
-0.894158850196652,-0.8512745222493179,-0.8380920782052794,-0.910960306571033,-0.8967600101759533,85.8,85.58538347329454,0.2146165267054556,0.2146165267054556
-0.907361359546334,-0.8909016289428197,-0.8975912127628941,-0.884476472427381,-0.8835131610021613,85.7,85.179973089497,0.520026910503006,0.520026910503006
-0.9040607322089136,-0.9041106645073204,-0.8810636753857789,-0.8877869516953378,-0.8989678183715852,86.3,85.32288179265586,0.9771182073441338,0.9771182073441338
-1.1747121738773996,-1.171593634688456,-1.2050034079772374,-1.198972002883244,-1.2014375411731764,77.0,77.15821907917154,-0.15821907917154476,0.15821907917154476
-0.6103048991784835,-0.623418658761684,-0.6100120624010891,-0.6659848407422555,-0.6456218279228072,94.4,94.28289055234151,0.11710944765849263,0.11710944765849263
-0.7852381480617732,-0.7852293444268152,-0.7885094660739337,-0.778541135852775,-0.7907852167856148,88.8,88.92565615588958,-0.12565615588958678,0.12565615588958678
1.835459957850152,1.8103461439975392,1.826146946985696,1.8135641309571269,1.788210731737074,168.5,168.3074153280829,0.19258467191710338,0.19258467191710338
-0.1449164446021847,-0.1247775662017885,-0.1141859410876321,-0.132997678601267,-0.1314784943649931,108.3,108.26277089318364,0.03722910681635483,0.03722910681635483
0.0993299783669368,0.1228918506325964,0.107283059765712,0.1119777872275105,0.1168999276436125,116.4,115.6413619618126,0.7586380381873994,0.7586380381873994
2.168823318929628,2.127362997545552,2.1732252319051155,2.2008902053080317,2.180096686461764,177.3,178.35481662425616,-1.0548166242561479,1.0548166242561479
0.1224343697288808,0.1493099217615973,0.1370326270445191,0.1517035384429881,0.158848283360621,117.1,116.31615855449662,0.78384144550337,0.78384144550337
-1.0063801796689509,-0.9833648778943233,-1.026506004304393,-1.020206122413596,-1.020673245155802,81.7,82.21243202343845,-0.5124320234384498,0.5124320234384498
-1.3199397767239038,-1.3334043203535877,-1.3570567518466976,-1.397600758960631,-1.357088018965236,72.2,72.81130599546141,-0.6113059954614073,0.6113059954614073
1.17863511770346,1.1598011424458885,1.1881840042290477,1.1812625907774448,1.1705763890090086,148.5,148.385780372894,0.11421962710599587,0.11421962710599587
0.0300168042811047,0.0304286016810923,0.0015068205521744,-0.0270623420266604,0.0020939014707453,113.3,113.62979114429325,-0.32979114429325307,0.32979114429325307
0.1257349970663012,0.1294963684148463,0.1337271195690962,0.1450825799070751,0.1497410745536381,116.0,116.46060771770894,-0.46060771770893894,0.46060771770893894
-1.0096808070063716,-1.042805537934576,-1.105838183714546,-1.096347145576594,-1.0871834670492182,82.2,82.25315776895074,-0.05315776895074009,0.05315776895074009
0.201649425826974,0.1955415462373489,0.2064482840284033,0.1980502481943781,0.1894816220750151,118.0,118.80830151308238,-0.8083015130823838,0.8083015130823838
-1.2176203292638668,-1.247545589184334,-1.2347529752560449,-1.21221391995507,-1.2191000067382327,75.5,75.87791799624164,-0.377917996241635,0.377917996241635
0.2148519351766564,0.192239287346224,0.2361978513072105,0.2675703128214639,0.2253585052540362,119.1,119.19696763504334,-0.09696763504334172,0.09696763504334172
-0.6763174459268948,-0.6927660954753116,-0.6397616296798966,-0.6229486102588216,-0.6494854922651631,92.1,92.209982758294,-0.10998275829400939,0.10998275829400939
-0.3396534575099975,-0.3823537597095494,-0.3720155241706296,-0.3614207480902618,-0.3867563169849503,102.0,102.50734505202065,-0.5073450520206535,0.5073450520206535
-0.5905011351539604,-0.597000587632683,-0.6331506147290504,-0.5468075870958234,-0.5744200136136733,95.3,94.79087184889009,0.5091281511099055,0.5091281511099055
2.1358170455554224,2.127362997545552,2.0905875450195395,2.0188138455704263,2.067498468484529,177.2,177.41479292565833,-0.21479292565834385,0.21479292565834385
0.7066454084523196,0.687578121014994,0.7188019427189755,0.6813802213160198,0.6981054351437493,133.9,134.11322541718533,-0.21322541718532761,0.21322541718532761
-1.0525889623928388,-1.0758281268458274,-1.0992271687636996,-1.0533109150931603,-1.0813879705356837,81.3,80.88181730143867,0.4181826985613242,0.4181826985613242
0.6571359983910112,0.6578577909948676,0.7154964352435527,0.7144850139955844,0.694241770801393,131.4,132.53129264719553,-1.1312926471955222,1.1312926471955222
-0.4056660042584087,-0.4384921608586762,-0.44804219610536,-0.5203237529521714,-0.4800362132504034,102.7,100.5466110388367,2.1533889611633015,2.1533889611633015
0.5317121595690305,0.5653945420433645,0.5898871511774765,0.5489610505977618,0.5576336386966598,129.9,128.7119297332245,1.1880702667754974,1.1880702667754974
1.142328216991834,1.176312436901514,1.15843443695024,1.1382263602940106,1.1810634779382598,148.5,147.17800140562247,1.3219985943775328,1.3219985943775328
-0.7720356387120911,-0.7621135321889397,-0.7356213464671647,-0.7454363431732105,-0.7510446692642383,89.2,89.29004692293574,-0.09004692293574124,0.09004692293574124
0.1257349970663012,0.1096828150680956,0.107283059765712,0.0556996396722508,0.0498377537012888,115.7,116.59484823993822,-0.8948482399382129,0.8948482399382129
-0.0855051525286148,-0.1346843428751643,-0.0381592691529022,-0.0833404895819202,-0.0978094193816049,108.9,110.18481533444178,-1.2848153344417739,1.2848153344417739
-0.0888057798660351,-0.101661753963913,-0.1241024635139012,-0.1396186371371795,-0.146381199685511,111.0,110.0739310146219,0.9260689853780946,0.9260689853780946
-0.5706973711294367,-0.5375599275924302,-0.5075413306629748,-0.4474932090571298,-0.4425034739246588,93.0,95.23538584008949,-2.235385840089492,2.235385840089492
-0.5277892157429696,-0.5408621864835557,-0.5439019128926281,-0.5070818358803459,-0.5294359216276708,95.5,96.72450787522928,-1.2245078752292784,1.2245078752292784
-1.0459877077179975,-1.0593168323902018,-1.1124491986653922,-1.1393833760600278,-1.1203005899836984,80.2,81.13162304415843,-0.9316230441584281,0.9316230441584281
-0.8215450487733996,-0.8512745222493179,-0.8678416454840865,-0.8778555138914685,-0.8757858323174491,87.9,87.92139799781579,-0.021397997815782333,0.021397997815782333
-0.4551754143197171,-0.4616079730965522,-0.4678752409578982,-0.4441827297891731,-0.4356040733133092,98.0,98.89879476452003,-0.8987947645200336,0.8987947645200336
-0.151517699277026,-0.1544978962219149,-0.1670740606944011,-0.1495500749410492,-0.1494169359545042,107.9,108.09967467682281,-0.19967467682280926,0.19967467682280926
-1.1516077825154556,-1.1220597513215789,-1.105838183714546,-1.1128995419163763,-1.1059498367120906,77.8,77.7539098735968,0.046090126403200316,0.046090126403200316
-0.270340283424166,-0.2304498507177929,-0.2100456578749006,-0.179344388352657,-0.1996445724051338,104.0,104.37227328063088,-0.3722732806308784,0.3722732806308784
0.2511588358882824,0.2483776884953513,0.2196703139300952,0.2013607274623348,0.224530577180675,121.5,120.32221833185551,1.1777816681444904,1.1777816681444904
2.0698044988070112,2.0679223375053,2.1071150823966547,2.1545434955566405,2.1610543407744376,175.1,175.2259933381722,-0.1259933381722078,0.1259933381722078
-1.131804018490932,-1.1121529746482035,-1.1455042734196226,-1.1294519382561587,-1.1172648537147047,77.1,78.3938590993232,-1.2938590993231998,1.2938590993231998
-0.399064749583568,-0.4384921608586762,-0.4215981363019753,-0.4574246468609991,-0.4488509224871017,100.3,100.72069194329283,-0.4206919432928373,0.4206919432928373
-1.0657914717425208,-1.0659213501724516,-1.0562555715832005,-1.0897261870406811,-1.0662092891907136,80.6,80.44402526527736,0.15597473472263346,0.15597473472263346
-1.11860150914125,-1.1022461979748284,-1.1653373182721607,-1.1559357723998105,-1.1647327299207937,78.4,78.85497345054064,-0.45497345054063487,0.45497345054063487
-0.5805992531416988,-0.5804892931770573,-0.6133175698765123,-0.5401866285599104,-0.5448905789970957,95.0,95.06789342396807,-0.06789342396807285,0.06789342396807285
1.4789922054087308,1.4966315493406517,1.4493190947874683,1.499068600501264,1.463938903003617,157.4,157.41700167668017,-0.01700167668016661,0.01700167668016661
-0.8974594775340724,-0.894203887833945,-0.9075077351891632,-0.884476472427381,-0.9119386915209236,85.7,85.52936857241154,0.17063142758846084,0.17063142758846084
-0.0921064072034555,-0.078545941726037,-0.1241024635139012,-0.0998928859217024,-0.0967055152837884,110.8,109.880136257537,0.9198637424629936,0.9198637424629936
-1.3991548328219976,-1.39284498039384,-1.3735842892238128,-1.3678064455490233,-1.362331563429862,70.8,70.30152666345869,0.4984733365413092,0.4984733365413092
1.4294827953474225,1.4404931481915249,1.4691521396400065,1.5056895590371764,1.510578851136344,155.4,155.84295359376642,-0.4429535937664184,0.4429535937664184
-1.131804018490932,-1.1352687868860796,-1.1157547061408148,-1.1294519382561587,-1.131063654937405,78.4,78.44283343070637,-0.04283343070636647,0.04283343070636647
-0.5838998804791191,-0.5573734809391814,-0.5439019128926281,-0.5931542968472134,-0.5735920855403122,95.5,94.98095702062201,0.5190429793779856,0.5190429793779856
-0.9040607322089136,-0.9008084056161948,-0.9075077351891632,-0.9539965370544669,-0.8951041540292294,85.2,85.33171629571572,-0.1317162957157194,0.1317162957157194
2.2645415117148247,2.2957782009929337,2.3087510383974603,2.366414168705853,2.329399715691381,182.0,181.0900603384752,0.9099396615247883,0.9099396615247883
2.026896343420544,2.0348997485940488,1.991422320756848,2.0585395967859044,2.028861825060968,174.7,173.99161829135642,0.7083817086435715,0.7083817086435715
-0.3198496934854744,-0.3229130996692966,-0.299294359711323,-0.265416849319525,-0.2851971399858751,103.1,102.96859341921669,0.13140658078330603,0.13140658078330603
0.036618058955946,0.0304286016810923,0.0378674027818277,0.0159738884567733,0.0194803910113474,112.9,113.82341787079055,-0.9234178707905443,0.9234178707905443
-1.1219021364786703,-1.1484778224505798,-1.1983923930263911,-1.1857300858114184,-1.1749438428255918,79.3,78.82405702979602,0.4759429702039739,0.4759429702039739
-1.343044168085848,-1.3829382037204647,-1.393417334076351,-1.410842676032457,-1.387445381655177,71.7,72.14954763383612,-0.4495476338361186,0.4495476338361186
0.0993299783669368,0.1096828150680956,0.1337271195690962,0.0821834738159023,0.085714636880309,116.0,115.69984979354736,0.300150206452642,0.300150206452642
0.5911234516425999,0.6017193898457407,0.5766651212757842,0.6284125530287168,0.6120009155140995,130.0,130.52684192896072,-0.5268419289607209,0.5268419289607209
1.1522300990040952,1.1069650001878857,1.095629794917203,1.0190491066475784,1.0634976915208538,146.8,147.72227939157892,-0.9222793915789111,0.9222793915789111
-0.9205638688960164,-0.9305287356363212,-0.9471738248942398,-0.8910974309632941,-0.9077990511541134,84.4,84.81796059278645,-0.41796059278644293,0.41796059278644293
0.5647184329432361,0.5852080953901151,0.5336935240952851,0.5986182396171086,0.5852312411420608,128.7,129.71243335371017,-1.012433353710179,1.012433353710179
1.4888940874209928,1.486724772667276,1.4625411246891609,1.4825162041614817,1.4760818480795936,157.5,157.751587939483,-0.2515879394829881,0.2515879394829881
-0.2769415380990072,-0.2799837340846699,-0.2728502999079382,-0.2786587663913505,-0.2929244686705869,105.4,104.32394782606522,1.0760521739347837,1.0760521739347837
1.1258250803047312,1.1531966246636376,1.112157332294318,1.038911982255317,1.070397092132204,146.8,146.7869503147576,0.01304968524240735,0.01304968524240735
0.4855033768451424,0.4861403286563611,0.5403045390461308,0.5324086542579796,0.4963669612678706,125.9,127.36208129964317,-1.4620812996431596,1.4620812996431596
-0.7027224646262591,-0.7290909432776883,-0.7521488838442799,-0.705710591957733,-0.6895020158109948,90.9,91.43894688737561,-0.5389468873756016,0.5389468873756016
-0.8215450487733996,-0.8314609689025673,-0.8116480184018952,-0.8348192834080342,-0.838253092991704,87.0,87.85883739577915,-0.8588373957791475,0.8588373957791475
2.3206521764509738,2.308987236557434,2.3054455309220376,2.3233779382224204,2.3307795958136506,182.0,182.91453486286844,-0.914534862868436,0.914534862868436
-0.0194926057802036,-0.0224075405769096,-0.0579923140054402,-0.0038889871509652,-0.0362667659283609,111.7,112.10186409935223,-0.401864099352224,0.401864099352224
0.4756014948328804,0.4564199986362346,0.470888882062247,0.4397152347551994,0.4359282119124432,127.5,127.1479612064423,0.3520387935576963,0.3520387935576963
-0.1350145625899232,-0.1445911195485396,-0.1769905831206702,-0.245553973711786,-0.2349695035352455,109.7,108.72406808282727,0.9759319171727299,0.9759319171727299
1.9740863060218148,1.9622500529892952,2.011255365609386,2.0353662419102085,2.012027287569273,172.4,172.39493366890764,0.005066331092365317,0.005066331092365317
-0.4452735323074555,-0.4450966786409266,-0.4249036437773986,-0.3150740383388718,-0.3533632180260158,99.1,99.0969614437621,0.003038556237896728,0.003038556237896728
-0.6103048991784835,-0.603605105414933,-0.6695111969587038,-0.69908963342182,-0.6624563654145018,94.1,94.26919804567348,-0.1691980456734825,0.1691980456734825
1.5978147895558708,1.6089083516389064,1.588150408755236,1.591762020004044,1.5671539361494156,161.0,161.046650061745,-0.046650061744998084,0.046650061744998084
2.1919277102915715,2.176896880912429,2.1600032020034234,2.197579726040075,2.1947234157578257,178.9,179.0260915172606,-0.12609151726059054,0.12609151726059054
0.5119083955445064,0.5191629175676125,0.5204714941935927,0.4628885896308942,0.4753927834093664,128.4,128.21366414099788,0.1863358590021278,0.1863358590021278
2.3272534311258144,2.308987236557434,2.3054455309220376,2.3002045833467246,2.31836067471322,183.4,183.14763687841014,0.25236312158986607,0.25236312158986607
-0.6631149365772128,-0.6432322121084346,-0.6298451072536276,-0.6328800480626909,-0.6191281295752231,92.7,92.55143294841032,0.14856705158967998,0.14856705158967998
-0.0392963698047267,-0.0224075405769096,-0.0612978214808636,-0.0634776139741812,-0.0343349337571837,112.9,111.47271711517863,1.4272828848213805,1.4272828848213805
0.7627560731884697,0.786645887748748,0.7683845548503212,0.7475898066751488,0.7458492873742923,135.3,135.75362418946614,-0.4536241894661259,0.4536241894661259
2.208430846978674,2.2363375409526816,2.245946396364422,2.184337808968249,2.2041066005892627,179.0,179.49325362056956,-0.49325362056956124,0.49325362056956124
-0.76543438403725,-0.7786248266445653,-0.7653709137459723,-0.8083354492643827,-0.7471810049218819,89.8,89.54030941865855,0.2596905813414452,0.2596905813414452
1.7958524298011045,1.8070438851064143,1.839368976887388,1.8234955687609955,1.803389413082045,166.8,167.00632403489374,-0.20632403489372564,0.20632403489372564
-0.1317139352525023,-0.1412888606574142,-0.1174914485630554,-0.1462395956730925,-0.1510727921012281,109.0,108.73647368026582,0.26352631973418283,0.26352631973418283
2.3272534311258144,2.3155917543396853,2.312056545872883,2.3465512930981154,2.340990708718449,183.8,183.1059725305344,0.6940274694656239,0.6940274694656239
0.3039688732870116,0.314422866317854,0.3386685830453252,0.3006751055010284,0.2885570148540037,121.5,121.88929273413254,-0.38929273413253895,0.38929273413253895
-0.5013841970436052,-0.5309554098101804,-0.5306798829909362,-0.5103923151483022,-0.5228124970407755,97.7,97.57015952609434,0.12984047390565934,0.12984047390565934
-0.9007601048714928,-0.9173197000718206,-0.9273407800417016,-0.9473755785185538,-0.90890295525193,84.9,85.46822300585194,-0.5682230058519337,0.5682230058519337
-0.600403017166222,-0.6069073643060583,-0.6265395997782043,-0.6030857346510827,-0.6378944992380955,94.1,94.55332154875077,-0.4533215487507789,0.4533215487507789
-1.0822946084296234,-1.0659213501724516,-1.1124491986653922,-1.1360728967920717,-1.1205765660081526,80.8,79.9553819247044,0.8446180752955996,0.8446180752955996
1.0070024961575903,0.9187362433937534,0.9303544211460506,0.9131137700729716,0.9202661348292238,143.6,143.36983340166813,0.23016659833186282,0.23016659833186282
-0.1944258546634932,-0.1908227440242912,-0.1108804336122093,-0.2025177432283522,-0.1841899150357089,107.8,106.80615469254013,0.9938453074598641,0.9938453074598641
-0.4386722776326143,-0.4450966786409266,-0.4645697334824753,-0.5004608773444329,-0.4819680454215825,100.2,99.47116522624708,0.7288347737529222,0.7288347737529222
0.5581171782683944,0.5356742120232381,0.5039439568164775,0.452957151827025,0.4985747694635026,130.0,129.67943833176162,0.3205616682383834,0.3205616682383834
-1.154908409852876,-1.145175563559455,-1.1554207958458915,-1.1923510443473313,-1.182947147534758,77.9,77.7588641699166,0.14113583008339958,0.14113583008339958
-0.2472358920622219,-0.2865882518669203,-0.3422659568918225,-0.3382473932145666,-0.3461878413902111,104.2,105.35325985772893,-1.1532598577289264,1.1532598577289264
-1.3826516961348947,-1.3994494981760903,-1.393417334076351,-1.3711169248169794,-1.3708868201879365,70.6,70.85383501636369,-0.2538350163636949,0.2538350163636949
-1.214319701926446,-1.240941071402084,-1.2380584827314678,-1.2420082333666782,-1.2599444583574255,76.3,76.01909919670928,0.2809008032907201,0.2809008032907201
-1.0426870803805772,-1.0527123146079511,-1.0992271687636996,-1.1327624175241149,-1.1070537408099064,81.3,81.21936718909463,0.08063281090537089,0.08063281090537089
-1.0789939810922031,-1.0890371624103277,-1.089310646337431,-1.0500004358252035,-1.0813879705356837,79.5,80.03942080769747,-0.5394208076974678,0.5394208076974678
-0.9403676329205396,-0.9635513245475726,-0.967006869746778,-1.013585163877683,-0.9875561222213212,84.3,84.31971243833735,-0.01971243833735059,0.01971243833735059
0.637332234366488,0.6182306843013664,0.5898871511774765,0.6747592627801073,0.6470498706197576,131.8,131.9699707540106,-0.16997075401059192,0.16997075401059192
-0.2670396560867456,-0.3097040641047963,-0.3389604494163992,-0.4276303334493909,-0.3748893479334271,104.8,104.79247278756635,0.007527212433643626,0.007527212433643626
0.5317121595690305,0.5521855064788638,0.5634430913740918,0.5588924884016315,0.5601174229167465,129.1,128.72045056695165,0.3795494330483393,0.3795494330483393
0.7891610918878336,0.7767391110753722,0.7849120922274364,0.711174534727628,0.7455733113498386,137.2,136.64391427697112,0.5560857230288718,0.5560857230288718
-1.072392726417362,-1.0560145734990762,-1.1289767360425074,-1.1559357723998105,-1.123612302277147,80.7,80.27058901262117,0.4294109873788301,0.4294109873788301
-1.244025347963231,-1.2343365536198336,-1.188475870600122,-1.169177689471636,-1.1862588598282062,74.8,74.96514903506242,-0.16514903506242717,0.16514903506242717
-0.7522318746875676,-0.7588112732978143,-0.7653709137459723,-0.7619887395129927,-0.7689831108537484,90.5,89.94645254111592,0.5535474588840827,0.5535474588840827
-0.7258268559882032,-0.7389977199510637,-0.7422323614180109,-0.7222629882975152,-0.7458011247996117,91.0,90.7524877102372,0.2475122897627955,0.2475122897627955
0.1752444071276096,0.188937028455099,0.1998372690775572,0.1848083311225526,0.1922413823195555,118.1,117.95679665189638,0.14320334810361146,0.14320334810361146
-1.2275222112761284,-1.1848026702529566,-1.1851703631246993,-1.225455837026896,-1.210544749980159,76.3,75.47314477302463,0.8268552269753684,0.8268552269753684
2.5615979720826747,2.579772465629696,2.573191636431304,2.5716638833191543,2.59461267519168,189.1,190.14751414144337,-1.0475141414433722,1.0475141414433722
-0.0591001338292499,-0.0455233528147856,-0.031548254202056,-0.0436147383664427,-0.0492376390776992,109.5,110.87003962992273,-1.3700396299227293,1.3700396299227293
-1.0624908444051004,-1.0791303857369523,-1.0793941239111615,-1.096347145576594,-1.1296837748151352,81.3,80.62058995177554,0.6794100482244545,0.6794100482244545
0.6802403897529556,0.7139961921439955,0.7022744053418603,0.711174534727628,0.7033489796083754,132.6,133.19789137747262,-0.5978913774726209,0.5978913774726209
-1.362847932110371,-1.3829382037204647,-1.3570567518466976,-1.351254049209241,-1.3590198511364142,71.6,71.46718044362291,0.1328195563770862,0.1328195563770862
-0.2901440474486891,-0.3097040641047963,-0.3191274045638611,-0.2985216419990895,-0.2901647084260474,103.1,103.93062244475952,-0.830622444759527,0.830622444759527
2.627610518831086,2.609492795649821,2.593024681283842,2.601458196730761,2.599304267607399,192.2,192.24990198560474,-0.049901985604748234,0.049901985604748234
-1.1648102918651375,-1.191407188035207,-1.2215309453543526,-1.2552501504385036,-1.2340027120587491,77.2,77.55106619240415,-0.35106619240414716,0.35106619240414716
1.0103031234950115,1.0178040101275074,0.9964645706545115,0.9760128761641442,0.99229587721172,141.4,143.27108661837963,-1.8710866183796213,1.8710866183796213
0.6241297250168056,0.6149284254102415,0.5733596138003613,0.5688239262055013,0.5855072171665145,131.9,131.62579359127932,0.274206408720687,0.274206408720687
1.1357269623169923,1.179614695792639,1.15843443695024,1.1945045078492698,1.1951382551854146,148.5,146.92825219118814,1.571747808811864,1.571747808811864
0.5878228243051796,0.5984171309546158,0.5865816437020537,0.5622029676695878,0.5805396487263422,131.6,130.47281624051334,1.1271837594866554,1.1271837594866554
-1.1879146832270815,-1.204616223599707,-1.1950868855509682,-1.175798648007549,-1.1647327299207937,77.7,76.73760241282294,0.9623975871770654,0.9623975871770654
0.2676619725753852,0.238470911821976,0.20314277655298,0.1914292896584656,0.2032804232977161,120.4,120.89233796864735,-0.49233796864734813,0.49233796864734813
-0.7357287380004648,-0.7489044966244389,-0.7785929436476646,-0.8579926382837295,-0.8539837263855822,90.5,90.56980396051688,-0.06980396051687876,0.06980396051687876
0.0696243323301516,0.0535444139189683,0.0345618953064049,0.0457682018683815,0.0363149285030416,114.1,114.84397109237685,-0.743971092376853,0.743971092376853
-1.1747121738773996,-1.1748958935795817,-1.181864855649276,-1.169177689471636,-1.2017135171976308,77.0,77.1575691419585,-0.15756914195850413,0.15756914195850413
-0.1680208359641288,-0.1875204851331663,-0.2166566728257468,-0.0700985725100942,-0.1292706861693622,107.8,107.5563408618926,0.2436591381074038,0.2436591381074038
-0.6334092905404276,-0.5870938109593072,-0.5736514801714357,-0.5070818358803459,-0.5727641574669509,92.9,93.37339627080881,-0.47339627080880575,0.47339627080880575
-0.5607954891171751,-0.5870938109593072,-0.5736514801714357,-0.6428114858665602,-0.5959461435210861,95.9,95.80552090844616,0.09447909155385048,0.09447909155385048
0.0729249596675724,0.0634511905923436,0.064311462585212,0.0689415567440768,0.0752275479510564,115.2,114.90351941596116,0.2964805840388465,0.2964805840388465
0.1917475438147124,0.2120528406929746,0.1601711793724805,0.1119777872275105,0.1251792083772327,118.5,118.53472499181129,-0.034724991811287964,0.034724991811287964
1.0433093968692173,1.034315304583133,0.9601039884248572,0.959460479824362,0.9451039770300844,144.2,144.3627737899094,-0.1627737899094086,0.1627737899094086
-1.05919021706768,-1.0295965023700753,-1.0364225267306622,-0.9837908504660746,-1.004390659713016,80.2,80.5270180866989,-0.3270180866988994,0.3270180866988994
-0.2043277366757547,-0.2106362973710423,-0.1902126130223621,-0.2058282224963085,-0.191917243720422,106.7,106.50413336833215,0.19586663166785456,0.19586663166785456
2.333854685800656,2.3552188610331863,2.381472202856767,2.4028294406533743,2.399221649878243,182.9,183.21210580473516,-0.3121058047351539,0.3121058047351539
-0.5772986258042779,-0.573884775394807,-0.5571239427943205,-0.560049504167649,-0.5559296199752558,95.8,95.19183569087447,0.6081643091255273,0.6081643091255273
0.0135136675940019,-0.0191052816857846,-0.041464776628325,-0.0270623420266604,-0.0219160126567534,114.3,113.17274347666576,1.127256523334239,1.127256523334239
0.1917475438147124,0.1856347695639736,0.1965317616021338,0.1285301835672928,0.1502930266025466,118.7,118.55204333796605,0.1479566620339483,0.1479566620339483
0.0399186862933668,0.0469398961367179,0.0610059551097891,0.0523891604042945,0.0346590723563176,113.6,113.88788204883875,-0.28788204883875324,0.28788204883875324
1.0829169249182635,1.07724467016776,1.1253793621960095,1.1018110883464898,1.091923222039616,145.0,145.45740408175243,-0.4574040817524292,0.4574040817524292
-0.2736409107615863,-0.2568679218467939,-0.2100456578749006,-0.1892758261565263,-0.2065439730164829,105.0,104.310396666141,0.6896033338589973,0.6896033338589973
0.0993299783669368,0.0997760383947203,0.1105885672411348,0.078872994547946,0.0675002192663446,116.0,115.72568848682164,0.2743115131783611,0.2743115131783611
-0.7687350113746704,-0.7522067555155639,-0.7058717791883575,-0.6461219651345169,-0.6688038139769443,90.4,89.28930945399603,1.1106905460039798,1.1106905460039798
2.3503578224877586,2.375032414379937,2.3946942327584595,2.386277044313592,2.4248874201524657,184.6,183.70938081481341,0.8906191851865799,0.8906191851865799
-0.1020082892157176,-0.1181730484195387,-0.1472410158418626,-0.1661024712808315,-0.1350661826828957,109.9,109.661322021629,0.23867797837100113,0.23867797837100113
-0.0657013885040911,-0.0851504595082873,-0.0579923140054402,-0.0932719273857894,-0.087046354427899,110.5,110.75254474417069,-0.2525447441706916,0.2525447441706916
0.4062883207470488,0.3738635263581064,0.341974090520748,0.2907436676971591,0.3191903535683992,125.2,125.12323210742291,0.07676789257709515,0.07676789257709515
-0.9172632415585956,-0.920621958962946,-0.9141187501400092,-0.8811659931594248,-0.8989678183715852,85.2,84.90718559086838,0.2928144091316227,0.2928144091316227
-0.7819375207243527,-0.7819270855356903,-0.7719819286968185,-0.7321944261013845,-0.7590479739734046,90.5,88.99054521874116,1.5094547812588388,1.5094547812588388
-0.2472358920622219,-0.250263404064544,-0.2100456578749006,-0.2753482871233943,-0.2388331678776023,105.4,105.21709277525139,0.1829072247486181,0.1829072247486181
-1.283632876012278,-1.2838704369867109,-1.2116144229280834,-1.169177689471636,-1.2083369417845269,73.1,73.75616854435948,-0.6561685443594882,0.6561685443594882
1.3370652298996464,1.3216118281110192,1.3005712583934312,1.2871979273520509,1.2947656000133103,153.1,153.21225665798198,-0.11225665798198747,0.11225665798198747
0.1092318603791984,0.0700557083745939,0.0775334924869044,-0.0171309042227911,0.0407305448943064,116.1,116.13746530337345,-0.037465303373451775,0.037465303373451775
1.9410800326476088,1.9622500529892952,1.978200290855156,2.101575827269337,2.043764530381484,171.8,171.26460825964372,0.5353917403562889,0.5353917403562889
-0.7093237193011004,-0.7422999788421886,-0.6728167044341271,-0.6891581956179507,-0.6837065192974603,91.4,91.24598182177638,0.15401817822362318,0.15401817822362318
-0.9700732789573248,-0.9932716545676992,-1.0033674519764315,-1.0500004358252035,-1.044407183258847,83.6,83.44420213271465,0.15579786728534373,0.15579786728534373
0.2181525625140768,0.2087505818018497,0.2262813288809414,0.1715664140507266,0.20493627944444,119.0,119.32760665251018,-0.32760665251018395,0.32760665251018395
-1.0624908444051004,-1.0758281268458274,-1.0992271687636996,-1.0764842699688555,-1.0775243061933275,80.6,80.56301270440306,0.036987295596929926,0.036987295596929926
1.2182426457525064,1.2093350258127655,1.1683509593765096,1.1647101944376623,1.1678166287644682,149.4,149.6129659425926,-0.2129659425926036,0.2129659425926036
-0.8578519494850255,-0.871088075596069,-0.9108132426645864,-0.9374441407146844,-0.920493948278998,86.5,86.81292516089337,-0.3129251608933714,0.3129251608933714
1.4030777766480576,1.4074705592802734,1.4030419901315456,1.383201826122788,1.4106755302839933,155.0,155.13773187740367,-0.13773187740366666,0.13773187740366666
0.5119083955445064,0.5158606586764874,0.5403045390461308,0.5820658432773262,0.5653609673813725,128.3,128.10915935610876,0.19084064389124933,0.19084064389124933
0.17854503446503,0.1724257339994734,0.1337271195690962,0.1185987457634236,0.1392539856243855,118.3,118.14089549195398,0.1591045080460134,0.1591045080460134
-0.2934446747861099,-0.3163085818870467,-0.3356549419409763,-0.3514893102863926,-0.356398954295009,103.8,103.90094993874882,-0.10094993874882618,0.10094993874882618
-0.9601713969450631,-0.950342288983072,-0.900896720238317,-0.8944079102312508,-0.913594547667648,83.4,83.56738651639976,-0.167386516399759,0.167386516399759
0.0267161769436844,0.0601489317012186,0.0973665373394424,0.0987358701556846,0.069708027461977,112.6,113.40124089436864,-0.8012408943686467,0.8012408943686467
1.756244901752058,1.7443009661750366,1.7335927376738502,1.8632213199764736,1.7904185399327062,165.3,165.78082935214428,-0.48082935214426925,0.48082935214426925
-1.3991548328219976,-1.4093562748494657,-1.383500811650082,-1.3942902796926748,-1.394896734315435,70.4,70.35825072844874,0.04174927155126795,0.04174927155126795
-0.3825616128964652,-0.3922605363829247,-0.4050705989248601,-0.4044569785736956,-0.4132500153325334,101.1,101.15103355328333,-0.05103355328333237,0.05103355328333237
-0.4716785510068199,-0.497932820898929,-0.4810972708595905,-0.5037713566123891,-0.4996305109866384,98.2,98.48078376002921,-0.2807837600292089,0.2807837600292089
0.6505347437161705,0.6743690854504933,0.6890523754401678,0.6284125530287168,0.6694039286005324,134.2,132.33636167800907,1.8636383219909192,1.8636383219909192
0.2115513078392356,0.192239287346224,0.1370326270445191,0.1550140177109443,0.1472572903335519,119.6,119.17239199514559,0.427608004854406,0.427608004854406
-0.2175302460254372,-0.2106362973710423,-0.1736850756452469,-0.2091387017642652,-0.187777603353612,104.9,106.07394044831084,-1.1739404483108302,1.1739404483108302
-0.1746220906389695,-0.2040317795887919,-0.1935181204977854,-0.1594815127449185,-0.186673699255795,107.2,107.44430288852534,-0.24430288852533977,0.24430288852533977
-0.7291274833256239,-0.722486425495438,-0.7852039585985103,-0.8215773663362088,-0.8021002337882291,90.6,90.69254708695766,-0.09254708695766567,0.09254708695766567
0.0036117855817404,0.0073127894432167,-0.0216317317757869,-0.0866509688498764,-0.0343349337571837,112.8,112.84570233399849,-0.04570233399849144,0.04570233399849144
-0.7687350113746704,-0.8116474155558167,-0.7951204810247798,-0.8050249699964265,-0.8051359700572237,89.6,89.52025190147155,0.07974809852844089,0.07974809852844089
-0.3033465567983716,-0.3064018052136709,-0.3257384195147073,-0.3514893102863926,-0.3299052559474245,103.4,103.54391762181986,-0.14391762181985257,0.14391762181985257
-0.6631149365772128,-0.6399299532173097,-0.6893442418112423,-0.6361905273306472,-0.6566608689009678,94.2,92.56830014873938,1.6316998512606204,1.6316998512606204
0.4987058861948244,0.5059538820031116,0.5469155539969766,0.4959933823104587,0.4833960881185319,127.7,127.78877264929794,-0.08877264929793682,0.08877264929793682
0.5746203149554971,0.5819058364989901,0.5634430913740918,0.552271529865719,0.5722603679927221,129.9,130.07104446042322,-0.17104446042321797,0.17104446042321797
-0.742329992675306,-0.7323932021688133,-0.748843376368857,-0.8050249699964265,-0.8214185555000099,89.9,90.29267882835555,-0.39267882835554246,0.39267882835554246
-0.6136055265159044,-0.6102096231971833,-0.5736514801714357,-0.5997752553831265,-0.5987059037656265,94.3,94.10313911147384,0.19686088852616024,0.19686088852616024
0.2775638545876468,0.264888982950977,0.256030896159749,0.1881188103905088,0.2104557999335203,120.9,121.18302479229094,-0.2830247922909308,0.2830247922909308
0.2214531898514976,0.2219596173663504,0.1866152391758648,0.2179131238021171,0.1988648069064522,119.5,119.39987959527804,0.10012040472196304,0.10012040472196304
1.3172614658751232,1.3183095692198945,1.3137932882951238,1.2739560102802248,1.2533691963452096,152.3,152.61148218740993,-0.31148218740992206,0.31148218740992206
0.5515159235935536,0.5488832475877388,0.5039439568164775,0.5224772164541107,0.5399711731316045,129.7,129.3890298185487,0.31097018145129596,0.31097018145129596
-1.214319701926446,-1.14187330466833,-1.0793941239111615,-1.0003432468058568,-1.055446224237007,76.7,75.66217118195853,1.0378288180414756,1.0378288180414756
-0.9271651235708576,-0.9272264767451964,-0.9174242576154322,-0.9142707858389894,-0.9100068593497458,85.0,84.61252327411033,0.38747672588966964,0.38747672588966964
-1.3529460500981096,-1.3829382037204647,-1.3967228415517738,-1.4075321967645007,-1.4004162548045147,71.5,71.83551674721666,-0.3355167472166585,0.3355167472166585
-1.1879146832270815,-1.1881049291440815,-1.2016979005018145,-1.1294519382561587,-1.167492490165334,77.4,76.70069795060293,0.6993020493970761,0.6993020493970761
1.914675013948244,1.892902616275668,1.8790350665924644,1.8499794029046477,1.857204737850576,170.9,170.71739822008038,0.18260177991962223,0.18260177991962223
1.538403497482301,1.536258656034153,1.565011856427275,1.5090000383051327,1.5390043816551071,159.6,159.25548795578234,0.3445120442176517,0.3445120442176517
0.2874657365999088,0.3111206074267286,0.2725584335368642,0.3768161286640267,0.3429242916714434,120.2,121.2743130105406,-1.0743130105405925,1.0743130105405925
1.0994200616053664,1.1003604824056357,1.072491242589241,1.0819482127387512,1.0985466466265126,145.8,145.95511445040802,-0.1551144504080071,0.1551144504080071
1.168733235691198,1.176312436901514,1.1352958846222792,1.1547787566337928,1.1578814918841238,148.1,148.04924535052106,0.05075464947893238,0.05075464947893238
-0.8743550861721283,-0.9074129233984451,-0.8942857052874712,-0.8910974309632941,-0.9422960542108644,84.6,86.3312191351121,-1.7312191351120987,1.7312191351120987
-0.7291274833256239,-0.7059751310398124,-0.7091772866637804,-0.6229486102588216,-0.6257515541621195,89.9,90.47343928589244,-0.5734392858924338,0.5734392858924338
1.7331405103901136,1.724487412828286,1.7302872301984271,1.7208707114543458,1.7252881981615604,164.7,165.15368636358812,-0.4536863635881332,0.4536863635881332
1.5780110255313475,1.58579253940103,1.6344275134111588,1.6248668126836086,1.6107581480131483,160.3,160.39435726791964,-0.09435726791963361,0.09435726791963361
1.0235056328446932,1.0244085279097572,1.0063810930807802,1.065395816398969,1.0521826745182394,144.1,143.61617433374337,0.48382566625662093,0.48382566625662093
-1.0525889623928388,-1.0362010201523255,-1.046339049156931,-0.9539965370544669,-1.0107381082754583,81.3,80.74551693788791,0.5544830621120838,0.5544830621120838
0.0036117855817404,-0.0389188350325353,-0.0282427467266331,-0.0667880932421379,-0.0638643683737628,113.7,112.92711610147329,0.7728838985267146,0.7728838985267146
1.6308210629300763,1.6056060927477815,1.6212054835094665,1.5983829785399577,1.620693284893492,161.6,162.08775464107723,-0.4877546410772311,0.4877546410772311
-0.1845239726512316,-0.1313820839840389,-0.1009639111859402,-0.126376720065354,-0.1461052236610568,104.1,106.99195798832712,-2.891957988327121,2.891957988327121
-1.3133385220490628,-1.280568178095585,-1.2050034079772374,-1.1923510443473313,-1.2237915991539507,72.4,72.80369983631999,-0.40369983631998707,0.40369983631998707
-0.151517699277026,-0.1544978962219149,-0.1406300008910164,-0.2223806188360908,-0.2073719010898455,107.6,108.17565636670491,-0.5756563667049193,0.5756563667049193
2.24143712035288,2.2561510942994323,2.368250172955076,2.386277044313592,2.355617438014511,179.8,180.37411115392348,-0.574111153923468,0.574111153923468
-0.5838998804791191,-0.6168141409794337,-0.6133175698765123,-0.5865333383113005,-0.5937383353254551,95.8,95.0662121874345,0.7337878125654953,0.7337878125654953
-0.6796180732643156,-0.6333254354350593,-0.6496781521061656,-0.6825372370820377,-0.6826026151996443,91.3,92.06397660286746,-0.7639766028674586,0.7639766028674586
0.5152090228819277,0.5290696942409873,0.5006384493410542,0.4430257140231557,0.4671135026757462,128.2,128.31722397723416,-0.11722397723417544,0.11722397723417544
-0.5706973711294367,-0.5540712220480559,-0.52406886804009,-0.5302551907560411,-0.5225365210163199,95.5,95.34823973071067,0.1517602692893263,0.1517602692893263
1.2974577018506,1.2984960158731438,1.3104877808197009,1.2971293651559206,1.2743433742037138,152.7,151.96765095989613,0.7323490401038555,0.7323490401038555
1.2644514284763944,1.2687756858530173,1.2476831387866627,1.184573070045401,1.207281200261391,149.9,151.0127112397107,-1.1127112397107055,1.1127112397107055
-0.4551754143197171,-0.448398937532052,-0.4381256736790905,-0.4441827297891731,-0.4510587306827327,97.2,98.89836483060641,-1.6983648306064083,1.6983648306064083
-0.9931776703192688,-0.9932716545676992,-0.960395854795932,-0.9705489333942492,-0.9571987595313808,82.9,82.60040540700332,0.2995945929966837,0.2995945929966837
1.4327834226848428,1.4404931481915249,1.4625411246891609,1.472584766357612,1.4700103755416052,155.7,155.99361811464684,-0.29361811464684706,0.29361811464684706
-0.1185114259028204,-0.0950572361816626,-0.0579923140054402,-0.0899614481178327,-0.0917379468436166,109.8,109.04609332884115,0.7539066711588447,0.7539066711588447
0.554816550930974,0.5389764709143631,0.5502210614724004,0.4926829030425025,0.511821618637295,128.4,129.55160988231327,-1.1516098823132666,1.1516098823132666
-0.966772651619904,-0.9404355123096966,-0.9141187501400092,-0.8811659931594248,-0.8882047534178794,83.9,83.31058754245919,0.5894124575408171,0.5894124575408171
-0.2670396560867456,-0.2700769574112946,-0.1902126130223621,-0.2190701395681345,-0.2300019350950737,105.5,104.5767225579103,0.9232774420896988,0.9232774420896988
-0.3957641222461471,-0.3790515008184239,-0.3290439269901301,-0.318384517606828,-0.3478436975369345,101.0,100.6335802921168,0.3664197078831961,0.3664197078831961
-0.8875575955218108,-0.9140174411806956,-0.9306462875171244,-0.897718389499207,-0.9042113628362116,85.7,85.87392729349685,-0.17392729349684544,0.17392729349684544
2.0896082628315344,2.0613178197230493,2.034393917937347,2.1115072650732074,2.0868167901963086,175.3,175.94361297186336,-0.6436129718633481,0.6436129718633481
-0.4188685136080912,-0.4087718308385503,-0.3984595839740144,-0.3680417066261748,-0.3746133719089733,99.3,99.94703488302818,-0.6470348830281836,0.6470348830281836
-0.2967453021235303,-0.2700769574112946,-0.2827668223342078,-0.238933015175873,-0.2484923287334927,102.8,103.61271307124647,-0.8127130712464776,0.8127130712464776
-0.0095907237679415,-0.002593987230159,-0.0017986869232488,-0.0204413834907474,-0.0172244202410353,110.8,112.39684155946041,-1.5968415594604153,1.5968415594604153
-0.151517699277026,-0.15119563733079,-0.1571575382681316,-0.0965824066537457,-0.1278908060470915,108.3,108.06199028137483,0.23800971862516462,0.23800971862516462
-1.2935347580245395,-1.3069862492245867,-1.2843355873873905,-1.21221391995507,-1.2282072155452153,73.6,73.4827547292676,0.11724527073239699,0.11724527073239699
-0.4881816876939227,-0.501235079790054,-0.5306798829909362,-0.4508036883250861,-0.4745166927613236,97.8,97.9003430382741,-0.1003430382741044,0.1003430382741044
-0.7852381480617732,-0.7555090144066894,-0.7356213464671647,-0.705710591957733,-0.7239990188677453,88.5,88.81492294154185,-0.31492294154185174,0.31492294154185174
0.1389375064159836,0.1294963684148463,0.117199582191981,0.072252036012033,0.0931659895405674,117.1,116.95860198044437,0.14139801955562348,0.14139801955562348
-0.7159249739759416,-0.7356954610599382,-0.7521488838442799,-0.765299218780949,-0.7573921178266807,90.5,91.09262454959514,-0.5926245495951434,0.5926245495951434
-0.9832757883070068,-0.9866671367854488,-0.8380920782052794,-0.8646135968196426,-0.8771657124397193,82.6,82.83578221945338,-0.23578221945338385,0.23578221945338385
0.1719437797901892,0.1757279928905983,0.1866152391758648,0.1914292896584656,0.1842380776103895,118.4,117.86969032787019,0.5303096721298175,0.5303096721298175
0.5812215696303389,0.5786035776078643,0.5931926586528994,0.6118601566889346,0.5973741862180364,129.6,130.25640427264187,-0.6564042726418791,0.6564042726418791
-0.3066471841357919,-0.299797287431421,-0.2926833447604768,-0.325005476142741,-0.2628430820051007,104.2,103.36898367316087,0.8310163268391335,0.8310163268391335
-0.5739979984668576,-0.5540712220480559,-0.4976248082367057,-0.560049504167649,-0.5567575480486175,93.7,95.28307671861849,-1.5830767186184858,1.5830767186184858
-0.7918394027366144,-0.7885316033179407,-0.8017314959756255,-0.758678260245036,-0.7648434704869382,87.4,88.6847307344384,-1.2847307344383978,1.2847307344383978
0.5746203149554971,0.5686968009344894,0.5469155539969766,0.512545778650241,0.5449387415717758,130.8,130.12191895797628,0.6780810420237344,0.6780810420237344
0.3501776560108992,0.3210273841001044,0.3122245232419404,0.3404008567165059,0.339060627329087,122.4,123.3286095190225,-0.9286095190225012,0.9286095190225012
-1.1285033911535116,-1.128664269103829,-1.1521152883704686,-1.0897261870406811,-1.1031900764675502,78.9,78.49904445144512,0.40095554855489013,0.40095554855489013
0.5152090228819277,0.5389764709143631,0.5336935240952851,0.5555820091336753,0.5562537585743902,129.1,128.19941937865354,0.9005806213464496,0.9005806213464496
-1.3199397767239038,-1.316893025897962,-1.307474139715352,-1.357875007745154,-1.3344579849600076,73.7,72.76555261129263,0.934447388707369,0.934447388707369
-1.0030795523315303,-1.0262942434789504,-1.0066729594518544,-1.0334480394854213,-1.0021828515173838,82.3,82.37265397171561,-0.07265397171561006,0.07265397171561006
-0.329751575497736,-0.3394243941249222,-0.3257384195147073,-0.3150740383388718,-0.3586067624906409,102.0,102.74047491272026,-0.7404749127202592,0.7404749127202592
-0.4914823150313436,-0.4880260442255532,-0.5009303157121286,-0.4408722505212168,-0.4789323091525879,97.2,97.77990983826972,-0.5799098382697139,0.5799098382697139
-0.871054458834708,-0.920621958962946,-0.9438683174188168,-0.95068605778651,-0.927669324914802,87.6,86.45570463847618,1.1442953615238167,1.1442953615238167
-0.9139626142211752,-0.9140174411806956,-0.9273407800417016,-0.9208917443749024,-0.9149744277899176,84.7,85.02930990445441,-0.329309904454405,0.329309904454405
0.1587412704405068,0.1361008861970966,0.1403381345199424,0.1517035384429881,0.1422897218933801,118.7,117.53350515676914,1.1664948432308648,1.1664948432308648
-0.1614195812892875,-0.1611024140041653,-0.1207969560384783,-0.0138204249548344,0.1318026329641285,107.3,107.51823640937101,-0.2182364093710163,0.2182364093710163
-0.6796180732643156,-0.7026728721486869,-0.7620654062705494,-0.7421258639052537,-0.7358659879192672,93.1,92.20411355108561,0.8958864489143821,0.8958864489143821
0.1323362517411424,0.1361008861970966,0.0940610298640196,0.1119777872275105,0.1191077358392435,117.2,116.69567137176405,0.5043286282359531,0.5043286282359531
-0.8479500674727639,-0.8248564511203169,-0.8413975856807022,-0.8281983248721217,-0.838253092991704,87.2,86.98064327114756,0.21935672885244628,0.21935672885244628
0.0135136675940019,0.017219566116592,0.0213398654047125,0.0225948469926863,0.0161686787178995,113.6,113.08568973720767,0.5143102627923213,0.5143102627923213
-0.7522318746875676,-0.7654157910800646,-0.8182590333527409,-0.8149564078002958,-0.8034801139104993,90.6,89.99183193952999,0.6081680604700068,0.6081680604700068
0.2115513078392356,0.2153550995841,0.2593364036351719,0.2311550408739426,0.2292221695963926,118.9,119.06961385698115,-0.16961385698114384,0.16961385698114384
-0.5673967437920163,-0.5639779987214317,-0.5670404652205895,-0.5170132736842151,-0.5401989865813771,96.6,95.47246528057495,1.127534719425043,1.127534719425043
-0.7027224646262591,-0.6465344709995601,-0.5108468381383977,-0.4408722505212168,-0.4800362132504034,89.5,91.10819390343354,-1.6081939034335448,1.6081939034335448
-1.389252950809736,-1.366426909264839,-1.409944871453466,-1.3843588418888055,-1.3849615974350908,71.0,70.60524045368545,0.39475954631454613,0.39475954631454613
0.5482152962561333,0.5356742120232381,0.4907219269147851,0.459578110362938,0.4831201120940782,129.8,129.36463112306834,0.43536887693167614,0.43536887693167614
-0.0822045251911939,-0.0917549772905372,-0.0679088364317098,-0.2290015773720038,-0.1714950179108253,110.8,110.33496359613201,0.46503640386798395,0.46503640386798395
-0.6301086632030072,-0.6333254354350593,-0.6331506147290504,-0.5832228590433441,-0.5887707668852827,92.0,93.57288967130118,-1.5728896713011835,1.5728896713011835
-0.682918700601736,-0.696068354366437,-0.6529836595815885,-0.6097066931869957,-0.6514173244363427,92.6,91.99419251818475,0.6058074818152477,0.6058074818152477
0.5911234516425999,0.591812613172365,0.579970628751207,0.6118601566889346,0.6144846997341853,131.1,130.54455790181643,0.5554420981835619,0.5554420981835619
0.4888040041825628,0.4828380697652356,0.4940274343902079,0.4993038615784155,0.4982987934390488,125.9,127.47525078922672,-1.5752507892267147,1.5752507892267147
0.5746203149554971,0.5852080953901151,0.6031091810791689,0.5622029676695878,0.5802636727018885,129.6,130.06366278543484,-0.46366278543484896,0.46366278543484896
0.6208290976793852,0.6116261665191156,0.5369990315707079,0.5456505713298055,0.5592894948433843,130.6,131.54536500716105,-0.9453650071610582,0.9453650071610582
0.0465199409682075,0.0700557083745939,0.064311462585212,0.01928436772473,0.0247239354759735,114.2,114.09041178620245,0.10958821379755079,0.10958821379755079
-0.6301086632030072,-0.649836729890685,-0.6463726446307428,-0.7189525090295585,-0.704128745107057,92.7,93.7325456286656,-1.032545628665602,1.032545628665602
0.9706955954459644,0.9583633500872546,0.9832425407528192,0.9892547932359702,0.9862244046737316,142.9,142.06023695168042,0.8397630483195826,0.8397630483195826
-1.366148559447792,-1.3994494981760903,-1.40333385650262,-1.410842676032457,-1.386893429606269,71.1,71.416552646144,-0.3165526461440038,0.3165526461440038
0.1719437797901892,0.1757279928905983,0.1634766868479034,0.2311550408739426,0.2032804232977161,118.6,117.83707224737451,0.7629277526254867,0.7629277526254867
-1.1483071551780348,-1.1484778224505798,-1.17525384069843,-1.285044463850112,-1.2431099208657312,77.6,78.05485936675966,-0.45485936675966343,0.45485936675966343
1.307359583862862,1.301798274764269,1.3137932882951238,1.462653328553743,1.416195050773074,151.3,152.11631730984044,-0.8163173098404286,0.8163173098404286
0.2610607179005439,0.2681912418421019,0.2857804634385562,0.2907436676971591,0.2838654224382851,120.5,120.55157598601016,-0.05157598601016389,0.05157598601016389
-0.0161919784427827,0.017219566116592,-0.0877418812842479,-0.0303728212946167,-0.0470298308820687,112.6,112.16630749049939,0.43369250950060234,0.43369250950060234
-1.0888958631044647,-1.0725258679547018,-1.1256712285670845,-1.1228309797202456,-1.1338234151819446,81.3,79.75354470716172,1.5464552928382744,1.5464552928382744
2.139117672892843,2.127362997545552,2.1566976945280003,2.161164454092554,2.146703587502829,177.7,177.4229939096778,0.2770060903221747,0.2770060903221747
2.0797063808192724,2.071224596396425,2.011255365609386,1.9923300114267752,2.012855215642636,175.3,175.7020092357019,-0.4020092357018825,0.4020092357018825
-0.7720356387120911,-0.745602237733314,-0.7257048240408956,-0.705710591957733,-0.722067186696568,89.6,89.23201744347014,0.3679825565298529,0.3679825565298529
-0.0921064072034555,0.0139173072254666,0.0015068205521744,0.0027319713849477,-0.0037015950427882,109.8,109.66337675163427,0.13662324836572282,0.13662324836572282
1.2842551925009176,1.2687756858530173,1.2741271985900466,1.2971293651559206,1.2966974321844889,150.6,151.55351612598014,-0.9535161259801441,0.9535161259801441
1.2083407637402452,1.2555666502885166,1.2542941537375083,1.264024572476356,1.2398463711469645,149.0,149.14907897292957,-0.14907897292957273,0.14907897292957273
0.4557977308083572,0.4035838563782327,0.4146952549800551,0.4397152347551994,0.3948077842687964,126.0,126.59960924541426,-0.599609245414257,0.599609245414257
-1.17801280121482,-1.191407188035207,-1.2281419603051986,-1.1857300858114184,-1.2028174212954466,77.7,77.07098540307128,0.6290145969287266,0.6290145969287266
-1.1516077825154556,-1.14187330466833,-1.1620318107967378,-1.152625293131854,-1.1545216170159958,79.0,77.824513711999,1.1754862880009966,1.1754862880009966
-0.2208308733628575,-0.2370543685000433,-0.2232676877765926,-0.2190701395681345,-0.2018523806007648,106.0,106.00918769569715,-0.009187695697150389,0.009187695697150389
-1.0195826890186332,-1.0130852079144497,-0.9504793323696626,-0.9539965370544669,-0.9696176806318112,82.2,81.77322234666201,0.426777653337993,0.426777653337993
-0.0756032705163527,-0.0950572361816626,-0.0877418812842479,-0.1826548676206137,-0.1427935113676079,110.6,110.51283134212835,0.08716865787164352,0.08716865787164352
0.4524971034709368,0.4465132219628593,0.32214104566821,0.2642598335535072,0.3073233845168769,126.5,126.54421203385212,-0.04421203385211925,0.04421203385211925
-0.0822045251911939,-0.0554301294881609,-0.0579923140054402,-0.0171309042227911,-0.0232958927790236,110.0,110.0953964925548,-0.09539649255479787,0.09539649255479787
-0.1251126805776611,-0.1082662717461629,-0.0546868065300174,-0.113134802993528,-0.101949059748415,109.4,108.86564619894526,0.5343538010547491,0.5343538010547491
0.2940669912747496,0.33753867855573,0.32214104566821,0.3304694189126362,0.3285735383998349,121.7,121.48834819795874,0.21165180204125988,0.21165180204125988
-0.1449164446021847,-0.1181730484195387,-0.1075749261367859,-0.0634776139741812,-0.0751793853763762,108.1,108.18585613391451,-0.0858561339145183,0.0858561339145183
-1.4090567148342592,-1.4060540159583408,-1.409944871453466,-1.410842676032457,-1.4081435834892275,70.1,70.04212570261069,0.057874297389304274,0.057874297389304274
-0.9469688875953808,-0.943737771200822,-0.877758167910356,-0.8646135968196426,-0.8997957464449479,82.7,83.97205085138866,-1.2720508513886557,1.2720508513886557
-0.3330522028351568,-0.299797287431421,-0.309210882137592,-0.3614207480902618,-0.3362527045098669,103.1,102.57681125315202,0.5231887468479783,0.5231887468479783
-0.0062900964305211,0.0040105305520913,-0.0249372392512098,-0.0038889871509652,-0.0158445401187642,112.5,112.48472764387127,0.015272356128733122,0.015272356128733122
1.545004752157142,1.5593744682720294,1.5815393938043902,1.5421048309846972,1.5826085935188392,160.3,159.39485093382598,0.9051490661740331,0.9051490661740331
0.8650755206485068,0.8659001011357514,0.8014396296045516,0.8601461017856684,0.859551409449343,138.0,138.85713670548844,-0.8571367054884433,0.8571367054884433
-0.64661179989011,-0.6465344709995601,-0.5967900324993971,-0.4574246468609991,-0.517568952576149,93.2,92.96004776799978,0.23995223200022053,0.23995223200022053
2.2183327289909363,2.19671043425918,2.229418858987307,2.204200684575988,2.198035128051273,180.3,179.8674004468241,0.432599553175919,0.432599553175919
2.3206521764509738,2.3420098254686854,2.3186675608237297,2.27703122847103,2.29214295239009,182.2,182.91754110205937,-0.7175411020593856,0.7175411020593856
1.0730150429060017,1.0739424112766345,1.0460471827858573,1.012428148111665,1.022101287852753,145.8,145.21127709858467,0.5887229014153377,0.5887229014153377
-0.8248456761108199,-0.8446700044670681,-0.7620654062705494,-0.7454363431732105,-0.778366295685185,87.8,87.70018650077947,0.09981349922053084,0.09981349922053084
-0.5805992531416988,-0.5441644453746806,-0.5736514801714357,-0.5799123797753879,-0.5755239177114898,95.6,95.06223851475849,0.5377614852415036,0.5377614852415036
-1.154908409852876,-1.1649891169062057,-1.089310646337431,-1.1426938553279846,-1.1291318227662266,77.6,77.73787937815707,-0.13787937815708062,0.13787937815708062
-0.5838998804791191,-0.5804892931770573,-0.5604294502697433,-0.5898438175792572,-0.5832512463962021,95.2,95.01723768940258,0.18276231059742543,0.18276231059742543
0.5944240789800204,0.5753013187167393,0.5403045390461308,0.5588924884016315,0.5493543579630397,130.7,130.73910337940382,-0.039103379403826466,0.039103379403826466
2.24143712035288,2.242942058734932,2.229418858987307,2.2008902053080317,2.2203891860320475,181.0,180.5392600250322,0.46073997496779384,0.46073997496779384
-0.8083425394237171,-0.8149496744469417,-0.7885094660739337,-0.765299218780949,-0.7993404735436892,87.7,88.21613221202554,-0.5161322120255392,0.5161322120255392
-0.8413488127979227,-0.7852293444268152,-0.7653709137459723,-0.7355049053693408,-0.7720188471227425,87.4,87.06961323251817,0.3303867674818406,0.3303867674818406
0.435993966783834,0.4233974097249833,0.4345282998325932,0.4297837969513297,0.4320645475700873,125.1,125.90172558075209,-0.8017255807520911,0.8017255807520911
1.1357269623169923,1.1234762946435113,1.1022408098680485,1.0488434200591867,1.0819880851592714,146.8,147.13704752782473,-0.3370475278247227,0.3370475278247227
0.5746203149554971,0.6017193898457407,0.579970628751207,0.5820658432773262,0.5835753849953365,129.9,130.0273476343806,-0.12734763438058394,0.12734763438058394
0.7165472904645817,0.7106939332528696,0.7419404950469364,0.711174534727628,0.7157679007088057,135.1,134.3839297889032,0.7160702110967918,0.7160702110967918
-0.6103048991784835,-0.5936983287415576,-0.6166230773519352,-0.6792267578140815,-0.6536251326319736,94.4,94.25104852774997,0.14895147225003313,0.14895147225003313
2.1721239462670483,2.176896880912429,2.166614216954269,2.197579726040075,2.190583775391016,179.8,178.38451701008844,1.4154829899115668,1.4154829899115668
-0.9403676329205396,-0.9041106645073204,-0.9570903473205088,-0.9539965370544669,-0.9646501121916392,85.0,84.20029242642312,0.7997075735768817,0.7997075735768817
-1.3166391493864835,-1.3003817314423365,-1.2942521098136597,-1.2618711089744168,-1.2649120267975975,72.1,72.76419435007423,-0.66419435007424,0.66419435007424
-0.6796180732643156,-0.6597435065640603,-0.7058717791883575,-0.7090210712256892,-0.722067186696568,92.6,92.13202984694747,0.4679701530525193,0.4679701530525193
2.307449667101291,2.322196272121935,2.3715556804304985,2.343240813830159,2.3467862052319832,182.5,182.45741870055784,0.042581299442161935,0.042581299442161935
-0.8314469307856611,-0.8248564511203169,-0.8314810632544332,-0.7752306565848183,-0.7929930249812471,87.1,87.4664581370447,-0.3664581370447024,0.3664581370447024
0.3963864387347872,0.3540499730113557,0.3353630755699018,0.4165418798795042,0.3994993766845145,125.2,124.71986910021573,0.48013089978427104,0.48013089978427104
-0.811643166761138,-0.8149496744469417,-0.7951204810247798,-0.7984040114605135,-0.8089996343995796,89.4,88.12590152312333,1.2740984768766737,1.2740984768766737
0.1752444071276096,0.1790302517817233,0.1271161046182501,0.072252036012033,0.1364942253798461,117.6,118.04000624855499,-0.4400062485549938,0.4400062485549938
-0.1779227179763904,-0.1611024140041653,-0.1439355083664397,-0.0568566554382682,0.0675002192663446,107.4,107.04259031651488,0.35740968348513036,0.35740968348513036
-0.5905011351539604,-0.6069073643060583,-0.590179017548551,-0.573291421239475,-0.5675206130023238,95.2,94.81518146750352,0.3848185324964817,0.3848185324964817
0.41288957542189,0.390374820813732,0.3882511951766709,0.3503322945203752,0.3710738461657523,125.3,125.26174012563598,0.0382598743640159,0.0382598743640159
2.3833640958619644,2.394845967726688,2.3550281430533837,2.3995189613854184,2.4003255539760606,184.8,184.76759227034634,0.03240772965367,0.03240772965367
-1.3232404040613248,-1.3598223914825889,-1.3768897966992355,-1.404221717496544,-1.382201837190551,72.7,72.75987496763197,-0.059874967631969866,0.059874967631969866
0.05972245031789,0.0205218250077169,0.0510894326835201,0.0325262847965555,0.031071384038416,113.9,114.57857018292783,-0.6785701829278281,0.6785701829278281
0.7957623465626753,0.7965526644221238,0.8278836894079354,0.8502146639817996,0.8107036531209841,137.2,136.74069205171298,0.4593079482870053,0.4593079482870053
-0.1350145625899232,-0.0719414239437866,-0.0745198513825555,-0.0998928859217024,-0.1011211316750537,110.1,108.48332532821246,1.6166746717875355,1.6166746717875355
1.59121353488103,1.575885762727655,1.607983453607775,1.631487771219522,1.620969260917947,161.1,160.82372804765845,0.27627195234154556,0.27627195234154556
0.4062883207470488,0.3705612674669814,0.3618071353732861,0.3536427737883314,0.3500996683072466,124.6,125.0855953912878,-0.48559539128780216,0.48559539128780216
0.00031115824432,-0.0091985050124089,-0.0084097018740946,-0.0303728212946167,-0.0197082044611206,112.8,112.73323069538075,0.06676930461924258,0.06676930461924258
-0.6895199552765772,-0.7191841666043126,-0.6761222119095499,-0.7189525090295585,-0.7184794983786654,91.3,91.89754477118758,-0.5975447711875859,0.5975447711875859
0.7396516818265252,0.740414263272996,0.7551625249486288,0.7211059725314978,0.7188036369777998,136.3,135.0928889564386,1.2071110435614116,1.2071110435614116
-0.5211879610681284,-0.5342576687013053,-0.5174578530892439,-0.4243198541814346,-0.461269843587532,96.3,96.85244092076034,-0.5524409207603469,0.5524409207603469
2.386664723199385,2.4014504855089385,2.3318895907254213,2.336619855294245,2.3658285509193093,183.5,184.91068158220267,-1.4106815822026704,1.4106815822026704
-1.141705900503194,-1.1352687868860796,-1.1488097808950457,-1.1360728967920717,-1.1608690655784375,79.0,78.14061600064454,0.8593839993554582,0.8593839993554582
-0.9370670055831192,-0.920621958962946,-0.9108132426645864,-0.8745450346235119,-0.9031074587383954,84.0,84.26289154210176,-0.26289154210175525,0.26289154210175525
1.290856447175759,1.2918914980908938,1.3005712583934312,1.2574036139404423,1.2748953262526224,153.1,151.77207738685914,1.3279226131408564,1.3279226131408564
-1.0195826890186332,-1.0196897256967,-1.0000619445010084,-1.0069642053417698,-1.01846543696017,82.1,81.83103092893731,0.26896907106268486,0.26896907106268486
0.6769397624155343,0.694182638797244,0.6989688978664373,0.7177954932635415,0.672991616918435,133.2,133.140222850774,0.05977714922599375,0.05977714922599375
0.6208290976793852,0.6116261665191156,0.5865816437020537,0.6085496774209783,0.6017898026093003,131.6,131.49882601293288,0.10117398706711356,0.10117398706711356
-0.2934446747861099,-0.2436588862822936,-0.2298787027274387,-0.172723429816744,-0.2040601887963976,103.2,103.63486962411544,-0.4348696241154357,0.4348696241154357
1.1984388817279832,1.2093350258127655,1.2509886462620856,1.2673350517443125,1.2379145389757862,148.5,148.89055561991734,-0.3905556199173361,0.3905556199173361
-0.70602309196368,-0.6894638365841866,-0.6827332268603962,-0.7090210712256892,-0.6911578719577183,89.7,91.29061615171854,-1.5906161517185353,1.5906161517185353
-0.1581189539518667,-0.1743114495686656,-0.1670740606944011,-0.1528605542090055,-0.1651475693483819,108.0,107.92602784010349,0.07397215989651329,0.07397215989651329
-0.966772651619904,-0.9767603601120732,-0.9703123772222012,-0.9837908504660746,-0.9914197865636776,83.0,83.46962619345042,-0.46962619345042356,0.46962619345042356
-0.9271651235708576,-0.9470400300919468,-0.9339517949925474,-0.9672384541262924,-0.9433999583086804,86.7,84.68190526584984,2.018094734150168,2.018094734150168
-1.0294845710308949,-1.0295965023700753,-1.049644556632354,-1.1426938553279846,-1.091599083440482,80.6,81.61707770332956,-1.0170777033295622,1.0170777033295622
-0.9370670055831192,-0.9470400300919468,-0.953784839845086,-0.9804803711981184,-0.9792768414877014,83.6,84.38917724031546,-0.7891772403154675,0.7891772403154675
-1.0228833163560536,-1.0262942434789504,-1.0165894818781236,-0.8944079102312508,-0.9406401980641405,81.6,81.62915001152382,-0.029150011523825015,0.029150011523825015
1.3007583291880205,1.301798274764269,1.303876765868854,1.3335446371034414,1.3193274661897174,152.0,152.02070238670987,-0.020702386709871234,0.020702386709871234
-0.0888057798660351,-0.1214753073106636,-0.1836015980715164,-0.1760339090847007,-0.1811541787667143,110.4,110.13149463561253,0.2685053643874795,0.2685053643874795
0.9409899494091792,0.931945278958254,0.9171323912443582,0.9064928115370589,0.8951523166039095,140.8,141.21800418619193,-0.41800418619192214,0.41800418619192214
-0.0756032705163527,-0.1082662717461629,-0.1340189859401707,-0.238933015175873,-0.1858457711824324,110.1,110.57674136333972,-0.47674136333972683,0.47674136333972683
-1.2770316213374369,-1.267359142531085,-1.2876410948628134,-1.2420082333666782,-1.252769081721622,73.6,73.9951196046692,-0.3951196046692047,0.3951196046692047
-0.6730168185894744,-0.649836729890685,-0.6529836595815885,-0.639501006598604,-0.650037444314072,94.4,92.2611170318992,2.138882968100802,2.138882968100802
-1.1516077825154556,-1.1583845991239556,-1.1488097808950457,-1.1426938553279846,-1.1639048018474318,78.2,77.85448104074132,0.34551895925868337,0.34551895925868337
-0.8677538314972871,-0.8578790400315682,-0.8645361380086637,-0.8579926382837295,-0.884893041124431,86.5,86.42461674422877,0.07538325577122862,0.07538325577122862
0.2379563265386004,0.218657358475225,0.2196703139300952,0.2212236030700733,0.2159753204225996,120.5,119.93364317699813,0.5663568230018683,0.5663568230018683
-0.8908582228592311,-0.894203887833945,-0.8942857052874712,-0.9341336614467278,-0.90890295525193,84.4,85.76059509340247,-1.3605950934024662,1.3605950934024662
0.5218102775567685,0.4861403286563611,0.4378338073080166,0.4132314006115474,0.4436555405971563,128.4,128.61042708851096,-0.21042708851095426,0.21042708851095426
-1.2770316213374369,-1.2838704369867109,-1.2810300799119672,-1.331391173601502,-1.3115519749303246,74.3,74.09667574538705,0.20332425461295145,0.20332425461295145
1.729839883052693,1.7409987072839117,1.7203707077721575,1.7308021492582155,1.7228044139414749,165.2,165.02000545059417,0.17999454940581927,0.17999454940581927
0.9145849307098152,0.9088294667203776,0.903910361342666,0.8535251432497559,0.8634150737916995,140.6,140.42967018208782,0.17032981791217594,0.17032981791217594
1.049910651544058,1.0409198223653828,1.0361306603595877,0.9693919176282316,0.9798769561112896,143.3,144.5505248051961,-1.2505248051960791,1.2505248051960791
1.049910651544058,1.0442220812565088,1.0361306603595877,1.0985006090785334,1.0477670581269756,145.4,144.4482899376878,0.9517100623122019,0.9517100623122019
1.4459859320345252,1.4371908893003988,1.436097064885776,1.4659638078216994,1.455659622269997,157.1,156.43829314963648,0.6617068503635153,0.6617068503635153
1.1093219436176285,1.133383071316887,1.1485179145239717,1.168020673705619,1.1484983070526884,146.7,146.17657933301717,0.5234206669828154,0.5234206669828154
0.0267161769436844,0.0337308605722177,0.0378674027818277,0.072252036012033,0.0401785928453979,113.8,113.4605088577099,0.33949114229010036,0.33949114229010036
-0.0921064072034555,-0.0983594950727876,-0.0877418812842479,-0.1528605542090055,-0.1234751896558281,110.5,109.9534363740038,0.5465636259961997,0.5465636259961997
-1.306737267374222,-1.320195284789087,-1.337223706994159,-1.338012132137415,-1.34356519376699,73.5,73.19678184108602,0.3032181589139782,0.3032181589139782
-1.0096808070063716,-1.0097829490233248,-1.0331170192552388,-1.0003432468058568,-1.0054945638108317,82.6,82.12156420294406,0.478435797055937,0.478435797055937
0.4590983581457776,0.4861403286563611,0.5237770016690155,0.5390296127938929,0.4864318243875265,126.9,126.50366299352038,0.39633700647962655,0.39633700647962655
-0.0524988791544092,-0.0488256117059106,-0.0745198513825555,-0.119755761529441,-0.099741251552783,111.6,111.14862569048984,0.45137430951015745,0.45137430951015745
-0.5838998804791191,-0.4715147497699276,-0.4943193007612824,-0.5236342322201282,-0.5200527367962346,96.5,94.80317168450998,1.6968283154900234,1.6968283154900234
1.4096790313228993,1.4173773359536483,1.4327915574103531,1.5354838724487847,1.4984359060603685,156.0,155.22306913047328,0.7769308695267227,0.7769308695267227
-0.4386722776326143,-0.4450966786409266,-0.4612642260070519,-0.4640456053969121,-0.4554743470739975,100.6,99.43815657037837,1.1618434296216265,1.1618434296216265
-1.3397435407484275,-1.316893025897962,-1.3107796471907749,-1.2552501504385036,-1.2853342526071942,70.9,72.04520186190621,-1.1452018619062017,1.1452018619062017
0.0267161769436844,0.043637637245593,0.041172910257251,0.0159738884567733,0.0004380453240214,113.7,113.49817478657052,0.2018252134294869,0.2018252134294869
-0.5112860790558668,-0.527653150919055,-0.4976248082367057,-0.4176988956455216,-0.449678850560463,97.1,97.15811241471913,-0.0581124147191332,0.0581124147191332
0.6406328617039084,0.6281374609747412,0.6031091810791689,0.5721344054734575,0.5926825938023188,131.7,132.1440918522356,-0.44409185223560144,0.44409185223560144
0.6175284703419648,0.5951148720634899,0.599803673603746,0.5986182396171086,0.5968222341691289,131.7,131.42385462323395,0.27614537676603845,0.27614537676603845
1.0169043781698524,1.034315304583133,1.0129921080316266,1.0356015029873606,1.066257451765394,142.9,143.3860966325616,-0.4860966325615834,0.4860966325615834
-1.3298416587361654,-1.3267998025713372,-1.3206961696170438,-1.285044463850112,-1.319003327590583,72.6,72.41775421437497,0.18224578562502813,0.18224578562502813
0.8782780299981893,0.8460865477890008,0.8642442716375897,0.8071784334983654,0.8311258789305799,140.0,139.36727105118226,0.6327289488177428,0.6327289488177428
-1.115300881803829,-1.168291375797331,-1.1554207958458915,-1.1559357723998105,-1.163352849798524,77.4,79.055598587222,-1.6555985872219878,1.6555985872219878
2.426272251248431,2.424566297746814,2.345111620627113,2.329998896758333,2.3592051263324136,186.3,186.18064515646535,0.11935484353466563,0.11935484353466563
0.9739962227833848,0.9814791623251312,0.9997700781299343,1.012428148111665,0.987880260820456,141.7,142.12972262974688,-0.429722629746891,0.429722629746891
-0.7357287380004648,-0.722486425495438,-0.6992607642375114,-0.7421258639052537,-0.7358659879192672,91.9,90.41215310416277,1.4878468958372366,1.4878468958372366
0.9013824213601328,0.9451543145227548,0.9369654360968964,0.9495290420204932,0.9202661348292238,139.6,139.876144289921,-0.2761442899210067,0.2761442899210067
-0.8413488127979227,-0.8413677455759426,-0.8182590333527409,-0.8281983248721217,-0.8197626993532859,87.0,87.20795540981602,-0.207955409816023,0.207955409816023
1.0565119062188988,1.0673378934943845,1.075796750064664,1.0885691712746637,1.082264061183726,145.6,144.6131387356422,0.986861264357799,0.986861264357799
-1.0261839436934743,-1.0196897256967,-1.0165894818781236,-1.020206122413596,-1.0049426117619238,81.6,81.60581717989605,-0.005817179896055791,0.005817179896055791
-1.0096808070063716,-1.0130852079144497,-1.089310646337431,-1.0102746846097266,-1.049098775674565,80.8,82.15539235329148,-1.355392353291478,1.355392353291478
-0.9172632415585956,-0.9338309945274462,-0.9273407800417016,-0.9275127029108152,-0.9086269792274756,85.4,84.94620401752597,0.4537959824740341,0.4537959824740341
0.2346556992011796,0.2318663940397257,0.2328923438317876,0.2311550408739426,0.2410891386479154,119.2,119.78590888129625,-0.5859088812962483,0.5859088812962483
0.5680190602806564,0.5686968009344894,0.5766651212757842,0.565513446937544,0.5650849913569188,129.4,129.87811990742318,-0.4781199074231779,0.4781199074231779
0.601025333654862,0.5951148720634899,0.6493862857350917,0.7177954932635415,0.6718877128206191,130.7,130.79384125917343,-0.09384125917344477,0.09384125917344477
-0.0822045251911939,-0.0851504595082873,-0.0877418812842479,-0.126376720065354,-0.1118841966287596,108.4,110.23995870540912,-1.839958705409117,1.839958705409117
-0.1944258546634932,-0.2172408151532927,-0.170379568169824,-0.179344388352657,-0.1623878091038415,107.9,106.807064460473,1.092935539527005,1.092935539527005
-1.1813134285522404,-1.1980117058174569,-1.2314474677806215,-1.2486291919025907,-1.202817421295446,76.9,76.9921999093981,-0.09219990939809009,0.09219990939809009
-0.6763174459268948,-0.6762548010196859,-0.6529836595815885,-0.6428114858665602,-0.6431380437027211,94.5,92.1857201772703,2.314279822729702,2.314279822729702
-0.1845239726512316,-0.1842182262420413,-0.1968236279732083,-0.2091387017642652,-0.1946770039649615,106.5,107.11554382905183,-0.6155438290518305,0.6155438290518305
0.082826841679834,0.0733579672657194,0.0610059551097891,0.072252036012033,0.0749515719266031,115.6,115.21132940919466,0.38867059080533295,0.38867059080533295
-0.5971023898288016,-0.6135118820883086,-0.5835680025977048,-0.5799123797753879,-0.5697284211979557,95.1,94.61415261307764,0.48584738692235874,0.48584738692235874
-0.4881816876939227,-0.5144441153545547,-0.5339853904663591,-0.5335656700239975,-0.522260544991867,97.7,97.98428136134967,-0.2842813613496702,0.2842813613496702
-0.5706973711294367,-0.603605105414933,-0.5769569876468585,-0.6130171724549525,-0.6254755781376652,95.7,95.51970009108709,0.18029990891291447,0.18029990891291447
-1.154908409852876,-1.145175563559455,-1.1421987659441997,-1.1360728967920717,-1.140998791817749,77.8,77.70846222061496,0.09153777938503538,0.09153777938503538
-0.5938017624913807,-0.6102096231971833,-0.6364561222044733,-0.6593638822063425,-0.6619044133655938,94.2,94.8095100490711,-0.6095100490710905,0.6095100490710905
-1.036085825705736,-1.042805537934576,-1.0529500641077774,-1.0533109150931603,-1.0543423201391913,81.4,81.3600238884589,0.03997611154110814,0.03997611154110814
1.106021316280207,1.1036627412967606,1.1253793621960095,1.1647101944376623,1.1570535638107615,145.4,146.10032604454025,-0.7003260445402475,0.7003260445402475
-0.1086095438905583,-0.1247775662017885,-0.0480757915791712,-0.0998928859217024,-0.0989133234794208,109.1,109.42159525110182,-0.32159525110182585,0.32159525110182585
0.9937999868079088,0.9979904567807568,0.9733260183265496,0.9793233554321004,1.0074745585566895,142.6,142.7426120940414,-0.14261209404139663,0.14261209404139663
0.5383134142438712,0.542278729805488,0.5403045390461308,0.5555820091336753,0.5474225257918616,129.1,128.95712226924812,0.14287773075187715,0.14287773075187715
1.267752055813815,1.288589239199768,1.1848784967536248,1.1746416322415312,1.2003817996500417,151.0,151.0904617461821,-0.09046174618208624,0.09046174618208624
-0.0524988791544092,-0.0554301294881609,-0.041464776628325,-0.0270623420266604,-0.0260556530235635,110.8,111.07305148555797,-0.2730514855579713,0.2730514855579713
1.1588313536789367,1.1598011424458885,1.1650454519010869,1.1514682773658365,1.1730601732290944,147.8,147.7430602155852,0.056939784414822725,0.056939784414822725
-0.6433111725526891,-0.6663480243463107,-0.60009553997482,-0.6295695687947347,-0.6583167250476922,91.4,93.26645686508296,-1.8664568650829523,1.8664568650829523
1.106021316280207,1.093755964623386,1.075796750064664,1.0455329407912295,1.0444553458335266,146.0,146.23668942777437,-0.2366894277743654,0.2366894277743654
-0.6334092905404276,-0.6399299532173097,-0.6364561222044733,-0.6560534029383862,-0.6403782834581816,92.8,93.53989185969388,-0.7398918596938842,0.7398918596938842
1.132426334979572,1.179614695792639,1.181572989278202,1.197814987117227,1.15760551585967,146.6,146.85457039331826,-0.2545703933182608,0.2545703933182608
-0.2505365193996428,-0.2865882518669203,-0.3125163896130149,-0.2985216419990895,-0.306447293868834,105.0,105.205251016795,-0.20525101679500324,0.20525101679500324
-0.4980835697061848,-0.527653150919055,-0.5472074203680515,-0.4839084810046506,-0.5181209046250564,98.2,97.65790163708304,0.5420983629169598,0.5420983629169598
-0.2505365193996428,-0.2436588862822936,-0.2959888522358996,-0.2919006834631765,-0.2683626024941815,104.1,105.11462003245009,-1.0146200324500967,1.0146200324500967
-0.64661179989011,-0.6597435065640603,-0.6595946745324347,-0.6593638822063425,-0.6533491566075189,93.9,93.14447420460539,0.7555257953946182,0.7555257953946182
-0.7159249739759416,-0.699370613257562,-0.6926497492866652,-0.6726057992781684,-0.676531142661657,91.1,90.95581922119655,0.14418077880344526,0.14418077880344526
-0.953570142270222,-0.9602490656564476,-0.8513141081069713,-0.8877869516953378,-0.8887567054667873,84.2,83.7827884495234,0.4172115504766083,0.4172115504766083
-1.1846140558896612,-1.1616868580150803,-1.1322822435179305,-1.1791091272755054,-1.1559014971382653,76.9,76.79021677693365,0.10978322306635846,0.10978322306635846
0.637332234366488,0.6314397198658671,0.6460807782596679,0.644964949368499,0.6545012232800165,131.8,131.96492875532041,-0.1649287553204033,0.1649287553204033
-0.6895199552765772,-0.7191841666043126,-0.7389268539425881,-0.6957791541538637,-0.7466290528729749,91.7,91.90216552795832,-0.20216552795831433,0.20216552795831433
-0.4188685136080912,-0.4649102319876777,-0.5009303157121286,-0.4739770432007814,-0.4524386108050034,99.8,100.10566975541263,-0.3056697554126373,0.3056697554126373
1.426182168010002,1.4008660414980223,1.333626333147662,1.303750323691833,1.300561096526845,156.1,156.00497040248786,0.0950295975121378,0.0950295975121378
1.3040589565254408,1.2984960158731438,1.303876765868854,1.3070608029597892,1.3107722094316434,151.5,152.14860408531266,-0.6486040853126553,0.6486040853126553
0.17854503446503,0.1625189573260976,0.1568656718970577,0.1152882664954668,0.1323545850130364,117.2,118.16560766546156,-0.9656076654615617,0.9656076654615617
-0.7687350113746704,-0.772020308862315,-0.7257048240408956,-0.7156420297616022,-0.7673272547070249,89.0,89.41718512528209,-0.4171851252820886,0.4171851252820886
0.2643613452379648,0.2880047951888531,0.2956969858648252,0.3238484603767236,0.3131188810304109,120.7,120.5985302286281,0.10146977137189594,0.10146977137189594
-0.6103048991784835,-0.623418658761684,-0.7058717791883575,-0.7189525090295585,-0.6875701836398166,94.0,94.31756351237281,-0.3175635123728142,0.3175635123728142
1.0631131608937403,1.0739424112766345,1.0791022575400877,1.1084320468824025,1.0891634617950765,145.0,144.80778935337747,0.1922106466225273,0.1922106466225273
-0.8347475581230815,-0.8182519333380666,-0.8281755557790104,-0.7984040114605135,-0.8285939321358137,87.8,87.38696426917421,0.4130357308257828,0.4130357308257828
-1.125202763816091,-1.1484778224505798,-1.1719483332230067,-1.1791091272755054,-1.2146843903469688,78.8,78.75171716075992,0.04828283924007337,0.04828283924007337
-1.115300881803829,-1.128664269103829,-1.1488097808950457,-1.1029681041125072,-1.1134011893723486,78.4,78.94309933774217,-0.5430993377421629,0.5430993377421629
0.5383134142438712,0.463024516418485,0.4907219269147851,0.459578110362938,0.4406198043281612,129.2,129.17816331666967,0.02183668333032074,0.02183668333032074
0.7462529365013668,0.7073916743617447,0.705579912817283,0.711174534727628,0.7298426779559595,135.0,135.33972437833427,-0.3397243783342674,0.3397243783342674
-0.0789038978537736,-0.0983594950727876,-0.1174914485630554,-0.2223806188360908,-0.1593520728348483,109.8,110.43093732455921,-0.6309373245592127,0.6309373245592127
-0.4749791783442408,-0.4847237853344283,-0.4645697334824753,-0.4938399188085199,-0.4640296038320715,98.6,98.32498169312463,0.2750183068753671,0.2750183068753671
1.0994200616053664,1.1069650001878857,1.0923242874417791,1.0356015029873606,1.0905433419173465,145.9,145.9709382756351,-0.07093827563508626,0.07093827563508626
-0.811643166761138,-0.8116474155558167,-0.8447030931561256,-0.8116459285323395,-0.8559155585567604,87.5,88.15547107804915,-0.6554710780491462,0.6554710780491462
0.142238133753404,0.1327986273059717,0.1370326270445191,0.2112921652662041,0.1875497899038374,116.4,116.94251706612107,-0.5425170661210643,0.5425170661210643
-0.4452735323074555,-0.4550034553143019,-0.4877082858104362,-0.4508036883250861,-0.4516106827316412,99.4,99.2244687541986,0.17553124580140889,0.17553124580140889
0.7231485451394224,0.7206007099262454,0.7254129576698212,0.6946221383878458,0.7328784142249546,135.1,134.5737511034204,0.5262488965796024,0.5262488965796024
0.0729249596675724,0.0832647439390947,0.1568656718970577,0.1616349762468573,0.1309747048907667,115.0,114.81638137777978,0.18361862222022296,0.18361862222022296
0.4690002401580396,0.4729312930918603,0.3750291652749785,0.3006751055010284,0.3420963635980816,126.9,127.01471409361784,-0.11471409361783458,0.11471409361783458
0.5317121595690305,0.5455809886966129,0.5964981661283222,0.6383439908325865,0.5761240323350785,129.0,128.69674093231973,0.30325906768027266,0.30325906768027266
0.9508918314214412,0.9550610911961296,0.9799370332773962,0.9958757517718828,1.009958342776777,142.1,141.39638328784204,0.7036167121579524,0.7036167121579524
-1.372749814122633,-1.396147239284965,-1.383500811650082,-1.3479435699412845,-1.3686790119923042,70.0,71.16477322193023,-1.1647732219302327,1.1647732219302327
0.1092318603791984,0.0997760383947203,0.1271161046182501,0.1086673079595543,0.0774353561466888,116.2,116.03390533728417,0.16609466271583528,0.16609466271583528
2.1622220642547862,2.166990104239054,2.1500866795771536,2.151233016288685,2.158570556554352,179.2,178.11369884488724,1.08630115511275,1.08630115511275
1.7661467837643192,1.7542077428484124,1.736898245149273,1.777148859009606,1.7374311432375371,166.7,166.162107515226,0.5378924847739768,0.5378924847739768
-1.2737309940000163,-1.2838704369867109,-1.317390662141621,-1.3015968601898942,-1.3035486702211592,74.5,74.18171493612937,0.3182850638706327,0.3182850638706327
-0.623507408528166,-0.6399299532173097,-0.6463726446307428,-0.685847716349994,-0.6472776840695311,94.4,93.87650648703686,0.5234935129631424,0.5234935129631424
-0.6763174459268948,-0.649836729890685,-0.6166230773519352,-0.6759162785461247,-0.6710116221725763,92.5,92.18891484946045,0.31108515053955443,0.31108515053955443
-0.1350145625899232,-0.15119563733079,-0.1670740606944011,-0.132997678601267,-0.1488649839055972,108.8,108.62774078072727,0.1722592192727319,0.1722592192727319
-1.1086996271289884,-1.1121529746482035,-1.092616153812854,-1.0831052285047682,-1.060965744726087,79.2,79.09570962149215,0.10429037850785505,0.10429037850785505
-0.1119101712279792,-0.1247775662017885,-0.1670740606944011,-0.2058282224963085,-0.1852938191335244,109.1,109.3981998943983,-0.29819989439830863,0.29819989439830863
-0.2505365193996428,-0.2700769574112946,-0.2893778372850535,-0.179344388352657,-0.2181349660435519,105.6,105.07500606939853,0.5249939306014682,0.5249939306014682
2.0896082628315344,2.100944926416552,2.100504067445808,2.0817129516615998,2.087920694294126,175.3,175.90864441352932,-0.608644413529305,0.608644413529305
-0.6433111725526891,-0.6564412476729353,-0.6529836595815885,-0.6527429236704295,-0.6602485572188699,92.9,93.25228618092676,-0.3522861809267539,0.3522861809267539
2.073105126144432,2.038202007485174,2.093893052494962,2.0750919931256866,2.084333005976224,175.1,175.46179030594772,-0.36179030594772144,0.36179030594772144
-0.7588331293624088,-0.772020308862315,-0.7521488838442799,-0.8017144907284698,-0.7758825114650988,89.1,89.77036458722091,-0.6703645872209165,0.6703645872209165
2.3371553131380765,2.388241449944437,2.35172263557796,2.3465512930981154,2.36306879067477,183.5,183.31633137343277,0.1836686265672256,0.1836686265672256
0.931088067396918,0.9484565734138798,0.9468819585231658,0.9296661664127536,0.9315811518318392,141.7,140.83959538780158,0.8604046121984084,0.8604046121984084
-1.1846140558896612,-1.194709446926332,-1.1719483332230067,-1.1360728967920717,-1.1492780725513692,76.9,76.81000336711581,0.08999663288419413,0.08999663288419413
-1.0657914717425208,-1.0758281268458274,-1.0727831089603157,-1.0897261870406811,-1.0637255049706271,80.4,80.45288963865076,-0.05288963865075402,0.05288963865075402
-0.9403676329205396,-0.871088075596069,-0.9042022277137404,-0.9142707858389894,-0.9149744277899176,84.8,84.10972903026614,0.6902709697338594,0.6902709697338594
-0.2109289913505959,-0.1974272618065416,-0.1935181204977854,-0.1627919920128747,-0.2081998291632077,107.4,106.26926901246851,1.1307309875314928,1.1307309875314928
2.24143712035288,2.223128505388181,2.2161968290856144,2.197579726040075,2.220941138080957,180.6,180.5652181886213,0.03478181137870706,0.03478181137870706
0.082826841679834,0.0469398961367179,0.0477839252080968,0.0358367640645123,0.0589449625082712,116.3,115.2708484655299,1.0291515344701025,1.0291515344701025
-1.224221583938708,-1.2244297769464585,-1.2975576172890824,-1.228766316294852,-1.2555288419661614,74.8,75.65447279502267,-0.8544727950226729,0.8544727950226729
-0.0524988791544092,-0.0884527183994123,-0.0910473887596707,-0.0833404895819202,-0.0842865941833582,110.7,111.17659404993114,-0.47659404993113696,0.47659404993113696
1.9377794053101889,1.9358319818602947,1.9220066637729645,1.955914739479253,1.947172921822583,170.0,171.31050532827118,-1.3105053282711765,1.3105053282711765
2.0367982254328054,2.0315974897029228,1.978200290855156,2.0188138455704263,2.02830987301206,174.5,174.33022339438483,0.16977660561516927,0.16977660561516927
0.9046830486975532,0.9220385022848784,0.8708552865884354,0.7939365164265394,0.828918070734948,139.7,140.12992665888288,-0.4299266588828914,0.4299266588828914
1.096119434267946,1.1168717768612613,1.0989353023926258,1.168020673705619,1.1476703789793254,145.6,145.76076691238046,-0.16076691238046692,0.16076691238046692
-1.0789939810922031,-1.1154552335393286,-1.095921661288277,-1.175798648007549,-1.1752198188500456,79.9,80.19313273289,-0.2931327328900011,0.2931327328900011
-0.7093237193011004,-0.6531389887818099,-0.6331506147290504,-0.626259089526778,-0.644793899849445,88.9,91.07602494068402,-2.176024940684016,2.176024940684016
-0.1119101712279792,-0.0983594950727876,-0.1439355083664397,-0.245553973711786,-0.2029562846985812,108.8,109.39275508864624,-0.5927550886462427,0.5927550886462427
-0.1713214633015491,-0.1743114495686656,-0.1769905831206702,-0.2025177432283522,-0.1645956172994739,107.8,107.50903490183264,0.29096509816736216,0.29096509816736216
2.5847023634446185,2.5863769834119457,2.5169980093491127,2.488901901620243,2.488637881801341,190.6,190.99628694038262,-0.39628694038262324,0.39628694038262324
-0.989877042981848,-1.0328987612612002,-1.0760886164357388,-1.0632423528970296,-1.0543423201391913,82.1,82.85298661481974,-0.752986614819747,0.752986614819747
-0.0128913511053623,-0.052127870597036,-0.041464776628325,-0.1098243237255717,-0.1289947101449079,110.7,112.47237481985317,-1.7723748198531695,1.7723748198531695
1.1852363723783008,1.1730101780103883,1.155128929474817,1.1349158810260542,1.1460145228326009,148.7,148.61204170171413,0.08795829828585511,0.08795829828585511
-0.1152107985653995,-0.1379866017662893,-0.084436373808825,-0.113134802993528,-0.1077445562619495,109.6,109.22977185259995,0.3702281474000415,0.3702281474000415
-0.1581189539518667,-0.1346843428751643,-0.1538520307927088,-0.1528605542090055,-0.1530046242724058,107.0,107.86296685158648,-0.8629668515864779,0.8629668515864779
-0.0359957424673064,-0.0224075405769096,-0.0612978214808636,-0.0932719273857894,-0.0815268339388187,111.7,111.62895396672849,0.07104603327151437,0.07104603327151437
0.096029351029516,0.1261941095237213,0.1403381345199424,0.1450825799070751,0.1439455780401055,115.9,115.50193336313502,0.3980666368649821,0.3980666368649821
-0.3528559668596799,-0.3427266530160476,-0.3488769718426687,-0.3448683517504796,-0.3395644168033144,102.8,101.98101169555477,0.8189883044452273,0.8189883044452273
0.0927287236920956,0.1460076628704719,0.20314277655298,0.1649454555148136,0.1618840196296151,116.0,115.3564872847526,0.6435127152473967,0.6435127152473967
-0.7258268559882032,-0.7158819077131876,-0.7091772866637804,-0.7619887395129927,-0.7397296522616239,90.2,90.73383194215664,-0.5338319421566382,0.5338319421566382
-0.0425969971421471,-0.0686391650526617,-0.1108804336122093,-0.2223806188360908,-0.1946770039649615,110.9,111.60435524321727,-0.7043552432172646,0.7043552432172646
-1.2044178199141844,-1.2013139647085824,-1.1983923930263911,-1.205592961419157,-1.217996102640417,77.0,76.24748394786192,0.7525160521380769,0.7525160521380769
-0.1812233453138107,-0.2139385562621673,-0.1769905831206702,-0.18596534688857,-0.181430154791168,107.3,107.24989909317891,0.050100906821086255,0.050100906821086255
2.139117672892843,2.1868036575858047,2.1368646496754624,2.167785412628467,2.163814101018977,178.8,177.3201423752434,1.4798576247566189,1.4798576247566189
0.2544594632257032,0.2219596173663504,0.1800042242250186,0.1351511421032058,0.1640918278252461,120.4,120.53100481058357,-0.13100481058356195,0.13100481058356195
-1.283632876012278,-1.2871726958778356,-1.264502542534852,-1.2089034406871138,-1.2469735852080874,74.3,73.79608249537307,0.5039175046269264,0.5039175046269264
1.261150801138974,1.2489621325062668,1.178267481802779,1.1647101944376623,1.2274274500465332,151.0,150.91016776831012,0.08983223168988275,0.08983223168988275
-1.3826516961348947,-1.389542721502715,-1.3768897966992355,-1.357875007745154,-1.355156186794058,70.7,70.82567345684751,-0.1256734568475082,0.1256734568475082
-1.3331422860735864,-1.3565201325914638,-1.3603622593221203,-1.3148387772617198,-1.312103926979233,73.4,72.34846706752813,1.051532932471872,1.051532932471872
0.2148519351766564,0.2120528406929746,0.193226254126711,0.2344655201418994,0.2325338818898414,120.3,119.16639389871277,1.1336061012872278,1.1336061012872278
-0.1944258546634932,-0.1908227440242912,-0.2199621803011697,-0.2720378078554376,-0.2197908221902758,107.0,106.83857615418331,0.16142384581668523,0.16142384581668523
-1.343044168085848,-1.3267998025713372,-1.317390662141621,-1.2916654223860249,-1.3110000228814171,72.5,71.98309340570935,0.5169065942906457,0.5169065942906457
0.4888040041825628,0.4795358108741107,0.4774998970130927,0.5191667371861545,0.5214807794931859,126.8,127.45140419643917,-0.6514041964391737,0.6514041964391737
0.2346556992011796,0.2285641351486003,0.2097537915038262,0.1947397689264218,0.1908615021972858,119.5,119.8396000449844,-0.3396000449843939,0.3396000449843939
0.05972245031789,0.0502421550278433,-0.0150207168249407,0.0424577226004253,0.0158927026934458,114.2,114.53462687398844,-0.3346268739884408,0.3346268739884408
1.4657896960590484,1.4702134782116505,1.5022072143942369,1.5752096236642616,1.5390043816551062,157.0,156.94605770054577,0.0539422994542349,0.0539422994542349
0.2280544445263383,0.2120528406929746,0.1998372690775572,0.1848083311225526,0.2386053544278278,119.2,119.60933012680589,-0.40933012680588376,0.40933012680588376
-0.894158850196652,-0.9008084056161948,-0.8380920782052794,-0.8083354492643827,-0.823902339720096,83.8,85.56142971934253,-1.7614297193425301,1.7614297193425301
0.874977402660768,0.931945278958254,0.9402709435723192,0.8733880188574944,0.8843892516502037,139.5,139.08777802619886,0.4122219738011381,0.4122219738011381
-0.9040607322089136,-0.798438379991316,-0.8116480184018952,-0.831508804140078,-0.8423927333585141,85.9,85.12268322629734,0.7773167737026654,0.7773167737026654
-1.1285033911535116,-1.1517800813417054,-1.1322822435179305,-1.1493148138638971,-1.1523138088203635,78.5,78.59460789760004,-0.09460789760004218,0.09460789760004218
0.8782780299981893,0.8659001011357514,0.8543277492113202,0.8535251432497559,0.8841132756257499,139.9,139.27916029251253,0.6208397074874767,0.6208397074874767
-0.7291274833256239,-0.7125796488220627,-0.7686764212213951,-0.8083354492643827,-0.8012723057148674,90.7,90.67668370047983,0.02331629952017522,0.02331629952017522
-0.1482170719396051,-0.101661753963913,-0.084436373808825,-0.0502356969023557,-0.0762832894741931,108.0,108.05583496688602,-0.05583496688602452,0.05583496688602452
-0.3396534575099975,-0.3361221352337973,-0.3488769718426687,-0.3713521858941311,-0.3660581151508998,102.5,102.43295202003483,0.06704797996516731,0.06704797996516731
-0.6070042718410632,-0.573884775394807,-0.5934845250239738,-0.5269447114880844,-0.5479263152660889,93.7,94.19886892054973,-0.4988689205497252,0.4988689205497252
1.617618553580394,1.5890947982921555,1.6145944685586209,1.6381087297554344,1.6140698603065964,162.1,161.67155106927254,0.4284489307274555,0.4284489307274555
0.719847917802002,0.687578121014994,0.6725248380630526,0.6913116591198896,0.6765793052363376,136.0,134.55035467445143,1.4496453255485733,1.4496453255485733
1.954282541997292,1.9523432763159203,1.9253121712483872,1.91287850899582,1.928130576135256,172.1,171.85606305366537,0.24393694633462815,0.24393694633462815
-0.5442923524300723,-0.5408621864835557,-0.5207633605646667,-0.5335656700239975,-0.5319197058477569,96.3,96.2007255134399,0.09927448656009119,0.09927448656009119
-0.5079854517184463,-0.5111418564634292,-0.5472074203680515,-0.5335656700239975,-0.502666247255633,97.8,97.31498636179981,0.4850136382001864,0.4850136382001864
2.2810446484019278,2.272662388755058,2.183141754331384,2.1545434955566405,2.1883759671953835,183.0,181.823186281069,1.1768137189309869,1.1768137189309869
-1.4090567148342592,-1.4093562748494657,-1.3967228415517738,-1.3942902796926748,-1.387445381655177,70.0,70.02667381518887,-0.026673815188871686,0.026673815188871686
0.0531211956430488,0.0568466728100937,0.041172910257251,0.0490786811363378,0.071915835657609,114.8,114.27161335880916,0.5283866411908349,0.5283866411908349
0.343576401336058,0.3474454552291053,0.3485851054715942,0.3370903774485492,0.3357489150356391,123.4,123.08654839920283,0.3134516007971797,0.3134516007971797
-0.6169061538533248,-0.6102096231971833,-0.6662056894832808,-0.6891581956179507,-0.6790149268817427,94.6,94.07409277047924,0.5259072295207545,0.5259072295207545
0.2115513078392356,0.188937028455099,0.2262813288809414,0.2013607274623348,0.1814783173658491,117.9,119.14967143184877,-1.2496714318487676,1.2496714318487676
-0.6070042718410632,-0.6102096231971833,-0.6331506147290504,-0.6461219651345169,-0.6304431465778375,94.9,94.34909187642349,0.5509081235765194,0.5509081235765194
-0.7192256013133619,-0.7026728721486869,-0.7356213464671647,-0.7024001126897762,-0.6964014164223452,90.6,90.87111257179461,-0.27111257179461745,0.27111257179461745
0.1719437797901892,0.139403145088222,0.1601711793724805,0.1384616213711621,0.1530527868470864,117.3,117.9585684759851,-0.6585684759851063,0.6585684759851063
-0.9964782976566892,-0.9833648778943233,-0.9901454220747392,-1.016895643145639,-1.0027348035662915,82.7,82.52609546329575,0.17390453670425643,0.17390453670425643
-0.7819375207243527,-0.7819270855356903,-0.7356213464671647,-0.7553677809770798,-0.7286906112834634,88.2,88.97941052070368,-0.7794105207036779,0.7794105207036779
-0.5673967437920163,-0.5837915520681823,-0.5571239427943205,-0.5699809419715182,-0.5746959896381272,95.3,95.54745023780058,-0.24745023780057807,0.24745023780057807
0.3336745193237964,0.3507477141202303,0.4146952549800551,0.4463361932911119,0.4331684516679023,122.7,122.65499220058267,0.04500779941733413,0.04500779941733413
1.3007583291880205,1.2753802036352682,1.317098795770547,1.2673350517443125,1.2746193502281686,152.5,152.11819749601244,0.3818025039875579,0.3818025039875579
-0.1416158172647639,-0.1478933784396646,-0.1902126130223621,-0.2124491810322215,-0.1916412676959678,108.4,108.46452870706878,-0.06452870706877434,0.06452870706877434
-0.3198496934854744,-0.3163085818870467,-0.299294359711323,-0.3150740383388718,-0.3312851360696947,103.6,103.01339343803664,0.5866065619633503,0.5866065619633503
-0.6895199552765772,-0.6861615776930613,-0.6298451072536276,-0.5931542968472134,-0.6406542594826349,92.0,91.7548489377418,0.24515106225820205,0.24515106225820205
-0.6928205826139976,-0.7191841666043126,-0.6827332268603962,-0.6328800480626909,-0.6834305432730066,92.2,91.73202479130728,0.4679752086927209,0.4679752086927209
-0.7819375207243527,-0.8050428977735663,-0.8281755557790104,-0.8712345553555555,-0.8578473907279385,88.7,89.13920961919597,-0.4392096191959638,0.4392096191959638
2.307449667101291,2.308987236557434,2.348417128102537,2.3233779382224204,2.3318834999114677,183.0,182.4904725945087,0.5095274054912977,0.5095274054912977
1.2809545651634973,1.2852869803086429,1.2939602434425856,1.211056904189052,1.2208040254596373,152.3,151.51662271259462,0.7833772874053864,0.7833772874053864
0.2049500531643948,0.2054483229107247,0.193226254126711,0.1914292896584656,0.1690593962654193,118.7,118.91878899456927,-0.21878899456926604,0.21878899456926604
0.0663237049927312,0.0700557083745939,0.0213398654047125,0.0391472433324685,0.0382467606742207,114.4,114.71139238475043,-0.31139238475041964,0.31139238475041964
1.0268062601821144,1.0111994923452574,1.029519645408742,1.1150530054183156,1.0828160132326343,144.0,143.70515845243756,0.2948415475624415,0.2948415475624415
-0.9931776703192688,-1.0031784312410743,-0.9901454220747392,-1.0334480394854213,-1.0065984679086482,83.1,82.67000355458524,0.42999644541475845,0.42999644541475845
0.0201149222688432,0.0073127894432167,0.0114233429784434,-0.0204413834907474,0.0037497576174693,112.7,113.33727794769942,-0.6372779476994168,0.6372779476994168
0.967394968108544,0.9583633500872546,0.9336599286214734,0.9495290420204932,0.944552024981177,142.2,141.990933120026,0.20906687997398876,0.20906687997398876
2.488984170659422,2.484006957787067,2.4541933673160745,2.4127608784572443,2.416056187369939,188.0,188.08952688589847,-0.08952688589846503,0.08952688589846503
-1.135104645828353,-1.0890371624103277,-1.095921661288277,-1.1261414589882024,-1.128303894692865,77.4,78.2706972267172,-0.8706972267171977,0.8706972267171977
1.251248919126712,1.239055355832891,1.307182273344277,1.2176778627249656,1.2428821074159575,151.5,150.59398794470337,0.9060120552966282,0.9060120552966282
-0.9403676329205396,-0.9536445478741972,-0.9240352725662784,-0.9142707858389894,-0.9149744277899176,85.1,84.22159805836816,0.8784019416318358,0.8784019416318358
2.129215790880581,2.124060738654427,2.130253634724616,2.121438702877076,2.144495779307196,178.0,177.11445581774854,0.8855441822514649,0.8855441822514649
-0.0029894690931008,0.0139173072254666,0.0147288504538663,0.0225948469926863,0.0258278395737904,112.4,112.54269150270292,-0.14269150270291675,0.14269150270291675
-0.6367099178778479,-0.7059751310398124,-0.7521488838442799,-0.7355049053693408,-0.7477329569707899,95.1,93.61816978631515,1.4818302136848445,1.4818302136848445
-0.1680208359641288,-0.1677069317864156,-0.1571575382681316,-0.1429291164051362,-0.1430694873920617,108.0,107.57405538279032,0.42594461720968013,0.42594461720968013
-0.0591001338292499,-0.0653369061615362,-0.0051041943986717,-0.0336833005625734,-0.0453739747353433,111.4,110.89603676496563,0.5039632350343766,0.5039632350343766
-0.8050419120862968,-0.8182519333380666,-0.8215645408281641,-0.7950935321925573,-0.8012723057148674,89.3,88.33376959025338,0.9662304097466148,0.9662304097466148
0.0762255870049928,0.0370331194633426,0.0246453728801358,-0.0038889871509652,0.0150647746200826,115.9,115.11421119362532,0.7857888063746827,0.7857888063746827
-0.1449164446021847,-0.1412888606574142,-0.1439355083664397,-0.1429291164051362,-0.1369980148540739,109.2,108.28832445206619,0.911675547933811,0.911675547933811
1.1555307263415155,1.143289847990263,1.1518234219993944,1.1514682773658365,1.146842450905964,147.6,147.6777335556357,-0.07773355563571727,0.07773355563571727
-0.0987076618782967,-0.0983594950727876,-0.1340189859401707,-0.0700985725100942,-0.0680040087405729,110.6,109.65739793510177,0.9426020648982245,0.9426020648982245
-1.135104645828353,-1.118757492430454,-1.1190602136162382,-1.1062785833804634,-1.1139531414212565,78.8,78.2898896092702,0.5101103907297926,0.5101103907297926
0.719847917802002,0.6809736032327441,0.6791358530138983,0.6780697420480636,0.683754681872141,135.4,134.55910345669682,0.8408965433031881,0.8408965433031881
2.4823829159845814,2.517029546698318,2.510386994398266,2.498833339424112,2.4867060496301643,188.3,187.75192226052872,0.5480777394712959,0.5480777394712959
0.0993299783669368,0.0766602261568443,0.1304216120936729,0.1483930591750313,0.137598129477663,116.8,115.68127221248473,1.1187277875152688,1.1187277875152688
-0.9205638688960164,-0.8512745222493179,-0.8182590333527409,-0.8944079102312508,-0.887100849320063,84.6,84.71404726858893,-0.11404726858893355,0.11404726858893355
2.3932659778742256,2.4014504855089385,2.381472202856767,2.3498617723660717,2.35892915030796,185.4,185.13629446369208,0.26370553630792415,0.26370553630792415
-0.329751575497736,-0.3361221352337973,-0.3356549419409763,-0.3614207480902618,-0.3776491081779679,103.1,102.76474552815009,0.33525447184990753,0.33525447184990753
0.9541924587588616,0.9484565734138798,0.9171323912443582,0.9495290420204932,0.9393084805165508,142.7,141.57539854801317,1.1246014519868197,1.1246014519868197
-0.9238644962334368,-0.923924217854071,-0.9438683174188168,-0.9539965370544669,-0.9265654208169862,84.6,84.73737260154918,-0.1373726015491883,0.1373726015491883
0.1356368790785628,0.1228918506325964,0.1006720448148658,0.085493953083859,0.0630846028750813,117.2,116.87776458880559,0.3222354111944128,0.3222354111944128
0.6439334890413287,0.6281374609747412,0.5964981661283222,0.6151706359568908,0.6056534669516566,131.6,132.22604405462124,-0.6260440546212465,0.6260440546212465
-0.0128913511053623,-0.0323143172502849,-0.0216317317757869,-0.0634776139741812,-0.0301952933903736,112.1,112.35173705470643,-0.2517370547064388,0.2517370547064388
-0.1548183266144463,-0.1941250029154166,-0.2133511653503235,-0.1826548676206137,-0.1894334595003345,109.9,108.08284408711233,1.8171559128876709,1.8171559128876709
-0.9568707696076424,-0.970155842329823,-0.9769233921730474,-0.9573070163224232,-0.9729293929252596,83.4,83.75851297043098,-0.3585129704309793,0.3585129704309793
-0.2538371467370631,-0.2469611451734186,-0.2959888522358996,-0.2919006834631765,-0.2708463867142676,105.2,105.01359130480911,0.18640869519089165,0.18640869519089165
0.9904993594704876,0.9715723856517552,0.9733260183265496,0.99918623103984,1.0014030860187022,144.0,142.67045355475028,1.3295464452497185,1.3295464452497185
2.016994461408282,1.9919703830094215,1.9980333357076936,1.972467135819036,1.9841537090994184,173.5,173.7943353040648,-0.2943353040647878,0.2943353040647878
-0.1086095438905583,-0.1544978962219149,-0.1571575382681316,-0.1396186371371795,-0.1640436652505664,109.6,109.51032630924803,0.0896736907519653,0.0896736907519653
-1.1053989997915676,-1.0659213501724516,-1.029811511779816,-1.0069642053417698,-1.0623456248483576,80.0,79.12653847618301,0.8734615238169852,0.8734615238169852
-1.1945159379019228,-1.194709446926332,-1.1917813780755453,-1.1923510443473313,-1.1892945960972,76.1,76.53455627948708,-0.434556279487083,0.434556279487083
1.267752055813815,1.2654734269618924,1.2476831387866627,1.3103712822277456,1.2820707028884266,149.9,151.02277428060734,-1.1227742806073309,1.1227742806073309
-0.5310898430803904,-0.5441644453746806,-0.5736514801714357,-0.5401866285599104,-0.544062650923734,96.7,96.63888660716277,0.061113392837228275,0.061113392837228275
-0.0855051525286148,-0.0950572361816626,-0.0447702841037483,-0.0204413834907474,-0.0619325362025837,110.4,110.07838546699017,0.32161453300983567,0.32161453300983567
0.4690002401580396,0.4828380697652356,0.4874164194393622,0.4926829030425025,0.4878117045097967,127.7,126.83870144082167,0.8612985591783371,0.8612985591783371
-0.1053089165531379,-0.0884527183994123,-0.0183262243003641,0.012663409188817,-0.0337829817082753,109.3,109.39378765447715,-0.09378765447715409,0.09378765447715409
0.2412569538760208,0.238470911821976,0.2494198812089028,0.2708807920894202,0.265926980848776,120.8,119.96170300880537,0.8382969911946248,0.8382969911946248
-0.8677538314972871,-0.8875993700516946,-0.960395854795932,-0.9837908504660746,-0.9795528175121556,86.1,86.56779195681594,-0.4677919568159439,0.4677919568159439
-0.9040607322089136,-0.8842971111605693,-0.8942857052874712,-0.884476472427381,-0.864746791339289,85.6,85.2635359022718,0.3364640977281965,0.3364640977281965
1.1456288443292544,1.1730101780103883,1.155128929474817,1.144847318829923,1.141598906441337,147.4,147.320158712963,0.07984128703699866,0.07984128703699866
-1.220920956601287,-1.2013139647085824,-1.2083089154526605,-1.198972002883244,-1.183223123559212,77.0,75.67642595193837,1.32357404806163,1.32357404806163
-0.1317139352525023,-0.1842182262420413,-0.2001291354486316,-0.18596534688857,-0.1910893156470594,109.4,108.82763411236942,0.5723658876305819,0.5723658876305819
-0.0425969971421471,-0.0323143172502849,-0.0216317317757869,0.01928436772473,-0.0354388378549997,111.6,111.36015565798462,0.23984434201537397,0.23984434201537397
-0.742329992675306,-0.7389977199510637,-0.7852039585985103,-0.7851620943886876,-0.7849897202720807,89.7,90.2589970547367,-0.5589970547366931,0.5589970547366931
2.3734622138497024,2.3783346732710617,2.3847777103321905,2.478970463816373,2.4315108447393645,183.9,184.42153495057548,-0.5215349505754716,0.5215349505754716
0.11913374239146,0.1261941095237213,0.1568656718970577,0.1814978518545958,0.1428416739422886,116.5,116.24790270437305,0.25209729562695316,0.25209729562695316
-1.405756087496839,-1.4093562748494657,-1.4066393639780437,-1.397600758960631,-1.4040039431224174,71.8,70.14733942116189,1.652660578838109,1.652660578838109
1.00370186882017,1.031013045692008,1.0361306603595877,0.9495290420204932,1.000851133969794,143.3,143.0457467409769,0.2542532590231019,0.2542532590231019
1.2743533104886564,1.2984960158731438,1.3104877808197009,1.2408512176006603,1.2682719016657265,151.8,151.23693458344192,0.5630654165580893,0.5630654165580893
0.023415549606264,0.0007082716609663,-0.0381592691529022,-0.0204413834907474,-0.0117048997519555,113.7,113.45815911352341,0.24184088647659507,0.24184088647659507
-0.8875575955218108,-0.894203887833945,-0.890980197812048,-0.8910974309632941,-0.8953801300536831,85.6,85.8438513040374,-0.24385130403740618,0.24385130403740618
-1.2407247206258107,-1.2310342947287083,-1.2413639902068911,-1.2221453577589392,-1.2411780886945534,76.0,75.12122886693484,0.8787711330651575,0.8787711330651575
-0.9106619868837548,-0.973458101220948,-0.9372573024679708,-0.9010288687671634,-0.922977732499084,84.1,85.21852917271757,-1.1185291727175724,1.1185291727175724
-0.9106619868837548,-0.89750614672507,-0.9174242576154322,-0.897718389499207,-0.897587938249315,86.3,85.09387222185116,1.20612777814884,1.20612777814884
1.224843900427348,1.229148579159516,1.2575996612129314,1.2342302590647478,1.2541971244185728,151.0,149.7228153657956,1.2771846342043887,1.2771846342043887
-1.260528484650334,-1.293777213660086,-1.337223706994159,-1.3413226114053718,-1.306860382514607,75.1,74.63834946677608,0.46165053322391714,0.46165053322391714
-0.6565136819023716,-0.6333254354350593,-0.6364561222044733,-0.6494324444024732,-0.6439659717760833,92.9,92.77763083873063,0.12236916126937558,0.12236916126937558
0.6835410170903761,0.6644623087771184,0.6923578829155907,0.644964949368499,0.657260983524556,132.8,133.43242230517802,-0.6324223051780109,0.6324223051780109
-1.2869335033496982,-1.297079472551211,-1.3008631247645055,-1.3909798004247185,-1.357639971014144,73.6,73.84576762925334,-0.2457676292533506,0.2457676292533506
-0.6961212099514184,-0.6861615776930613,-0.6298451072536276,-0.6328800480626909,-0.6508653723874342,91.1,91.56068583307493,-0.46068583307493327,0.46068583307493327
0.3138707552992732,0.33753867855573,0.3188355381927866,0.2675703128214639,0.2788978539981138,121.9,122.19518318052143,-0.2951831805214198,0.2951831805214198
-0.1152107985653995,-0.0719414239437866,-0.1108804336122093,-0.1462395956730925,-0.1300986142427244,109.4,109.16188192055345,0.23811807944655072,0.23811807944655072
1.7958524298011045,1.8004393673241637,1.8063139021331576,1.843358444368735,1.828779207331813,166.1,166.98233851779426,-0.8823385177942669,0.8823385177942669
1.5846122802061884,1.5065383260140277,1.518734751771352,1.4560323700178297,1.485189056886575,160.6,160.85800628896732,-0.2580062889673229,0.2580062889673229
0.1389375064159836,0.1261941095237213,0.107283059765712,0.1417721006391188,0.1359422733309386,118.1,116.90376074336763,1.1962392566323672,1.1962392566323672
0.4822027495077216,0.4993493642208613,0.5204714941935927,0.5489610505977618,0.5405231251805119,126.3,127.19063464171244,-0.8906346417124382,0.8906346417124382
-0.9271651235708576,-0.9107151822895708,-0.9438683174188168,-0.9573070163224232,-0.9657540162894552,85.0,84.64462273597819,0.35537726402181136,0.35537726402181136
-0.9733739062947452,-0.9899693956765736,-0.9835344071238932,-1.0003432468058568,-0.9996990672972976,83.2,83.28251931949121,-0.08251931949121172,0.08251931949121172
-0.8512506948101843,-0.8380654866848176,-0.7984259885002027,-0.7917830529246005,-0.8175548911576536,87.7,86.8702233619837,0.8297766380162983,0.8297766380162983
-0.0425969971421471,-0.0752436828349115,-0.1439355083664397,-0.1561710334769617,-0.1328583744872638,110.8,111.5353762251884,-0.7353762251884035,0.7353762251884035
-1.0261839436934743,-0.996573913458824,-0.973617884697624,-0.9837908504660746,-0.995283450906034,79.6,81.56143024353332,-1.9614302435333286,1.9614302435333286
0.0564218229804696,0.0502421550278433,0.0973665373394424,0.1053568286915976,0.0937179415894745,114.7,114.36238618636841,0.3376138136315916,0.3376138136315916
0.5284115322316092,0.5257674353498623,0.599803673603746,0.5456505713298055,0.5534939983298498,128.4,128.66586421580232,-0.2658642158023099,0.2658642158023099
-0.871054458834708,-0.8909016289428197,-0.9372573024679708,-0.9539965370544669,-0.9433999583086808,86.4,86.42938587487981,-0.02938587487980726,0.02938587487980726
-0.1449164446021847,-0.1578001551130399,-0.1274079709893245,-0.1495500749410492,-0.1392058230497058,107.7,108.31828954415089,-0.6182895441508833,0.6182895441508833
0.4524971034709368,0.4696290342007354,0.5105549717673232,0.5423400920618493,0.5239645637132716,127.9,126.27696701683688,1.623032983163128,1.623032983163128
-0.8215450487733996,-0.798438379991316,-0.7918149735493566,-0.7388153846372975,-0.7540804055332319,87.9,87.71581015485505,0.18418984514495662,0.18418984514495662
0.4888040041825628,0.46632677530961,0.4411393147834394,0.4860619445065895,0.4781525436539063,127.4,127.5098358076508,-0.10983580765079637,0.10983580765079637
0.5845221969677592,0.5786035776078643,0.6626083156367831,0.7873155578906268,0.7041769076817377,129.9,130.23175214645266,-0.3317521464526578,0.3317521464526578
-0.9568707696076424,-0.9338309945274462,-0.953784839845086,-1.0003432468058568,-0.9781729373898852,84.1,83.73003964614186,0.36996035385813286,0.36996035385813286
-0.4584760416571379,-0.4649102319876777,-0.4910137932858596,-0.4872189602726069,-0.4943869665220128,99.2,98.8539850894266,0.34601491057340183,0.34601491057340183
-0.7126243466385211,-0.7489044966244389,-0.7653709137459723,-0.8215773663362088,-0.8125873227174812,90.6,91.28011423548784,-0.6801142354878493,0.6801142354878493
-0.8446494401353436,-0.8182519333380666,-0.7984259885002027,-0.7421258639052537,-0.7656713985603004,87.4,86.9991044417188,0.4008955582812064,0.4008955582812064
0.0498205683056284,0.0502421550278433,0.0808389999623272,0.0358367640645123,0.0327272401851399,114.2,114.21679416700982,-0.01679416700982017,0.01679416700982017
-1.135104645828353,-1.1649891169062057,-1.188475870600122,-1.1890405650793747,-1.1661126100430637,78.6,78.41189706935694,0.18810293064305483,0.18810293064305483
0.6175284703419648,0.5786035776078643,0.5700541063249384,0.6052391981530221,0.5761240323350785,131.3,131.4566014918968,-0.15660149189679373,0.15660149189679373
-0.6037036445036423,-0.6300231765439344,-0.60009553997482,-0.626259089526778,-0.6138845851105971,94.5,94.47028016705637,0.02971983294362701,0.02971983294362701
-1.135104645828353,-1.1022461979748284,-1.0826996313865844,-1.0599318736290733,-1.0918750594649358,77.7,78.2401126752577,-0.5401126752577028,0.5401126752577028
-0.069002015841512,-0.1148707895284132,-0.1571575382681316,-0.245553973711786,-0.2181349660435519,111.4,110.82603388636757,0.5739661136324372,0.5739661136324372
-1.072392726417362,-1.1055484568659533,-1.1488097808950457,-1.1592462516677668,-1.1473462403801915,79.8,80.3569553332947,-0.5569553332947095,0.5569553332947095
1.6803304729913848,1.6716512705702842,1.654260558263697,1.6480401675593042,1.6562941920480596,163.8,163.57134158080925,0.22865841919076502,0.22865841919076502
0.1521400157656656,0.1790302517817233,0.2328923438317876,0.2344655201418994,0.2162512964470548,117.5,117.18683904889744,0.31316095110256015,0.31316095110256015
-1.343044168085848,-1.3862404626115896,-1.409944871453466,-1.410842676032457,-1.37254267633466,70.3,72.13893248804706,-1.8389324880470639,1.8389324880470639
-0.4617766689945583,-0.448398937532052,-0.471180748433321,-0.4805980017366943,-0.488867446032932,98.5,98.72004461188249,-0.2200446118824857,0.2200446118824857
-0.6664155639146332,-0.6432322121084346,-0.6034010474502428,-0.6295695687947347,-0.6320990027245614,92.8,92.45806843813484,0.3419315618651524,0.3419315618651524
-0.623507408528166,-0.623418658761684,-0.6397616296798966,-0.5666704627035619,-0.603949448230252,93.2,93.78045130913468,-0.5804513091346735,0.5804513091346735
-0.2142296186880163,-0.1809159673509159,-0.1373244934155935,-0.126376720065354,-0.1530046242724058,105.9,106.09118741767584,-0.19118741767583458,0.19118741767583458
0.0795262143424131,0.0964737795035949,0.0742279850114815,0.06563107747612,0.0760554760244191,113.8,115.0748948814787,-1.2748948814787013,1.2748948814787013
0.0201149222688432,0.0535444139189683,0.0510894326835201,0.0689415567440768,0.0655683870951665,113.6,113.19988791823229,0.40011208176770197,0.40011208176770197
0.6604366257284315,0.6776713443416182,0.7849120922274364,0.7740736408188008,0.7353621984450402,132.6,132.57047870548405,0.029521294515944874,0.029521294515944874
0.7627560731884697,0.7701345932931224,0.7419404950469364,0.7575212444790186,0.7488850236432865,136.5,135.76630505611823,0.7336949438817726,0.7336949438817726
-0.375960358221624,-0.349331170798298,-0.3422659568918225,-0.3084530798029588,-0.3246617114827989,101.5,101.21352821798774,0.2864717820122564,0.2864717820122564
-1.125202763816091,-1.1253620102127044,-1.1421987659441997,-1.1261414589882024,-1.1426546479644728,78.2,78.64818149073625,-0.44818149073624625,0.44818149073624625
-0.4617766689945583,-0.4715147497699276,-0.4976248082367057,-0.5037713566123891,-0.510669551964798,98.9,98.77311868963541,0.12688131036459538,0.12688131036459538
-1.1714115465399788,-1.1550823402328303,-1.181864855649276,-1.1658672102036791,-1.165008705945248,77.1,77.20621349488343,-0.10621349488343412,0.10621349488343412
-1.1648102918651375,-1.1649891169062057,-1.17525384069843,-1.2949759016539812,-1.235382592181019,77.9,77.53628998488027,0.3637100151197359,0.3637100151197359
0.1620418977779271,0.165821216217223,0.1469491494707881,0.1252197042993365,0.1414617938200193,118.3,117.61004781418151,0.689952185818484,0.689952185818484
-1.2902341306871192,-1.316893025897962,-1.3967228415517738,-1.4075321967645007,-1.3857895255084525,73.5,73.7773208371087,-0.2773208371087037,0.2773208371087037
1.5417041248197216,1.5692812449454043,1.5848449012798131,1.591762020004044,1.5958554426926326,158.7,159.24696739515375,-0.5469673951537573,0.5469673951537573
-0.7588331293624088,-0.7555090144066894,-0.7719819286968185,-0.771920177316862,-0.7689831108537484,89.9,89.72847569927093,0.1715243007290752,0.1715243007290752
-1.23742409328839,-1.2871726958778356,-1.2711135574856982,-1.2982863809219374,-1.2886459649006428,75.7,75.36581012803931,0.33418987196068883,0.33418987196068883
1.1621319810163573,1.1531966246636376,1.1518234219993944,1.144847318829923,1.1280760812430917,148.2,147.8968945122671,0.3031054877328927,0.3031054877328927
2.1919277102915715,2.219826246497056,2.209585814134769,2.233994997987596,2.2225969942276804,179.0,178.94015335305255,0.05984664694744879,0.05984664694744879
-0.8479500674727639,-0.8347632277936923,-0.8513141081069713,-0.8811659931594248,-0.868886431706099,89.3,87.03507425841615,2.264925741583852,2.264925741583852
0.7693573278633105,0.740414263272996,0.7121909277681289,0.6913116591198896,0.7055567878040073,135.4,136.0750403711641,-0.6750403711641013,0.6750403711641013
1.234745782439609,1.2126372847038904,1.2311556014095475,1.25078265540453,1.2547490764674802,149.5,150.05849471696075,-0.5584947169607517,0.5584947169607517
0.1389375064159836,0.1361008861970966,0.1568656718970577,0.1616349762468573,0.1442215540645583,117.1,116.88548021462123,0.21451978537876926,0.21451978537876926
-0.0987076618782967,-0.1346843428751643,-0.0976584037105169,-0.0171309042227911,-0.0508934952244246,109.7,109.68343568226472,0.01656431773528766,0.01656431773528766
-0.8776557135095492,-0.8875993700516946,-0.8612306305332408,-0.8712345553555555,-0.8655747194126507,86.4,86.13198510799296,0.2680148920070451,0.2680148920070451
-0.3957641222461471,-0.3889582774917992,-0.4050705989248601,-0.4441827297891731,-0.4309124808975907,100.9,100.7430161263951,0.15698387360490074,0.15698387360490074
0.3930858113973663,0.4068861152693577,0.3452795979961709,0.3668846908601574,0.3564471168696896,124.3,124.59161219640245,-0.29161219640245406,0.29161219640245406
-1.0030795523315303,-0.9866671367854488,-0.9901454220747392,-0.9837908504660746,-0.9828645298056036,82.4,82.28826031772817,0.11173968227183195,0.11173968227183195
-0.4881816876939227,-0.474817008661053,-0.4678752409578982,-0.4839084810046506,-0.4720329085412379,97.8,97.88317786620271,-0.08317786620271761,0.08317786620271761
-0.0657013885040911,-0.0587323883792859,-0.0579923140054402,0.0027319713849477,0.0043017096663777,111.0,110.60930821002393,0.39069178997607423,0.39069178997607423
-0.1911252273260723,-0.2205430740444176,-0.1935181204977854,-0.2290015773720038,-0.2504241609046704,107.2,107.00391657437257,0.1960834256274353,0.1960834256274353
0.05972245031789,0.0634511905923436,0.0841445074377505,0.1649454555148136,0.1398059376732954,115.1,114.39204142744494,0.7079585725550572,0.7079585725550572
-0.8215450487733996,-0.8116474155558167,-0.8546196155823946,-0.8050249699964265,-0.8216945315244636,87.2,87.80025645794117,-0.6002564579411711,0.6002564579411711
-0.0591001338292499,-0.052127870597036,-0.0183262243003641,-0.0204413834907474,-0.0216400366322997,111.3,110.85137662180601,0.4486233781939859,0.4486233781939859
0.5119083955445064,0.5521855064788638,0.5766651212757842,0.6019287188850657,0.5736402481149927,128.8,128.05160866598766,0.7483913340123536,0.7483913340123536
-0.1812233453138107,-0.1809159673509159,-0.2133511653503235,-0.2256910981040475,-0.2126154455544711,107.8,107.23582572227154,0.5641742777284549,0.5641742777284549
2.1721239462670483,2.19010591647693,2.222807844036461,2.184337808968249,2.2151456415674224,178.1,178.36002227959546,-0.26002227959546076,0.26002227959546076
1.0730150429060017,1.0640356346032591,1.0526581977367029,1.0985006090785334,1.078952348890278,144.4,145.15165184829826,-0.7516518482982519,0.7516518482982519
-0.8842569681843899,-0.9008084056161948,-0.9042022277137404,-0.844750721211904,-0.8636428872414725,86.8,85.91730844091603,0.8826915590839661,0.8826915590839661
0.967394968108544,0.9748746445428802,0.9832425407528192,0.9760128761641442,0.971045723328762,143.7,141.94625740638764,1.753742593612344,1.753742593612344
-1.0624908444051004,-1.0626190912813267,-1.089310646337431,-1.0400689980213345,-1.0656573371418054,80.1,80.52478539179296,-0.42478539179296604,0.42478539179296604
-0.4947829423687639,-0.501235079790054,-0.5207633605646667,-0.5203237529521714,-0.5134293122093389,97.5,97.74122349300863,-0.24122349300863277,0.24122349300863277
-0.2835427927738484,-0.2667746985201697,-0.2662392849570925,-0.3051426005350021,-0.3017557014531155,104.7,104.10709083007539,0.5929091699246101,0.5929091699246101
-1.405756087496839,-1.4093562748494657,-1.4000283490271972,-1.410842676032457,-1.4040039431224174,70.6,70.1527785043508,0.4472214956491882,0.4472214956491882
-1.2539272299754929,-1.2772659192044602,-1.188475870600122,-1.1890405650793747,-1.2097168219067966,74.2,74.72782633775469,-0.5278263377546892,0.5278263377546892
0.601025333654862,0.6182306843013664,0.5931926586528994,0.5953077603491523,0.6053774909272028,130.4,130.84590971942848,-0.4459097194284709,0.4459097194284709
-0.70602309196368,-0.7026728721486869,-0.6463726446307428,-0.6825372370820377,-0.6997131287157932,91.0,91.31405761159928,-0.31405761159928147,0.31405761159928147
0.76605670052589,0.7701345932931224,0.6890523754401678,0.6880011798519333,0.6989333632171106,136.6,135.9282336249963,0.6717663750036991,0.6717663750036991
-0.6697161912520535,-0.6531389887818099,-0.6662056894832808,-0.6626743614742993,-0.6428620676782678,92.5,92.37262480933478,0.1273751906652194,0.1273751906652194
-0.8380481854605024,-0.8347632277936923,-0.8546196155823946,-0.9010288687671634,-0.8691624077305529,87.4,87.36419646417987,0.03580353582013629,0.03580353582013629
-1.1516077825154556,-1.191407188035207,-1.178559348173853,-1.1791091272755054,-1.173287986678868,77.3,77.91483279045738,-0.6148327904573847,0.6148327904573847
1.030106887519535,1.0409198223653828,1.0427416753104335,1.0620853371310115,1.0640496435697622,146.1,143.80620963523648,2.2937903647635096,2.2937903647635096
-0.1185114259028204,-0.0983594950727876,-0.0546868065300174,-0.0138204249548344,-0.0315751735126433,108.6,108.97711717519113,-0.3771171751911311,0.3771171751911311
0.5713196876180768,0.5356742120232381,0.5336935240952851,0.5721344054734575,0.5653609673813725,130.3,130.02198378944038,0.27801621055962755,0.27801621055962755
2.307449667101291,2.305684977666309,2.3252785757745755,2.3233779382224204,2.338782900522817,182.2,182.48528902570274,-0.2852890257027525,0.2852890257027525
-0.2538371467370631,-0.303099546322546,-0.3257384195147073,-0.3283159554106973,-0.3081031500155585,104.2,105.12925383869253,-0.9292538386925315,0.9292538386925315
-0.1548183266144463,-0.1445911195485396,-0.1042694186613631,-0.126376720065354,-0.1386538710007978,107.8,107.97292998201951,-0.17292998201951093,0.17292998201951093
-1.1120002544664087,-1.118757492430454,-1.0760886164357388,-1.020206122413596,-0.9508513109689388,78.4,78.88904547123701,-0.4890454712370058,0.4890454712370058
0.0135136675940019,0.0271263427899673,0.0312563878309815,0.078872994547946,0.0399026168209446,113.4,113.03588582712732,0.3641141728726893,0.3641141728726893
-0.7192256013133619,-0.7389977199510637,-0.6893442418112423,-0.6759162785461247,-0.6837065192974603,91.7,90.91108588974473,0.788914110255277,0.788914110255277
-1.1285033911535116,-1.1055484568659533,-1.1091436911899692,-1.1029681041125072,-1.106501788760998,78.8,78.48135930211426,0.31864069788574056,0.31864069788574056
0.8584742659736652,0.8758068778091262,0.8444112267850507,0.7939365164265394,0.8220186701235975,138.9,138.68783034374272,0.2121696562572879,0.2121696562572879
0.5845221969677592,0.6116261665191156,0.6163312109808612,0.6118601566889346,0.6056534669516576,130.1,130.31521618108974,-0.21521618108974394,0.21521618108974394
0.9145849307098152,0.9616656089783804,1.0196031229824725,1.0289805444514473,1.013546031094679,140.7,140.19593096148736,0.5040690385126254,0.5040690385126254
-1.2737309940000163,-1.267359142531085,-1.261197035059429,-1.2916654223860249,-1.2458696811102714,74.7,74.11780976131806,0.582190238681946,0.582190238681946
-0.1020082892157176,-0.101661753963913,-0.1042694186613631,-0.1296871993333102,-0.1041568679440469,109.9,109.60862984311986,0.29137015688014856,0.29137015688014856
0.6538353710535908,0.694182638797244,0.6791358530138983,0.7608317237469748,0.7094204521463637,132.4,132.33891927126763,0.06108072873237802,0.06108072873237802
0.6670378804032733,0.6413464965392419,0.6262477334071298,0.591997281081196,0.606205419000566,134.3,132.97372822971164,1.326271770288372,1.326271770288372
1.4327834226848428,1.4603067015382754,1.4427080798366227,1.3865123053907444,1.4175749308953438,156.1,156.03340690451228,0.0665930954877183,0.0665930954877183
-0.0591001338292499,-0.0653369061615362,-0.0910473887596707,-0.1296871993333102,-0.0920139228680699,110.9,110.95020564693243,-0.05020564693242591,0.05020564693242591
1.1093219436176285,1.126778553534637,1.0989353023926258,1.1415368395619667,1.148222331028233,146.5,146.18577280942011,0.314227190579885,0.314227190579885
-0.7951400300740352,-0.7422999788421886,-0.6728167044341271,-0.7222629882975152,-0.7068885053515964,88.7,88.4757349845471,0.22426501545290023,0.22426501545290023
-1.2803322486748572,-1.2838704369867109,-1.2909466023382368,-1.2486291919025907,-1.2883699888761884,73.7,73.94142877787586,-0.24142877787585348,0.24142877787585348
0.7825598372129928,0.7635300755108725,0.7353294800960907,0.7177954932635415,0.7375700066406722,137.0,136.4426625231372,0.5573374768628128,0.5573374768628128
0.247858208550862,0.2681912418421019,0.2395033587826338,0.2477074372137249,0.2471606111859022,120.5,120.15674395160889,0.3432560483911118,0.3432560483911118
-0.600403017166222,-0.5936983287415576,-0.6728167044341271,-0.6527429236704295,-0.6326509547734684,94.8,94.5383191701568,0.2616808298432005,0.2616808298432005
0.0069124129191612,0.0304286016810923,0.0543949401589429,0.0689415567440768,0.0537014180436442,113.0,112.8118002764433,0.188199723556707,0.188199723556707
-1.3364429134110067,-1.3532178737003382,-1.3669732742729668,-1.3711169248169794,-1.377234268750379,73.0,72.3068630408713,0.6931369591286938,0.6931369591286938
-0.2406346373873807,-0.250263404064544,-0.1902126130223621,-0.1826548676206137,-0.1759106343020887,105.8,105.35421143562259,0.4457885643774091,0.4457885643774091
-0.1944258546634932,-0.1941250029154166,-0.1869071055469392,-0.18596534688857,-0.188329555402519,106.5,106.79536429492617,-0.29536429492617344,0.29536429492617344
0.4293927121089928,0.4035838563782327,0.3948622101275166,0.3470218152524184,0.3765933666548316,125.9,125.77943240215212,0.12056759784788085,0.12056759784788085
-0.316549066148054,-0.3295176174515469,-0.3323494344655535,-0.3779731444300441,-0.3671620192487153,103.8,103.18355509837066,0.6164449016293361,0.6164449016293361
0.6076265883297027,0.6743690854504933,0.7221074501943984,0.6548963871723688,0.6674720964293542,131.6,130.93526742971756,0.6647325702824389,0.6647325702824389
0.2643613452379648,0.2351686529308506,0.2692529260614409,0.2046712067302911,0.2201149607894111,120.9,120.78283105334674,0.1171689466532655,0.1171689466532655
0.4194908300967312,0.4200951508338584,0.4345282998325932,0.4231628384154172,0.4246131949098283,125.8,125.37615351115458,0.4238464888454132,0.4238464888454132
1.076315670243423,1.1234762946435113,1.1253793621960095,1.0985006090785334,1.0847478454038126,145.3,145.18438676642842,0.11561323357159381,0.11561323357159381
2.370161586512282,2.361823378815436,2.397999740233882,2.531938132103676,2.4875339777035266,183.1,184.27596824162515,-1.1759682416251565,1.1759682416251565
-0.7753362660495116,-0.7621135321889397,-0.7620654062705494,-0.8149564078002958,-0.7883014325655291,88.9,89.23080337211694,-0.33080337211693234,0.33080337211693234
-0.0095907237679415,-0.002593987230159,-0.0579923140054402,-0.0734090517780504,-0.0442700706375278,112.4,112.4262543310116,-0.02625433101160013,0.02625433101160013
-0.1449164446021847,-0.1544978962219149,-0.1935181204977854,-0.1528605542090055,-0.1676313535684685,108.0,108.32646819686346,-0.32646819686345907,0.32646819686345907
-1.3331422860735864,-1.3069862492245867,-1.3041686322399286,-1.3347016528694586,-1.3259027282019331,73.7,72.30699105932524,1.3930089406747612,1.3930089406747612
-0.7984406574114555,-0.8413677455759426,-0.8215645408281641,-0.8646135968196426,-0.8622630071192023,87.5,88.65419448601804,-1.1541944860180422,1.1541944860180422
-0.0921064072034555,-0.1115685306372883,-0.1141859410876321,-0.0998928859217024,-0.0826307380366342,110.7,109.91643602062612,0.7835639793738807,0.7835639793738807
-0.894158850196652,-0.8842971111605693,-0.8612306305332408,-0.844750721211904,-0.8636428872414725,85.2,85.5787734882233,-0.3787734882233025,0.3787734882233025
-0.6598143092397919,-0.6597435065640603,-0.6562891670570119,-0.6461219651345169,-0.6492095162407089,94.2,92.70660268252814,1.4933973174718602,1.4933973174718602
0.5350127869064508,0.5653945420433645,0.5303880166198613,0.5324086542579796,0.5381773289726522,125.2,128.83045525568636,-3.630455255686357,3.630455255686357
-0.0491982518169883,-0.0620346472704113,-0.0976584037105169,-0.126376720065354,-0.0754553614008309,111.1,111.2527678024288,-0.15276780242881216,0.15276780242881216
-0.8545513221476052,-0.8413677455759426,-0.7323158389917418,-0.771920177316862,-0.7916131448589769,86.2,86.75106785361169,-0.5510678536116842,0.5510678536116842
-0.1119101712279792,-0.1379866017662893,-0.1406300008910164,-0.0965824066537457,-0.1138160287999373,109.2,109.32717307802858,-0.12717307802857647,0.12717307802857647
0.8617748933110865,0.8295752533333751,0.8807718090147049,0.8700775395895382,0.859551409449343,138.2,138.81108989528812,-0.6110898952881314,0.6110898952881314
-0.0128913511053623,-0.0091985050124089,-0.0447702841037483,-0.0105099456868782,-0.0139127079475865,112.2,112.28482168219303,-0.08482168219302366,0.08482168219302366
-1.3034366400368012,-1.320195284789087,-1.317390662141621,-1.2519396711705475,-1.2822985163382,72.6,73.2297060640468,-0.6297060640468004,0.6297060640468004
1.115923198292469,1.1102672590790117,1.1055463173434714,1.1415368395619667,1.1424268345146993,147.9,146.43019392169623,1.469806078303776,1.469806078303776
-1.3100378947116424,-1.2739636603133353,-1.254586020108583,-1.271802546778286,-1.2693276431888625,72.0,72.9565395234802,-0.9565395234802025,0.9565395234802025
-0.5310898430803904,-0.5309554098101804,-0.5637349577451667,-0.5269447114880844,-0.5424067947770095,96.6,96.61655147060787,-0.016551470607879537,0.016551470607879537
-0.6532130545649507,-0.6762548010196859,-0.6100120624010891,-0.6328800480626909,-0.637342547189187,92.1,92.93922008111008,-0.839220081110085,0.839220081110085
-0.0855051525286148,-0.0818482006171619,-0.1108804336122093,-0.1396186371371795,-0.1132640767510302,109.8,110.12894855512724,-0.32894855512724064,0.32894855512724064
-0.930465750908278,-0.9371332534185716,-0.9372573024679708,-0.9374441407146844,-0.923529684547992,83.3,84.53378200371137,-1.2337820037113687,1.2337820037113687
0.3402757739986376,0.3441431963379799,0.3155300307173638,0.2808122298932894,0.2987681277588029,123.8,123.02625354206516,0.7737464579348341,0.7737464579348341
-0.8578519494850255,-0.8347632277936923,-0.8380920782052794,-0.8414402419439473,-0.8421167573340603,86.3,86.67944900141329,-0.37944900141329185,0.37944900141329185
0.096029351029516,0.0832647439390947,0.0114233429784434,-0.0403042590984859,-0.0484097110043379,116.8,115.75752441436761,1.0424755856323884,1.0424755856323884
-0.6532130545649507,-0.6861615776930613,-0.6662056894832808,-0.7355049053693408,-0.6972293444957075,92.8,93.02557876619004,-0.22557876619003991,0.22557876619003991
0.729749799814264,0.7569255577286216,0.7254129576698212,0.6913116591198896,0.7165958287821679,133.2,134.75287167658277,-1.5528716765827824,1.5528716765827824
-0.7093237193011004,-0.6927660954753116,-0.6397616296798966,-0.6030857346510827,-0.6332029068223769,90.7,91.11320729725962,-0.4132072972596177,0.4132072972596177
0.6175284703419648,0.6083239076279906,0.6295532408825527,0.591997281081196,0.6191762921499038,130.1,131.3943568117154,-1.294356811715403,1.294356811715403
0.05972245031789,0.0502421550278433,0.0676169700606353,0.072252036012033,0.0514936098480122,114.1,114.51031167992743,-0.4103116799274318,0.4103116799274318
-0.8215450487733996,-0.8248564511203169,-0.8480086006315484,-0.831508804140078,-0.8352173567227099,86.0,87.83958316346623,-1.83958316346623,1.83958316346623
-0.989877042981848,-1.0262942434789504,-1.039728034206085,-1.023516601681552,-1.0270206937182444,80.7,82.81486215117631,-2.114862151176311,2.114862151176311
-1.2275222112761284,-1.217825259164208,-1.2380584827314678,-1.1956615236152877,-1.2185480546893253,75.4,75.5069218832098,-0.10692188320979312,0.10692188320979312
-0.1350145625899232,-0.15119563733079,-0.1836015980715164,-0.2058282224963085,-0.1643196412750206,108.4,108.66102541978407,-0.2610254197840618,0.2610254197840618
0.4326933394464132,0.416792891942733,0.4312227923571703,0.452957151827025,0.3986714486111523,125.9,125.822767546986,0.07723245301400539,0.07723245301400539
-0.7852381480617732,-0.8149496744469417,-0.8215645408281641,-0.8546821590157733,-0.8233503876711881,90.8,89.01273463475789,1.7872653652421064,1.7872653652421064
1.12252445296731,1.1135695179701364,1.1022408098680485,1.1117425261503584,1.1153811841182069,146.7,146.67229738968402,0.027702610315969878,0.027702610315969878
0.6472341163787501,0.6248352020836163,0.6559973006859374,0.5886868018132397,0.613656771660823,131.6,132.3508380933522,-0.7508380933522005,0.7508380933522005
1.1357269623169923,1.1399875890991369,1.0989353023926258,1.0753272542028378,1.0944070062597029,147.2,147.09460277597822,0.10539722402177176,0.10539722402177176
1.1456288443292544,1.182916954683764,1.1881840042290477,1.211056904189052,1.172232245155732,148.8,147.26556713092418,1.5344328690758289,1.5344328690758289
-1.389252950809736,-1.3532178737003382,-1.383500811650082,-1.3810483626208487,-1.3871694056307229,70.7,70.59222579025058,0.10777420974942231,0.10777420974942231
-0.554194234442334,-0.5606757398303063,-0.6034010474502428,-0.6063962139190394,-0.6067092084747924,97.5,95.97585641944478,1.5241435805552186,1.5241435805552186
-0.2967453021235303,-0.3130063229959213,-0.2959888522358996,-0.3084530798029588,-0.2940283727684033,103.8,103.73034354819589,0.06965645180410718,0.06965645180410718
-0.1383151899273435,-0.1148707895284132,-0.0877418812842479,-0.1098243237255717,-0.0768352415231006,108.0,108.41644525714356,-0.4164452571435646,0.4164452571435646
0.5416140415812916,0.5323719531321132,0.5171659867181698,0.5390296127938929,0.5220327315420934,129.3,129.1008423348216,0.19915766517840439,0.19915766517840439
2.2282346110031974,2.223128505388181,2.23272436646273,2.27703122847103,2.284415623705378,179.7,180.05939728437568,-0.35939728437568874,0.35939728437568874
-1.3694491867852123,-1.346613355918088,-1.3504457368958516,-1.3479435699412845,-1.3612276593320465,71.1,71.20295025427689,-0.10295025427689097,0.10295025427689097
1.7397417650649551,1.7145806361549103,1.7269817227230044,1.7440440663300414,1.7548176327781395,166.9,165.35050006302993,1.5494999369700793,1.5494999369700793
0.6505347437161705,0.6314397198658671,0.708885420292706,0.6780697420480636,0.6823748017498712,131.8,132.37318065385452,-0.5731806538545072,0.5731806538545072
-1.3958542054845766,-1.3994494981760903,-1.3669732742729668,-1.410842676032457,-1.3929649021442567,70.0,70.4587690031187,-0.4587690031187037,0.4587690031187037
-0.9634720242824836,-0.9899693956765736,-1.02320049682897,-1.036758518753378,-1.020397269131348,82.7,83.62737569855452,-0.9273756985545134,0.9273756985545134
-0.4386722776326143,-0.4285853841853009,-0.4744862559087443,-0.5037713566123891,-0.4919031823019266,100.4,99.4555934294975,0.9444065705025082,0.9444065705025082
-1.23742409328839,-1.244243330293209,-1.254586020108583,-1.2353872748307653,-1.266567882944322,77.0,75.27025742802252,1.7297425719774822,1.7297425719774822
0.2346556992011796,0.2252618762574753,0.2295868363563643,0.2046712067302911,0.2101798239090656,120.0,119.82859291759601,0.17140708240398794,0.17140708240398794
-1.0294845710308949,-1.0262942434789504,-1.0562555715832005,-1.1228309797202456,-1.094358843685022,82.4,81.60716749589564,0.7928325041043678,0.7928325041043678
-0.3825616128964652,-0.3955627952740496,-0.4447366886299367,-0.4474932090571298,-0.446919090315924,101.4,101.19026062957752,0.2097393704224828,0.2097393704224828
0.5944240789800204,0.5951148720634899,0.5403045390461308,0.5754448847414138,0.5573576626722061,130.6,130.69947307289965,-0.09947307289965579,0.09947307289965579
0.7495535638387872,0.7470187810552468,0.7617735398994745,0.7177954932635415,0.7108003322686334,134.8,135.41558383997256,-0.615583839972544,0.615583839972544
0.0201149222688432,-0.0091985050124089,-0.0084097018740946,0.01928436772473,0.0139608705222676,112.7,113.33561177623811,-0.6356117762381075,0.6356117762381075
1.4063784039854788,1.427284112627024,1.4294860499349302,1.3368551163713975,1.353548493222014,155.2,155.28449898299638,-0.08449898299639358,0.08449898299639358
-0.801741284748876,-0.8116474155558167,-0.814953525877318,-0.8480612004798603,-0.8266620999646359,88.5,88.4714222760164,0.028577723983602255,0.028577723983602255
0.1983487984895536,0.1823325106728487,0.213059298979249,0.3701951701281137,0.2899368949762729,118.6,118.5818847388575,0.01811526114249773,0.01811526114249773
-1.125202763816091,-1.14187330466833,-1.1620318107967378,-1.1029681041125072,-1.1111933811767165,79.3,78.63431164270122,0.6656883572987766,0.6656883572987766
1.0268062601821144,1.0211062690186323,1.029519645408742,1.0356015029873606,1.0370039931732695,143.3,143.75471389946287,-0.45471389946285967,0.45471389946285967
0.6505347437161705,0.6347419787569921,0.6559973006859374,0.618481115224848,0.6244198366145298,132.0,132.42620476804228,-0.42620476804228247,0.42620476804228247
-0.9832757883070068,-1.0031784312410743,-1.02320049682897,-1.0632423528970296,-1.0435792551854848,83.2,83.02733678095778,0.17266321904222082,0.17266321904222082
-1.131804018490932,-1.1352687868860796,-1.1289767360425074,-1.066552832164986,-1.0766963781199657,78.6,78.37535797128595,0.22464202871404382,0.22464202871404382
-1.0426870803805772,-1.1220597513215789,-1.0727831089603157,-1.0533109150931603,-1.0234330054003424,80.6,81.22638218596303,-0.6263821859630383,0.6263821859630383
0.7528541911762077,0.7139961921439955,0.705579912817283,0.6714487835121511,0.6754754011385207,135.5,135.60354503911222,-0.10354503911221968,0.10354503911221968
-0.4683779236693995,-0.4384921608586762,-0.4645697334824753,-0.5335656700239975,-0.4985266068888229,99.3,98.51701854006849,0.7829814599315057,0.7829814599315057
-1.379351068797474,-1.340008838135838,-1.3438347219450053,-1.2585606297064604,-1.2960973175609007,70.9,70.78926672823104,0.11073327176896441,0.11073327176896441
-0.2043277366757547,-0.2073340384799169,-0.2001291354486316,-0.2124491810322215,-0.188329555402519,106.8,106.4969307229716,0.30306927702839914,0.30306927702839914
0.1719437797901892,0.1757279928905983,0.1700877017987495,0.1616349762468573,0.1936212624418252,117.9,117.86861323313472,0.03138676686528186,0.03138676686528186
0.756154818513628,0.740414263272996,0.771690062325744,0.7972469956944956,0.7704111535506991,135.8,135.5671730589391,0.23282694106092094,0.23282694106092094
-0.0624007611666707,-0.0554301294881609,0.0180343579292896,0.0027319713849477,-0.0296433413414652,111.0,110.7538886088287,0.2461113911712971,0.2461113911712971
-1.260528484650334,-1.267359142531085,-1.2678080500102753,-1.410842676032457,-1.3441171458158978,74.2,74.6668841560804,-0.4668841560803969,0.4668841560803969
-0.0921064072034555,-0.0851504595082873,-0.084436373808825,-0.0369937798305297,-0.0900820906968922,109.9,109.8706755216699,0.029324478330110537,0.029324478330110537
-0.9337663782456984,-0.8909016289428197,-0.8942857052874712,-0.9242022236428584,-0.911938691520924,84.7,84.35526392014768,0.3447360798523249,0.3447360798523249
-0.930465750908278,-0.9305287356363212,-0.9240352725662784,-0.897718389499207,-0.9207699243034522,84.6,84.51182126019441,0.08817873980558488,0.08817873980558488
-0.0723026431789323,-0.0818482006171619,-0.0513812990545945,-0.0601671347062249,-0.0735235292296518,110.6,110.51188966513756,0.08811033486243502,0.08811033486243502
1.498795969433254,1.480120254885026,1.4757631545908532,1.515620996841046,1.4901566253267473,158.0,158.06396665224486,-0.06396665224485787,0.06396665224485787
1.0004012414827497,1.0012927156718816,1.0063810930807802,1.0190491066475784,1.0019550380676108,142.5,142.95100606989874,-0.4510060698987388,0.4510060698987388
-0.1878245999886519,-0.1908227440242912,-0.1968236279732083,-0.0568566554382682,-0.1168517650689319,107.6,106.9037971479166,0.6962028520833883,0.6962028520833883
0.1092318603791984,0.089869261721345,0.0775334924869044,0.025905326260643,0.0404545688698531,116.5,116.09613514369882,0.4038648563011833,0.4038648563011833
1.2446476644518711,1.182916954683764,1.181572989278202,1.171331152973575,1.1879628785496112,151.7,150.49502930479088,1.2049706952091128,1.2049706952091128
1.1819357450408805,1.1994282491393895,1.2575996612129314,1.2574036139404423,1.2354307547557004,147.7,148.37235471980455,-0.6723547198045594,0.6723547198045594
-0.0293944877924651,-0.0488256117059106,-0.0612978214808636,-0.0469252176343989,-0.0417862864174417,111.6,111.8335395929045,-0.23353959290450632,0.23353959290450632
1.545004752157142,1.57258350383653,1.5319567816730446,1.5454153102526544,1.5481115904620897,160.3,159.39499284157088,0.9050071584291288,0.9050071584291288
0.330373891986376,0.33753867855573,0.332057568094479,0.3106065433048977,0.3103591207858701,123.4,122.69617130671142,0.7038286932885853,0.7038286932885853
-0.5673967437920163,-0.5705825165036816,-0.5571239427943205,-0.5964647761151701,-0.5929104072520929,95.7,95.55255142644492,0.14744857355508145,0.14744857355508145
-0.8446494401353436,-0.847972263358193,-0.8843691828612017,-0.8712345553555555,-0.8650227673637427,87.2,87.1489773189538,0.051022681046205776,0.051022681046205776
-0.9601713969450631,-0.9833648778943233,-0.9769233921730474,-1.0400689980213345,-1.009358228153188,84.5,83.72600634650576,0.7739936534942444,0.7739936534942444
-0.9337663782456984,-0.9305287356363212,-0.9207297650908556,-0.8778555138914685,-0.9000717224694017,85.0,84.3812338904145,0.6187661095854935,0.6187661095854935
0.0036117855817404,0.0040105305520913,0.0180343579292896,0.0159738884567733,0.0100972061799113,113.2,112.78762689954225,0.41237310045775644,0.41237310045775644
-0.6103048991784835,-0.6630457654551857,-0.6893442418112423,-0.7090210712256892,-0.6533491566075189,93.9,94.34444244220059,-0.4444424422005824,0.4444424422005824
-0.7456306200127268,-0.745602237733314,-0.7124827941392037,-0.7984040114605135,-0.7560122377044101,89.7,90.15379009561597,-0.4537900956159717,0.4537900956159717
0.6637372530658529,0.638044237648117,0.5733596138003613,0.5721344054734575,0.6133807956363693,132.8,132.86174361322304,-0.06174361322302957,0.06174361322302957
-0.1647202086267079,-0.1710091906775406,-0.1538520307927088,-0.106513844457615,-0.1248550697780978,108.2,107.66018851005416,0.5398114899458477,0.5398114899458477
0.3633801653605816,0.3540499730113557,0.3386685830453252,0.3337798981805929,0.3266417062286567,123.4,123.73030359683938,-0.3303035968393715,0.3303035968393715
-0.6301086632030072,-0.6135118820883086,-0.6067065549256662,-0.5832228590433441,-0.6218878898197635,94.4,93.5772178095338,0.8227821904661994,0.8227821904661994
-0.8875575955218108,-0.9041106645073204,-0.8975912127628941,-0.9142707858389894,-0.8906885376379651,85.9,85.8601188720736,0.039881127926406634,0.039881127926406634
0.544914668918712,0.5389764709143631,0.4543613446851318,0.4860619445065895,0.461593982186666,128.8,129.2551020286423,-0.4551020286423011,0.4551020286423011
-0.9370670055831192,-0.9404355123096966,-0.9174242576154322,-0.9208917443749024,-0.918838092132274,84.5,84.31732437460963,0.18267562539037385,0.18267562539037385
0.2973676186121704,0.264888982950977,0.2395033587826338,0.1914292896584656,0.2272903374252144,122.0,121.81129706040576,0.18870293959423634,0.18870293959423634
-0.2835427927738484,-0.276681475193545,-0.2728502999079382,-0.3084530798029588,-0.2766418832278002,103.4,104.1001062175263,-0.7001062175262973,0.7001062175262973
0.5317121595690305,0.5290696942409873,0.6097201960300146,0.5688239262055013,0.5791597686040726,129.0,128.74205629810544,0.2579437018945612,0.2579437018945612
-1.3760504414600536,-1.366426909264839,-1.3801953041746586,-1.3711169248169794,-1.366747179821126,71.2,71.02199753181195,0.17800246818805476,0.17800246818805476
-0.6565136819023716,-0.6861615776930613,-0.6595946745324347,-0.7321944261013845,-0.7096482655961378,93.0,92.92823977574508,0.07176022425491624,0.07176022425491624
-0.7588331293624088,-0.7422999788421886,-0.6827332268603962,-0.7851620943886876,-0.7529765014354164,90.3,89.71690601820961,0.583093981790384,0.583093981790384
-0.8281463034482408,-0.8347632277936923,-0.7918149735493566,-0.8017144907284698,-0.7885774085899828,88.2,87.59992489641397,0.6000751035860361,0.6000751035860361
0.9244868127220764,0.9253407611760032,0.8642442716375897,0.9296661664127536,0.8976361008239961,138.8,140.66986618300734,-1.869866183007332,1.869866183007332
0.2775638545876468,0.291307054079978,0.2923914783894024,0.2377759994098556,0.245780731063633,120.6,121.10740306502464,-0.507403065024647,0.507403065024647
-1.2506266026380723,-1.247545589184334,-1.264502542534852,-1.331391173601502,-1.261324338479696,75.8,74.86893966366824,0.931060336331754,0.931060336331754
-0.1845239726512316,-0.2106362973710423,-0.2298787027274387,-0.2952111627311328,-0.2620151539317394,107.0,107.22990208851631,-0.22990208851631166,0.22990208851631166
-0.8842569681843899,-0.9041106645073204,-0.8579251230578174,-0.8248878456041651,-0.8429446854074221,87.7,85.90665501918545,1.7933449808145525,1.7933449808145525
0.7231485451394224,0.7007871565794948,0.6890523754401678,0.7211059725314978,0.701693123461651,135.6,134.61219563674416,0.9878043632558331,0.9878043632558331
2.1028107721812166,2.124060738654427,2.140170157150885,2.094954868733425,2.0868167901963086,177.2,176.3107944182495,0.8892055817505025,0.8892055817505025
-1.141705900503194,-1.1583845991239556,-1.17525384069843,-1.21221391995507,-1.1887426440482924,77.9,78.2157647882411,-0.315764788241097,0.315764788241097
0.247858208550862,0.2847025362977277,0.3023080008156714,0.2675703128214639,0.2728263814601255,121.4,120.11723050754,1.2827694924600053,1.2827694924600053
-0.270340283424166,-0.2469611451734186,-0.2100456578749006,-0.1396186371371795,-0.1899854115492429,103.0,104.37458158933902,-1.3745815893390159,1.3745815893390159
1.59121353488103,1.575885762727655,1.6013724386569284,1.5851410614681314,1.6013749631817125,160.8,160.853656170507,-0.053656170506997114,0.053656170506997114
0.76605670052589,0.7668323344019974,0.7452460025223593,0.7343478896033239,0.7290147498825982,136.5,135.9030642337449,0.5969357662550863,0.5969357662550863
-0.3858622402338855,0.017219566116592,0.2328923438317876,0.4165418798795042,0.3178104734461281,78.0,99.7164182518818,-21.716418251881805,21.716418251881805
1.1522300990040952,1.1730101780103883,1.1683509593765096,1.1150530054183156,1.134423529805533,148.3,147.55341263128082,0.7465873687191902,0.7465873687191902
-1.095497117779306,-1.092339421301453,-1.0992271687636996,-1.1128995419163763,-1.1131252133478946,78.9,79.55026157362488,-0.6502615736248742,0.6502615736248742
-1.141705900503194,-1.1517800813417054,-1.122365721091661,-1.1062785833804634,-1.1167129016657964,78.6,78.12234787023574,0.47765212976425175,0.47765212976425175
-0.7687350113746704,-0.77532256775344,-0.8017314959756255,-0.818266887068252,-0.7913371688345228,90.2,89.46118706358229,0.7388129364177161,0.7388129364177161
1.2215432730899267,1.2258463202683911,1.1914895117044704,1.1415368395619667,1.1620211322509335,149.3,149.71393604640406,-0.41393604640404646,0.41393604640404646
1.9047731319359835,1.8962048751667928,1.8823405740678871,1.972467135819036,1.925370815890716,170.5,170.2945733183335,0.20542668166649491,0.20542668166649491
-0.3099478114732127,-0.3163085818870467,-0.3224329120392839,-0.265416849319525,-0.2882328762548693,103.9,103.2808439018785,0.6191560981215076,0.6191560981215076
-1.1053989997915676,-1.1022461979748284,-1.1157547061408148,-1.1062785833804634,-1.106501788760998,78.5,79.23049491305177,-0.7304949130517713,0.7304949130517713
-0.0260938604550443,-0.0455233528147856,-0.0150207168249407,-0.0105099456868782,-0.0310232214637354,112.1,111.92421524832847,0.17578475167152874,0.17578475167152874
-0.1152107985653995,-0.1115685306372883,-0.1472410158418626,-0.0998928859217024,-0.1176796931422941,110.2,109.18563690679042,1.0143630932095817,1.0143630932095817
0.3501776560108992,0.3639567496847311,0.418000762455478,0.4364047554872427,0.4469672528906032,122.8,123.16739870291225,-0.3673987029122543,0.3673987029122543
0.5911234516425999,0.58851035428124,0.4940274343902079,0.4397152347551994,0.4814642559473542,132.0,130.69915615256667,1.3008438474333275,1.3008438474333275
-0.0591001338292499,-0.0752436828349115,-0.1042694186613631,-0.1098243237255717,-0.093945755039249,110.3,110.95690129349767,-0.6569012934976683,0.6569012934976683
0.3765826747102636,0.3705612674669814,0.3452795979961709,0.4165418798795042,0.3721777502635678,124.6,124.07493397907353,0.5250660209264595,0.5250660209264595
-0.5739979984668576,-0.573884775394807,-0.5538184353188972,-0.5633599834356057,-0.553997787804078,95.0,95.29958844737484,-0.2995884473748447,0.2995884473748447
-1.125202763816091,-1.1253620102127044,-1.1289767360425074,-1.1095890626484202,-1.1128492373234404,77.7,78.62059853230909,-0.9205985323090857,0.9205985323090857
0.0663237049927312,0.0865670028302196,0.0907555223885967,0.1450825799070751,0.0865425649536712,116.3,114.6266473771486,1.6733526228513966,1.6733526228513966
0.5152090228819277,0.5191629175676125,0.5336935240952851,0.525787695722067,0.5272762760067194,128.1,128.26062431075204,-0.1606243107520413,0.1606243107520413
-1.141705900503194,-1.1583845991239556,-1.1488097808950457,-1.2188348784909828,-1.2174441505915088,77.6,78.246275191124,-0.6462751911240048,0.6462751911240048
1.2479482917892917,1.2522643913973917,1.264210676163778,1.2176778627249656,1.2323950184867054,150.7,150.4688617041242,0.2311382958757804,0.2311382958757804
1.627520435592656,1.6518377172235326,1.6443440358374284,1.6116248956117831,1.6347680621406468,162.0,161.903667869728,0.09633213027200327,0.09633213027200327
-1.1648102918651375,-1.1748958935795817,-1.1124491986653922,-1.1393833760600278,-1.1338234151819453,77.4,77.42734374334955,-0.027343743349547367,0.027343743349547367
-0.0095907237679415,-0.002593987230159,-0.0117152093495179,-0.0403042590984859,-0.0227439407301152,112.7,112.40603607086777,0.29396392913223224,0.29396392913223224
-1.2869335033496982,-1.320195284789087,-1.3008631247645055,-1.3347016528694586,-1.3253507761530254,73.2,73.83329936888609,-0.6332993688860853,0.6332993688860853
0.0861274690172544,0.0700557083745939,0.0775334924869044,0.0490786811363378,0.0600488666060866,114.5,115.34633519066132,-0.8463351906613212,0.8463351906613212
-0.8512506948101843,-0.8347632277936923,-0.824870048303587,-0.90433934803512,-0.887100849320063,87.0,86.95456905462372,0.045430945376281784,0.045430945376281784
-0.8050419120862968,-0.8116474155558167,-0.7587598987951261,-0.752057301709123,-0.7802981278563631,88.6,88.30450870561339,0.2954912943866077,0.2954912943866077
-0.8644532041598667,-0.847972263358193,-0.890980197812048,-0.90433934803512,-0.8906885376379651,85.4,86.53348605905737,-1.1334860590573612,1.1334860590573612
-0.0822045251911939,-0.1412888606574142,-0.1571575382681316,-0.1958967846924393,-0.1833619869623472,110.3,110.38748871833988,-0.08748871833988403,0.08748871833988403
-0.0029894690931008,-0.0158030227946592,-0.0579923140054402,-0.0469252176343989,-0.0412343343685332,112.0,112.64906694727604,-0.6490669472760402,0.6490669472760402
1.076315670243423,1.087151446841135,1.072491242589241,1.0322910237194045,1.0538385306649638,144.9,145.27261126665522,-0.3726112666552126,0.3726112666552126
1.1126225709550488,1.1201740357523864,1.1386013920977018,1.105121567614446,1.0955109103575185,145.9,146.36496660894312,-0.46496660894311503,0.46496660894311503
0.5878228243051796,0.6248352020836163,0.5964981661283222,0.5423400920618493,0.5788837925796189,130.9,130.4454171624457,0.4545828375543124,0.4545828375543124
-0.4056660042584087,-0.4450966786409266,-0.4414311811545139,-0.3912150615018701,-0.4038668305010982,100.8,100.45256341284589,0.34743658715410675,0.34743658715410675
1.5846122802061884,1.582490280509905,1.5584008414764292,1.60500393707587,1.5958554426926326,160.4,160.61956850793902,-0.21956850793901594,0.21956850793901594
2.6210092641562444,2.609492795649821,2.569886128955881,2.541869569907546,2.5813658260178878,192.4,192.06440934905368,0.33559065094632956,0.33559065094632956
-0.5343904704178107,-0.52435089202793,-0.5075413306629748,-0.5335656700239975,-0.5057019835246267,97.2,96.48144006131464,0.7185599386853596,0.7185599386853596
1.4492865593719455,1.4603067015382754,1.3832089452790075,1.4163066188023523,1.4418608210472967,157.0,156.5316794873487,0.46832051265130303,0.46832051265130303
0.1521400157656656,0.1559144395438477,0.1634766868479034,0.1649454555148136,0.163539875776339,116.8,117.27272726540521,-0.4727272654052115,0.4727272654052115
1.0169043781698524,0.991385938998506,0.966715003375704,0.9031823322691026,0.9166784465113222,143.0,143.60398549707466,-0.6039854970746603,0.6039854970746603
-0.4914823150313436,-0.4880260442255532,-0.4612642260070519,-0.4839084810046506,-0.4728608366146001,97.2,97.79580223476289,-0.5958022347628855,0.5958022347628855
-1.1516077825154556,-1.14187330466833,-1.1289767360425074,-1.1327624175241149,-1.1418267198911107,78.5,77.81350334900992,0.6864966509900796,0.6864966509900796
-0.9931776703192688,-0.996573913458824,-0.9769233921730474,-0.9374441407146844,-0.964374136167185,83.6,82.59734456242026,1.0026554375797332,1.0026554375797332
-0.5112860790558668,-0.4946305620078036,-0.4844027783350134,-0.6229486102588216,-0.5951182154477239,96.9,97.30044858983567,-0.400448589835662,0.400448589835662
-0.9106619868837548,-0.9602490656564476,-0.9835344071238932,-0.9937222882699444,-0.9541630232623868,84.9,85.24745377361235,-0.34745377361234375,0.34745377361234375
-1.405756087496839,-1.4093562748494657,-1.409944871453466,-1.404221717496544,-1.383305741288367,70.3,70.13180516944337,0.16819483055662943,0.16819483055662943
-0.8215450487733996,-0.8380654866848176,-0.8579251230578174,-0.910960306571033,-0.901727578616126,87.8,87.93676855594532,-0.13676855594532356,0.13676855594532356
-1.1450065278406143,-1.1319665279949542,-1.095921661288277,-1.1426938553279846,-1.1374111034998469,76.2,78.0204653228208,-1.8204653228207945,1.8204653228207945
-0.6796180732643156,-0.699370613257562,-0.6959552567620885,-0.685847716349994,-0.6751512625393863,92.2,92.1429934721092,0.05700652789080607,0.05700652789080607
-0.1845239726512316,-0.1875204851331663,-0.2100456578749006,-0.192586305424483,-0.1924691957693291,107.8,107.11065879624988,0.6893412037501179,0.6893412037501179
-0.0723026431789323,-0.0653369061615362,-0.0480757915791712,-0.0767195310460072,-0.0851145222567208,110.0,110.50429641267422,-0.504296412674222,0.504296412674222
0.8947811666852921,0.938549796740504,0.9733260183265496,1.038911982255317,1.006922606507782,140.0,139.5761312517954,0.4238687482045975,0.4238687482045975
2.376762841187123,2.3915437088355627,2.397999740233882,2.4425551918688524,2.4069489785629576,184.7,184.5451137530957,0.1548862469042831,0.1548862469042831
-0.9370670055831192,-0.9371332534185716,-0.9703123772222012,-1.0400689980213345,-1.0264687416693363,85.1,84.43053978485678,0.6694602151432179,0.6694602151432179
-1.197816565239343,-1.2343365536198336,-1.3107796471907749,-1.3413226114053718,-1.304928550343429,75.8,76.60455280948126,-0.8045528094812653,0.8045528094812653
-0.329751575497736,-0.3196108407781716,-0.2926833447604768,-0.2885902041952198,-0.275813955154439,102.7,102.6417914198891,0.05820858011090024,0.05820858011090024
-0.3033465567983716,-0.2931927696491707,-0.3654045092197839,-0.3812836236980008,-0.3470157694635733,104.2,103.54213637156597,0.6578636284340291,0.6578636284340291
-1.0195826890186332,-1.0196897256967,-1.0793941239111615,-1.0996576248445504,-1.062897576897265,83.3,81.88348433532862,1.4165156646713797,1.4165156646713797
0.0465199409682075,0.0601489317012186,0.0543949401589429,0.0523891604042945,0.0617047227528106,113.5,114.06131594945147,-0.561315949451469,0.561315949451469
-0.1053089165531379,-0.1181730484195387,-0.1274079709893245,-0.1230662407973972,-0.1364460628051655,108.0,109.54442101094297,-1.544421010942969,1.544421010942969
0.76605670052589,0.7437165221641209,0.7551625249486288,0.6913116591198896,0.7099724041952722,135.9,135.9667114865352,-0.06671148653518344,0.06671148653518344
0.88487928467303,0.882411395591377,0.8774663015392811,0.9031823322691026,0.8981880528729037,140.6,139.4479633045414,1.1520366954586052,1.1520366954586052
0.7066454084523196,0.690880379906119,0.7154964352435527,0.7211059725314978,0.7370180545917637,134.3,134.0631132441024,0.23688675589761488,0.23688675589761488
1.3007583291880205,1.288589239199768,1.2708216911146235,1.2209883419929215,1.2185962172640057,153.0,152.15268775180223,0.8473122481977668,0.8473122481977668
1.076315670243423,1.08384918795001,1.095629794917203,1.1349158810260542,1.086403701550536,144.5,145.2213963282747,-0.7213963282746931,0.7213963282746931
0.4888040041825628,0.4564199986362346,0.4874164194393622,0.5059248201143285,0.4811882799229009,127.5,127.52298904004063,-0.02298904004062763,0.02298904004062763
-0.1944258546634932,-0.1842182262420413,-0.2067401503994773,-0.238933015175873,-0.2352454795597007,106.8,106.83377955392785,-0.033779553927857364,0.033779553927857364
-0.1812233453138107,-0.1908227440242912,-0.160463045743555,-0.126376720065354,-0.1532806002968605,107.6,107.17809567270083,0.42190432729915983,0.42190432729915983
-1.1648102918651375,-1.1781981524707064,-1.2083089154526605,-1.1890405650793747,-1.1950900926107344,77.2,77.4815077789163,-0.28150777891629275,0.28150777891629275
-0.8050419120862968,-0.795136121100191,-0.7587598987951261,-0.8017144907284698,-0.7645674944624845,88.6,88.28444751827293,0.3155524817270674,0.3155524817270674
-0.894158850196652,-0.8875993700516946,-0.8678416454840865,-0.8679240760875988,-0.8832371849777066,86.6,85.60585148180266,0.9941485181973349,0.9941485181973349
-0.9700732789573248,-0.9536445478741972,-0.963701362271355,-0.9440650992505976,-0.9486435027733064,82.3,83.28269803242077,-0.982698032420771,0.982698032420771
0.8188667379246188,0.8130639588777495,0.8113561520308202,0.7542107652110623,0.7872456910423933,137.0,137.518826918926,-0.5188269189260097,0.5188269189260097
0.435993966783834,0.4465132219628593,0.5568320764232461,0.552271529865719,0.5123735706862026,126.2,125.78538260608963,0.4146173939103761,0.4146173939103761
-1.1945159379019228,-1.1980117058174569,-1.1521152883704686,-1.1923510443473313,-1.187086787901568,75.2,76.54438783329935,-1.3443878332993506,1.3443878332993506
0.2577600905631236,0.241773170713101,0.2494198812089028,0.4132314006115474,0.3575510209675056,120.7,120.37408579606442,0.32591420393558224,0.32591420393558224
-1.0063801796689509,-1.0163874668055746,-1.013283974402701,-1.036758518753378,-1.046063039405571,82.7,82.28721827660112,0.4127817233988793,0.4127817233988793
-0.2901440474486891,-0.2799837340846699,-0.3025998671867458,-0.2554854115156553,-0.2435247602933195,104.4,103.83966174552877,0.5603382544712332,0.5603382544712332
0.9971006141453292,1.0045949745630067,0.9964645706545115,1.0951901298105762,1.0626697634474915,143.7,142.76230344791253,0.9376965520874592,0.9376965520874592
1.7331405103901136,1.7674167784129122,1.7402037526246967,1.7043183151145636,1.724736246112653,166.8,165.101232184223,1.6987678157770176,1.6987678157770176
1.47239095073389,1.4570044426471505,1.459235617213738,1.4427904529460036,1.4357893485093076,156.7,157.3001202815741,-0.6001202815741067,0.6001202815741067
-0.1416158172647639,-0.1049640128550379,-0.1340189859401707,-0.1396186371371795,-0.1414136312453378,108.9,108.34958454488253,0.5504154551174736,0.5504154551174736
-1.0789939810922031,-1.0857349035192028,-1.0826996313865844,-1.0897261870406811,-1.0744885699243336,79.6,80.0430829429674,-0.4430829429674077,0.4430829429674077
-0.9502695149328012,-0.9569468067653224,-0.9901454220747392,-0.9573070163224232,-0.9663059683383632,83.4,83.94762692555882,-0.5476269255588164,0.5476269255588164
-0.811643166761138,-0.8248564511203169,-0.7951204810247798,-0.8414402419439473,-0.8247302677934577,88.5,88.16659426917121,0.3334057308287868,0.3334057308287868
-0.8380481854605024,-0.8281587100114424,-0.8314810632544332,-0.831508804140078,-0.8244542917690035,87.9,87.29977944417318,0.600220555826823,0.600220555826823
-0.0789038978537736,-0.0818482006171619,-0.1274079709893245,-0.18596534688857,-0.1698391617641004,110.3,110.40302275841228,-0.10302275841227981,0.10302275841227981
-0.0128913511053623,0.0040105305520913,-0.041464776628325,-0.0204413834907474,-0.0243997968768391,112.4,112.27879993188303,0.12120006811697692,0.12120006811697692
0.5251109048941888,0.5323719531321132,0.5403045390461308,0.4926829030425025,0.4911234168032437,129.3,128.60691672802702,0.6930832719729949,0.6930832719729949
-0.0491982518169883,-0.0587323883792859,-0.0778253588579788,-0.132997678601267,-0.0853904982811746,110.1,111.26200309879954,-1.1620030987995449,1.1620030987995449
-0.7489312473501472,-0.7555090144066894,-0.7951204810247798,-0.771920177316862,-0.7871975284677126,90.1,90.06248314054676,0.03751685945323402,0.03751685945323402
-0.1416158172647639,-0.1148707895284132,-0.1340189859401707,-0.1032033651896587,-0.1386538710007978,109.1,108.3494219320297,0.7505780679702951,0.7505780679702951
-0.7951400300740352,-0.745602237733314,-0.7554543913197033,-0.7818516151207313,-0.7579440698755883,88.3,88.52701805331779,-0.22701805331779212,0.22701805331779212
-0.8842569681843899,-0.9074129233984451,-0.8975912127628941,-0.8646135968196426,-0.8893086575156949,86.2,85.95529179551613,0.24470820448387087,0.24470820448387087
-1.2704303666625956,-1.3135907670068363,-1.3702787817483897,-1.351254049209241,-1.3385976253268177,75.3,74.36648589066247,0.9335141093375228,0.9335141093375228
1.7397417650649551,1.7376964483927868,1.7468147675755423,1.7738383797416488,1.786278899565897,165.0,165.2861489068889,-0.28614890688891137,0.28614890688891137
-0.128413307915082,-0.1412888606574142,-0.160463045743555,-0.1594815127449185,-0.1714950179108253,108.5,108.85766227866101,-0.3576622786610102,0.3576622786610102
0.142238133753404,0.1361008861970966,0.0841445074377505,-0.0634776139741812,0.0004380453240214,116.7,117.17144924028288,-0.4714492402828796,0.4714492402828796
0.2148519351766564,0.169123475108348,0.1601711793724805,0.1881188103905088,0.1983128548575438,118.6,119.26370223154724,-0.6637022315472478,0.6637022315472478
-0.8083425394237171,-0.8512745222493179,-0.8711471529595098,-0.8613031175516863,-0.8517759181899502,88.3,88.32644094452151,-0.0264409445215108,0.0264409445215108
0.3963864387347872,0.4597222575273596,0.4047787325537861,0.4165418798795042,0.4309606434722713,123.9,124.55852609735716,-0.6585260973571536,0.6585260973571536
-0.2967453021235303,-0.2964950285402956,-0.3191274045638611,-0.3647312273582185,-0.3354247764365047,103.1,103.75545290939145,-0.6554529093914567,0.6554529093914567
-1.3331422860735864,-1.293777213660086,-1.2876410948628134,-1.205592961419157,-1.2447657770124556,72.1,72.18291041356973,-0.08291041356973494,0.08291041356973494
1.2314451551021888,1.2555666502885166,1.2410721238358162,1.2706455310122686,1.2644082373233705,149.9,149.87818833181524,0.02181166818476754,0.02181166818476754
-1.3529460500981096,-1.3234975436802123,-1.3140851546661978,-1.3181492565296764,-1.319555279639491,71.8,71.6715747855443,0.12842521445570299,0.12842521445570299
-1.3397435407484275,-1.366426909264839,-1.3041686322399286,-1.2982863809219374,-1.3024447661233431,72.3,72.1435925748892,0.15640742511079964,0.15640742511079964
1.1456288443292544,1.133383071316887,1.1749619743273552,1.1746416322415312,1.1890667826474264,147.9,147.3302933034927,0.5697066965072963,0.5697066965072963
-1.283632876012278,-1.2904749547689611,-1.2975576172890824,-1.3148387772617198,-1.3234189439818471,74.5,73.89204678796477,0.6079532120352269,0.6079532120352269
-0.1152107985653995,-0.1115685306372883,-0.1472410158418626,-0.1230662407973972,-0.1331343505117176,108.6,109.20585621780356,-0.6058562178035629,0.6058562178035629
-0.0260938604550443,-0.0125007639035343,0.0180343579292896,0.1053568286915976,0.0710879075842477,113.8,111.76233151717823,2.037668482821772,2.037668482821772
2.2117314743160947,2.2000126931503057,2.193058276757654,2.207511163843945,2.2319801790591165,180.1,179.61186652554377,0.4881334744562196,0.4881334744562196
1.12252445296731,1.1069650001878857,1.1055463173434714,1.1117425261503584,1.100202502773236,147.3,146.69464084701121,0.6053591529887967,0.6053591529887967
0.6406328617039084,0.6215329431924913,0.5964981661283222,0.6118601566889346,0.6208321482966283,132.8,132.11612175674622,0.6838782432537869,0.6838782432537869
0.3237726373115348,0.2880047951888531,0.2857804634385562,0.2543283957496379,0.2755861417046649,122.6,122.58863185061057,0.011368149389426208,0.011368149389426208
-0.9007601048714928,-0.894203887833945,-0.8942857052874712,-0.8944079102312508,-0.8945522019803214,86.1,85.41287231907882,0.6871276809211793,0.6871276809211793
-0.4485741596448764,-0.4781192675521779,-0.4976248082367057,-0.4905294395405636,-0.4930070863997421,98.7,99.19428380886399,-0.49428380886398315,0.49428380886398315
1.6506248269545996,1.6617444938969084,1.6178999760340436,1.6480401675593042,1.6264887814070268,162.5,162.63408750782284,-0.13408750782284073,0.13408750782284073
-1.102098372454147,-1.1319665279949542,-1.1587263033213149,-1.1890405650793747,-1.1708042024587813,78.8,79.45183143631724,-0.6518314363172379,0.6518314363172379
-1.154908409852876,-1.1550823402328303,-1.1653373182721607,-1.1592462516677668,-1.1644567538963395,76.6,77.74502717749101,-1.1450271774910163,1.1450271774910163
-0.9634720242824836,-0.9074129233984451,-0.8116480184018952,-0.7024001126897762,-0.6994371526913384,83.5,83.17693872209776,0.3230612779022408,0.3230612779022408
1.0895181795931044,1.093755964623386,1.0460471827858573,1.0356015029873606,1.0485949862003376,145.9,145.69272462468706,0.20727537531294615,0.20727537531294615
-1.2473259753006516,-1.280568178095585,-1.3240016770924672,-1.3214597357976328,-1.3176234474683128,74.9,75.05549203943562,-0.15549203943561452,0.15549203943561452
0.1125324877166187,0.1063805561769707,0.0940610298640196,0.1318406628352491,0.120211639937059,116.4,116.08373729090094,0.31626270909906395,0.31626270909906395
-1.141705900503194,-1.1517800813417054,-1.1355877509933534,-1.1294519382561587,-1.1371351274753931,78.2,78.14432057740893,0.05567942259106928,0.05567942259106928
-0.5046848243810256,-0.5111418564634292,-0.5439019128926281,-0.5468075870958234,-0.5451665550215494,96.6,97.46260545779205,-0.862605457792057,0.862605457792057
-0.2142296186880163,-0.177613708459791,-0.1869071055469392,-0.2256910981040475,-0.2018523806007648,105.4,106.15008073767436,-0.7500807376743523,0.7500807376743523
-1.2341234659509697,-1.2244297769464585,-1.2347529752560449,-1.1559357723998105,-1.1917783803172866,75.3,75.2664621156605,0.033537884339494894,0.033537884339494894
1.9740863060218148,1.9589477940981703,1.97158927590431,1.9592252187472108,1.948552801944852,172.0,172.46942230568493,-0.4694223056849296,0.4694223056849296
-0.1548183266144463,-0.1544978962219149,-0.1241024635139012,-0.1363081578692232,-0.161283905006026,107.6,108.00513212001074,-0.40513212001074805,0.40513212001074805
0.435993966783834,0.436606445289484,0.4874164194393622,0.5158562579181972,0.4952630571700551,125.5,125.81276455600504,-0.3127645560050354,0.3127645560050354
1.5615078888442449,1.5065383260140277,1.5055127218696598,1.5421048309846972,1.5472836623887274,159.5,160.0228307412596,-0.5228307412596109,0.5228307412596109
-0.6994218372888388,-0.6861615776930613,-0.6232340923027814,-0.639501006598604,-0.6304431465778375,90.9,91.43944487747848,-0.5394448774784735,0.5394448774784735
-1.1813134285522404,-1.1848026702529566,-1.1851703631246993,-1.2353872748307653,-1.2351066161565651,76.9,77.00432876394231,-0.10432876394230561,0.10432876394230561
-1.036085825705736,-1.0031784312410743,-1.026506004304393,-1.0003432468058568,-1.01156603634882,81.3,81.25696497383221,0.04303502616778587,0.04303502616778587
1.0697144155685812,1.1036627412967606,1.1022408098680485,1.1018110883464898,1.0908193179418,146.0,144.9865096241682,1.0134903758317932,1.0134903758317932
-0.7456306200127268,-0.7422999788421886,-0.7785929436476646,-0.7686096980489052,-0.7673272547070239,89.8,90.13718340932255,-0.33718340932254875,0.33718340932254875
0.6076265883297027,0.6017193898457407,0.599803673603746,0.6482754286364554,0.6183483640765416,130.8,131.05777990038385,-0.2577799003838379,0.2577799003838379
0.4458958487960956,0.46632677530961,0.4675833745868237,0.4132314006115474,0.4182657463473873,126.1,126.18739043363465,-0.08739043363465271,0.08739043363465271
-0.8248456761108199,-0.8083451566646913,-0.8050370034510489,-0.7686096980489052,-0.8007203536659594,87.7,87.66770419818232,0.03229580181768199,0.03229580181768199
-0.1020082892157176,-0.0884527183994123,-0.0646033289562864,-0.0568566554382682,-0.0848385462322666,110.7,109.55780019656223,1.1421998034377765,1.1421998034377765
-1.0327851983683152,-1.022991984587825,-1.0099784669272778,-1.0831052285047682,-1.0662092891907136,81.9,81.46704087340893,0.43295912659107216,0.43295912659107216
-0.316549066148054,-0.3361221352337973,-0.3224329120392839,-0.3349369139466103,-0.3296292799229702,103.2,103.14970768087134,0.05029231912865839,0.05029231912865839
-1.1615096645277172,-1.1649891169062057,-1.1620318107967378,-1.1857300858114184,-1.1661126100430637,77.6,77.5539709859207,0.04602901407929494,0.04602901407929494
0.5779209422929176,0.5620922831522386,0.5733596138003613,0.57875536400937,0.5970982101935827,130.3,130.17916189882786,0.12083810117215421,0.12083810117215421
-0.1086095438905583,-0.0455233528147856,-0.0249372392512098,-0.0171309042227911,-0.0434421425641656,109.5,109.24248867353612,0.2575113264638844,0.2575113264638844
-1.343044168085848,-1.3367065792447126,-1.3107796471907749,-1.3876693211567617,-1.354052282696242,72.7,72.06457014280417,0.635429857195831,0.635429857195831
-0.1416158172647639,-0.1412888606574142,-0.2199621803011697,-0.2190701395681345,-0.2189628941169131,108.0,108.4746988704712,-0.47469887047120096,0.47469887047120096
-1.389252950809736,-1.389542721502715,-1.40333385650262,-1.3909798004247185,-1.3998643027556068,70.4,70.6531533127382,-0.25315331273819197,0.25315331273819197
-0.2571377740744835,-0.2700769574112946,-0.256322762530823,0.0027319713849477,-0.0773871935720086,104.8,104.690675077341,0.10932492265899896,0.10932492265899896
-0.8776557135095492,-0.8677858167049436,-0.8546196155823946,-0.8778555138914685,-0.8641948392903805,86.0,86.10645930368337,-0.10645930368336565,0.10645930368336565
-1.0261839436934743,-1.0527123146079511,-1.0595610790586236,-0.9937222882699444,-1.0328161902317785,82.7,81.65881787171259,1.0411821282874172,1.0411821282874172
0.1158331150540396,0.1294963684148463,0.1436436419953653,0.1682559347827703,0.1522248587737243,115.7,116.1297700363697,-0.42977003636970323,0.42977003636970323
-1.244025347963231,-1.221127518055333,-1.2380584827314678,-1.2519396711705475,-1.254976889917254,75.3,75.02126074946315,0.27873925053684445,0.27873925053684445
0.5383134142438712,0.5323719531321132,0.5898871511774765,0.5820658432773262,0.574468176188354,129.2,128.94891523424138,0.2510847657586055,0.2510847657586055
-0.1548183266144463,-0.1809159673509159,-0.2199621803011697,-0.2356225359079168,-0.2258622947282641,108.0,108.11033555023565,-0.11033555023564645,0.11033555023564645
1.8222574485004688,1.8103461439975392,1.8294524544611184,1.8135641309571269,1.8273993272095432,167.9,167.8448864107335,0.05511358926651155,0.05511358926651155
-1.2341234659509697,-1.240941071402084,-1.2942521098136597,-1.3247702150655896,-1.2996850058788028,75.6,75.42242321892749,0.17757678107250285,0.17757678107250285
-0.9271651235708576,-0.9305287356363212,-0.953784839845086,-0.9142707858389894,-0.9202179722545442,84.0,84.61911383505122,-0.6191138350512233,0.6191138350512233
-1.1582090371902969,-1.14187330466833,-1.1124491986653922,-1.0500004358252035,-1.0675891693129838,77.6,77.51312179738792,0.0868782026120698,0.0868782026120698
-0.3363528301725771,-0.3427266530160476,-0.3323494344655535,-0.2819692456593073,-0.3017557014531155,101.9,102.47094908107556,-0.570949081075554,0.570949081075554
-0.2208308733628575,-0.2436588862822936,-0.2431007326291311,-0.132997678601267,-0.1585241447614866,105.6,105.95141438820258,-0.35141438820258486,0.35141438820258486
0.6076265883297027,0.5951148720634899,0.5667485988495156,0.5886868018132397,0.5965462581446751,130.5,131.0983351124812,-0.5983351124812089,0.5983351124812089
0.5878228243051796,0.5620922831522386,0.5502210614724004,0.5092352993822847,0.5377633649359717,131.9,130.5695001381852,1.3304998618148147,1.3304998618148147
0.1719437797901892,0.1955415462373489,0.1733932092741729,0.2112921652662041,0.1820302694147571,118.4,117.83507403104335,0.5649259689566577,0.5649259689566577
-0.4056660042584087,-0.4318876430764263,-0.4215981363019753,-0.4508036883250861,-0.4838998775927597,100.2,100.52286345189046,-0.3228634518904556,0.3228634518904556
-1.0228833163560536,-1.0395032790434506,-0.9901454220747392,-1.0400689980213345,-1.0308843580606004,81.6,81.77370329794408,-0.1737032979440869,0.1737032979440869
1.6770298456539643,1.6386286816590327,1.6344275134111588,1.6414192090233908,1.645255151069899,163.3,163.5175266534074,-0.21752665340738986,0.21752665340738986
-0.270340283424166,-0.2799837340846699,-0.2199621803011697,-0.2058282224963085,-0.2137193496522876,105.1,104.45989370944801,0.6401062905519836,0.6401062905519836
0.00031115824432,-0.0125007639035343,-0.031548254202056,-0.0369937798305297,-0.034610909781637,110.6,112.74817194112332,-2.148171941123323,2.148171941123323
-0.6565136819023716,-0.6069073643060583,-0.60009553997482,-0.6063962139190394,-0.6136086090861419,93.2,92.70824154535839,0.4917584546416123,0.4917584546416123
-0.8314469307856611,-0.8347632277936923,-0.8182590333527409,-0.8248878456041651,-0.817002939108746,87.0,87.51846223918126,-0.518462239181261,0.518462239181261
-0.0095907237679415,0.0040105305520913,0.0180343579292896,0.0292158055285993,0.0175485588401702,113.3,112.34643595140994,0.953564048590053,0.953564048590053
1.1588313536789367,1.1531966246636376,1.1452124070485483,1.211056904189052,1.18934275867188,147.9,147.7161379862409,0.1838620137590965,0.1838620137590965
-0.6598143092397919,-0.6597435065640603,-0.590179017548551,-0.6527429236704295,-0.6439659717760837,92.7,92.71613856471524,-0.016138564715234338,0.016138564715234338
0.5482152962561333,0.5257674353498623,0.5469155539969766,0.4562676310949817,0.4996786735613185,127.9,129.37585004836964,-1.4758500483696366,1.4758500483696366
0.6769397624155343,0.6710668265593683,0.6659138231122069,0.6846907005839771,0.6630564800380905,133.5,133.1855305057808,0.3144694942191961,0.3144694942191961
-1.0459877077179975,-1.0593168323902018,-1.0661720940094692,-1.073173790700899,-1.0714528336553395,81.7,81.07819291903789,0.6218070809621139,0.6218070809621139
-0.1317139352525023,-0.1544978962219149,-0.180296090596093,-0.2025177432283522,-0.2007484765029493,108.9,108.80291706259496,0.09708293740504814,0.09708293740504814
0.6109272156671232,0.5984171309546158,0.6130257035054374,0.5853763225452835,0.5940624739245886,130.8,131.21274073456027,-0.41274073456025917,0.41274073456025917
-1.29683538536196,-1.3069862492245867,-1.3140851546661978,-1.3413226114053718,-1.3454970259381676,73.3,73.508167809762,-0.20816780976200278,0.20816780976200278
1.2479482917892917,1.232450838050641,1.198100526655317,1.2176778627249656,1.2081091283347534,149.6,150.50486632192553,-0.9048663219255388,0.9048663219255388
0.874977402660768,0.885713654482502,0.8113561520308202,0.8038679542304091,0.8162231736100639,138.7,139.20817157250463,-0.5081715725046365,0.5081715725046365
-0.0293944877924651,-0.0158030227946592,0.0015068205521744,0.0093529299208607,0.0043017096663777,111.8,111.74236375697089,0.057636243029108414,0.057636243029108414
-1.2110190745890257,-1.2112207413819576,-1.1983923930263911,-1.1360728967920717,-1.1685963942631494,76.2,75.98277950594624,0.21722049405376254,0.21722049405376254
-0.6268080358655863,-0.6069073643060583,-0.5769569876468585,-0.5898438175792572,-0.5835272224206558,93.1,93.65143583478941,-0.5514358347894159,0.5514358347894159
-0.7324281106630444,-0.7852293444268152,-0.8281755557790104,-0.7917830529246005,-0.7960287612502408,91.0,90.65031449545407,0.3496855045459313,0.3496855045459313
-1.2473259753006516,-1.2376388125109583,-1.2016979005018145,-1.205592961419157,-1.2193759827626864,75.8,74.89878562632789,0.9012143736721043,0.9012143736721043
0.5383134142438712,0.5620922831522386,0.579970628751207,0.6052391981530221,0.5821955048730667,129.0,128.8917735702158,0.10822642978419594,0.10822642978419594
1.0169043781698524,1.0078972334541316,1.095629794917203,1.09187965054262,1.078400396841371,143.5,143.4095316688356,0.09046833116440212,0.09046833116440212
0.3006682459495908,0.2979115718622284,0.3056135082910947,0.3404008567165059,0.3048396002967893,121.9,121.77257625706243,0.1274237429375802,0.1274237429375802
-0.7885387753991939,-0.7555090144066894,-0.7422323614180109,-0.771920177316862,-0.7380737961149,88.3,88.73900137016851,-0.43900137016851204,0.43900137016851204
-1.3760504414600536,-1.145175563559455,0.0180343579292896,0.3072960640369414,0.0183764869135315,70.0,69.27707336173286,0.7229266382671398,0.7229266382671398
-0.3264509481603155,-0.3427266530160476,-0.3488769718426687,-0.3812836236980008,-0.3748893479334271,102.2,102.88344620808276,-0.6834462080827564,0.6834462080827564
0.2115513078392356,0.2153550995841,0.2328923438317876,0.2410864786778123,0.2372254743055586,119.2,119.05511772854423,0.1448822714557707,0.1448822714557707
1.47239095073389,1.4768179959939012,1.4526246022628913,1.3865123053907444,1.4402049649005724,158.0,157.2857411206246,0.714258879375393,0.714258879375393
1.6143179262429737,1.5956993160744055,1.5947614237060823,1.5983829785399577,1.599719107034988,162.0,161.57574803383602,0.424251966163979,0.424251966163979
-0.5739979984668576,-0.5705825165036816,-0.5736514801714357,-0.5832228590433441,-0.5923584552031844,94.5,95.32950947130082,-0.829509471300824,0.829509471300824
2.323952803788394,2.328800789904185,2.3054455309220376,2.2935836248108123,2.307045657710607,184.7,183.02372035418864,1.6762796458113485,1.6762796458113485
0.435993966783834,0.489442587547486,0.4841109119639389,0.4926829030425025,0.4922273209010606,126.0,125.7483005577291,0.2516994422709047,0.2516994422709047
-1.2902341306871192,-1.3234975436802123,-1.307474139715352,-1.3049073394578503,-1.309620142759147,74.2,73.70646785047273,0.49353214952726887,0.49353214952726887
-0.0822045251911939,-0.0455233528147856,-0.0348537616774793,-0.0601671347062249,-0.066900104642756,109.8,110.13550374316415,-0.33550374316415343,0.33550374316415343
-0.2010271093383344,-0.2172408151532927,-0.1439355083664397,-0.179344388352657,-0.1513487681256824,106.2,106.58725880444703,-0.3872588044470291,0.3872588044470291
-1.0063801796689509,-1.0163874668055746,-0.9339517949925474,-0.884476472427381,-0.916078331887734,81.6,82.1449668612803,-0.5449668612803009,0.5449668612803009
0.6868416444277964,0.6644623087771184,0.6890523754401678,0.6846907005839771,0.6467738945953038,134.9,133.53538576305567,1.364614236944334,1.364614236944334
-0.5805992531416988,-0.6366276943261843,-0.7058717791883575,-0.7321944261013845,-0.723723042843292,95.1,95.3393716338754,-0.2393716338754075,0.2393716338754075
0.3831839293851048,0.3210273841001044,0.2758639410122872,0.2510179164816816,0.2703425972400393,126.2,124.48460179404466,1.7153982059553385,1.7153982059553385
-0.5772986258042779,-0.5837915520681823,-0.5802624951222819,-0.5865333383113005,-0.5620010925132432,95.7,95.2151193006464,0.4848806993535959,0.4848806993535959
2.376762841187123,2.328800789904185,2.292223501020345,2.316756979686507,2.3305036197891966,185.2,184.71765357731553,0.4823464226844578,0.4823464226844578
0.5119083955445064,0.4960471053297364,0.4973329418656313,0.4264733176833735,0.4781525436539063,128.7,128.2513215921078,0.4486784078922028,0.4486784078922028
0.1917475438147124,0.1823325106728487,0.1833097317004419,0.2079816859982478,0.1892056460505614,118.7,118.49660445308636,0.20339554691364015,0.20339554691364015
-1.0558895897302591,-0.9899693956765736,-1.0529500641077774,-1.0400689980213345,-1.0289525258894223,81.2,80.61479336292231,0.5852066370776896,0.5852066370776896
2.2810446484019278,2.262755612081682,2.2426408888889995,2.1777168504323363,2.233360059181387,181.5,181.80300190720743,-0.30300190720743103,0.30300190720743103
-0.0789038978537736,-0.0653369061615362,-0.1241024635139012,-0.119755761529441,-0.1251310458025521,110.9,110.32230670512135,0.5776932948786566,0.5776932948786566
1.290856447175759,1.232450838050641,1.2311556014095475,1.2871979273520509,1.2776550864971628,151.3,151.8309641561393,-0.5309641561392766,0.5309641561392766
1.554906634169404,1.5692812449454043,1.5749283788535444,1.5586572273244794,1.542592069973009,158.3,159.73060347068605,-1.4306034706860373,1.4306034706860373
1.0994200616053664,1.087151446841135,1.072491242589241,1.0521538993271429,1.0941310302352478,145.6,145.98681912975724,-0.3868191297572423,0.3868191297572423
0.270962599912806,0.294609312971103,0.256030896159749,0.2940541469651154,0.272274429411217,120.7,120.8409538872133,-0.14095388721329982,0.14095388721329982
-0.2967453021235303,-0.2931927696491707,-0.2926833447604768,-0.2554854115156553,-0.2727782188854449,103.9,103.66863629519045,0.23136370480955293,0.23136370480955293
-0.9007601048714928,-0.9008084056161948,-0.9075077351891632,-0.897718389499207,-0.921873828401268,85.7,85.44337053786754,0.25662946213246585,0.25662946213246585
-0.6268080358655863,-0.5870938109593072,-0.6133175698765123,-0.5699809419715182,-0.5890467429097366,94.1,93.61544697431212,0.4845530256878732,0.4845530256878732
-0.0921064072034555,-0.1346843428751643,-0.1274079709893245,-0.1760339090847007,-0.1383778949763446,110.4,110.01693294153608,0.3830670584639222,0.3830670584639222
1.8420612125249924,1.846670991799916,1.875729559117041,1.8367374858328216,1.838162392163249,169.1,168.43214266358078,0.6678573364192175,0.6678573364192175
-0.9172632415585956,-0.9272264767451964,-0.960395854795932,-0.9142707858389894,-0.9365005576973304,86.2,84.94984404146167,1.250155958538329,1.250155958538329
0.5416140415812916,0.5389764709143631,0.5502210614724004,0.6217915944928043,0.5874390493376928,129.9,129.01683792930532,0.8831620706946808,0.8831620706946808
0.1521400157656656,0.1592166984349727,0.1866152391758648,0.1616349762468573,0.1792705091702172,116.2,117.2603023521491,-1.060302352149094,1.060302352149094
0.1554406431030864,0.169123475108348,0.1833097317004419,0.2079816859982478,0.1903095501483773,116.9,117.32952217697768,-0.42952217697767026,0.42952217697767026
0.9277874400594976,0.882411395591377,0.8873828239655506,0.8435937054458862,0.8537559129358085,140.9,140.90560823329676,-0.005608233296754861,0.005608233296754861
2.716727456941441,2.731676374621452,2.735161502727033,2.810018390612018,2.7836562519426744,194.9,194.79275984097535,0.10724015902465567,0.10724015902465567
-0.8677538314972871,-0.8776925933783194,-0.8579251230578174,-0.8579926382837295,-0.8760618083419028,84.0,86.44619506030168,-2.446195060301676,2.446195060301676
1.1918376270531426,1.1399875890991369,1.1386013920977018,1.1282949224901409,1.1600893000797556,148.6,148.86117040590435,-0.2611704059043518,0.2611704059043518
-1.2638291119877545,-1.2739636603133353,-1.330612692043313,-1.21221391995507,-1.2433858968901854,74.2,74.41015995177779,-0.2101599517777828,0.2101599517777828
1.5747103981939272,1.57918802161878,1.5947614237060823,1.6347982504874785,1.6245569492358485,160.9,160.27426961944957,0.6257303805504364,0.6257303805504364
-1.1285033911535116,-1.1583845991239556,-1.1554207958458915,-1.0831052285047682,-1.1100894770789,78.9,78.54355819581673,0.35644180418327664,0.35644180418327664
-0.1548183266144463,-0.1611024140041653,-0.1505465233172859,-0.1462395956730925,-0.1728748980330941,109.4,108.02243598195415,1.3775640180458595,1.3775640180458595
-0.5772986258042779,-0.4616079730965522,-0.4810972708595905,-0.5170132736842151,-0.5040461273779018,94.0,94.99171681314202,-0.9917168131420198,0.9917168131420198
0.6109272156671232,0.5620922831522386,0.5403045390461308,0.552271529865719,0.5562537585743902,131.5,131.29247462673044,0.20752537326956144,0.20752537326956144
-1.2044178199141844,-1.207918482490833,-1.224836452829776,-1.285044463850112,-1.265463978846506,75.4,76.3167914729289,-0.9167914729288924,0.9167914729288924
-1.1120002544664087,-1.118757492430454,-1.1289767360425074,-1.1426938553279846,-1.1490020965269154,78.8,79.08264293775085,-0.28264293775085036,0.28264293775085036
-0.966772651619904,-0.950342288983072,-0.9504793323696626,-0.9738594126622052,-0.9657540162894548,83.8,83.41184126798626,0.38815873201373563,0.38815873201373563
2.0665038714695907,2.07452685528755,2.12364261977377,2.131370140680946,2.105859135883636,175.2,175.16501528526044,0.03498471473955078,0.03498471473955078
-0.5376910977552312,-0.5375599275924302,-0.5108468381383977,-0.4905294395405636,-0.5040461273779018,96.9,96.37639045950056,0.5236095404994501,0.5236095404994501
0.4623989854831984,0.4960471053297364,0.5105549717673232,0.4397152347551994,0.4524867733796835,127.4,126.65517252865777,0.7448274713422336,0.7448274713422336
0.3039688732870116,0.2814002774066027,0.3155300307173638,0.3072960640369414,0.2968362955876238,122.4,121.92237709005676,0.47762290994324985,0.47762290994324985
0.4590983581457776,0.46632677530961,0.480805404488516,0.4926829030425025,0.5051981940503979,126.4,126.52317634703883,-0.12317634703882163,0.12317634703882163
0.0894280963546752,0.0865670028302196,0.1436436419953653,0.0490786811363378,0.0743996198776946,115.0,115.43083881966346,-0.4308388196634638,0.4308388196634638
-0.9238644962334368,-0.9305287356363212,-0.9372573024679708,-0.9539965370544669,-0.9475395986754904,84.8,84.76508518043784,0.034914819562160915,0.034914819562160915
0.4293927121089928,0.436606445289484,0.4246117774063242,0.4264733176833735,0.4152300100783926,126.6,125.68107501552134,0.9189249844786502,0.9189249844786502
-1.0888958631044647,-1.0758281268458274,-1.1421987659441997,-1.1261414589882024,-1.127475966619503,78.3,79.7510561451131,-1.4510561451130997,1.4510561451130997
-1.2935347580245395,-1.2838704369867109,-1.2446694976823138,-1.198972002883244,-1.2375904003766514,73.6,73.46096127649184,0.1390387235081505,0.1390387235081505
-0.811643166761138,-0.8248564511203169,-0.8480086006315484,-0.8281983248721217,-0.8575714147034843,88.5,88.18004573347106,0.31995426652893855,0.31995426652893855
-1.3397435407484275,-1.340008838135838,-1.3801953041746586,-1.3744274040849362,-1.3791661009215568,72.3,72.18102174785163,0.11897825214836644,0.11897825214836644
1.2974577018506,1.2852869803086429,1.264210676163778,1.3070608029597892,1.3342301715102345,152.0,151.92528206075195,0.07471793924804615,0.07471793924804615
-0.5013841970436052,-0.4715147497699276,-0.5207633605646667,-0.5368761492919537,-0.5288839695787624,97.5,97.502382185878,-0.0023821858780053162,0.0023821858780053162
0.47230086749546,-0.1544978962219149,-0.1538520307927088,-0.1528605542090055,0.4756687594338202,126.5,127.94140256627969,-1.4414025662796917,1.4414025662796917
-0.8512506948101843,-0.894203887833945,-0.8579251230578174,-0.838129762675991,-0.852051894214404,88.5,86.9815295323188,1.5184704676811975,1.5184704676811975
-0.0194926057802036,-0.0257097994680345,0.0114233429784434,-0.0403042590984859,-0.0249517489257476,111.5,112.12119032724011,-0.6211903272401145,0.6211903272401145
0.366680792698002,0.46632677530961,0.4444448222588623,0.466199068898851,0.4447594446949713,123.4,123.55970252575382,-0.15970252575381494,0.15970252575381494
0.9904993594704876,0.988083680107381,0.9534929734740116,0.9826338347000576,0.9914679491383576,142.5,142.6573883476237,-0.15738834762370857,0.15738834762370857
-0.6070042718410632,-0.6102096231971833,-0.52406886804009,-0.6097066931869957,-0.5730401334914046,95.4,94.30934385751948,1.0906561424805261,1.0906561424805261
1.4591884413842076,1.4570044426471505,1.4757631545908532,1.499068600501264,1.4923644335223802,155.1,156.80745862604184,-1.7074586260418414,1.7074586260418414
-0.2373340100499603,-0.2304498507177929,-0.246406240104554,-0.2985216419990895,-0.2818854276924272,105.6,105.54902370193139,0.05097629806860482,0.05097629806860482
0.6208290976793852,0.5951148720634899,0.6130257035054374,0.5423400920618493,0.5686726796748195,129.2,131.575255308946,-2.3752553089460093,2.3752553089460093
1.8552637218746748,1.8433687329087909,1.8129249170840036,1.8003222138853008,1.8124966218890275,169.5,168.88930240744244,0.6106975925575568,0.6106975925575568
-0.7918394027366144,-0.798438379991316,-0.7587598987951261,-0.752057301709123,-0.7620837102423983,89.7,88.70179129782275,0.9982087021772514,0.9982087021772514
0.495405258857404,0.5026516231119867,0.5072494642919003,0.4330942762192865,0.4475192049395117,126.7,127.72852686183457,-1.028526861834564,1.028526861834564
-0.3330522028351568,-0.3295176174515469,-0.3191274045638611,-0.2852797249272635,-0.2956842289151282,102.7,102.55858309127719,0.14141690872281742,0.14141690872281742
-0.9370670055831192,-0.9140174411806956,-0.9042022277137404,-0.9341336614467278,-0.9514032630178468,84.2,84.31388607423125,-0.11388607423124597,0.11388607423124597
0.3204720099741144,0.3507477141202303,0.3188355381927866,0.3205379811087669,0.3340930588889147,122.3,122.32949585310452,-0.029495853104521075,0.029495853104521075
-1.036085825705736,-1.0527123146079511,-1.013283974402701,-1.0897261870406811,-1.0474429195278407,79.9,81.38694657268107,-1.4869465726810631,1.4869465726810631
-1.197816565239343,-1.1815004113618313,-1.2149199304035063,-1.2486291919025907,-1.2323468559120252,76.5,76.45795368120616,0.04204631879383669,0.04204631879383669
0.5317121595690305,0.5356742120232381,0.5006384493410542,0.5357191335259367,0.5441108134984136,128.9,128.75305949438078,0.14694050561922722,0.14694050561922722
0.8419711292865624,0.8625978422446264,0.8543277492113202,0.8998718530011464,0.8631390977672456,139.0,138.1015196694015,0.8984803305984883,0.8984803305984883
-0.9370670055831192,-0.943737771200822,-0.960395854795932,-0.90433934803512,-0.9113867394720157,84.7,84.30283371843105,0.39716628156895695,0.39716628156895695
-0.5739979984668576,-0.5804892931770573,-0.5472074203680515,-0.5898438175792572,-0.581595390249478,96.6,95.34129905247231,1.2587009475276858,1.2587009475276858
1.287555819838338,1.2456598736151416,1.1386013920977018,1.1613997151697053,1.1945863031365072,151.1,151.79746490718227,-0.6974649071822796,0.6974649071822796
0.4888040041825628,0.4729312930918603,0.4576668521605546,0.3867475664678959,0.3851486234129065,126.4,127.61228261232262,-1.2122826123226105,1.2122826123226105
-0.7522318746875676,-0.7588112732978143,-0.7984259885002027,-0.7454363431732105,-0.7560122377044101,90.8,89.92455098135855,0.8754490186414472,0.8754490186414472
-0.0888057798660351,-0.0851504595082873,-0.031548254202056,-0.0502356969023557,-0.0569649677624114,110.9,109.96469025738752,0.935309742612489,0.935309742612489
-1.0393864530431562,-1.0362010201523255,-1.0727831089603157,-1.1294519382561587,-1.0816639465601374,80.9,81.28665655429167,-0.3866565542916618,0.3866565542916618
-1.306737267374222,-1.3102885081157116,-1.2744190649611216,-1.2817339845821552,-1.2869901087539186,73.4,73.12926038094325,0.27073961905675503,0.27073961905675503
0.4590983581457776,0.436606445289484,0.4609723596359775,0.4827514652386332,0.478980471727268,126.8,126.58603228120853,0.2139677187914657,0.2139677187914657
1.2644514284763944,1.2852869803086429,1.3104877808197009,1.2871979273520509,1.33119443524124,150.2,150.86545791515073,-0.6654579151507392,0.6654579151507392
-1.17801280121482,-1.1748958935795817,-1.1620318107967378,-1.1625567309357232,-1.169700298360966,77.4,77.02484284975574,0.375157150244263,0.375157150244263
-1.0063801796689509,-1.0362010201523255,-1.0529500641077774,-1.1162100211843329,-1.0907711553671198,81.8,82.37036445062476,-0.5703644506247656,0.5703644506247656
-0.0326951151298855,-0.0191052816857846,-0.0348537616774793,-0.0171309042227911,-0.0354388378549997,110.4,111.67416114760584,-1.274161147605838,1.274161147605838
-0.1317139352525023,-0.1412888606574142,-0.084436373808825,-0.0833404895819202,-0.1132640767510302,108.9,108.69087383953934,0.20912616046067,0.20912616046067
-0.9139626142211752,-0.89750614672507,-0.9471738248942398,-0.884476472427381,-0.8893086575156949,85.9,84.96980138535262,0.9301986146473809,0.9301986146473809
-0.069002015841512,-0.0488256117059106,-0.0183262243003641,0.0391472433324685,0.0106491582288188,110.0,110.4778358415882,-0.47783584158820247,0.47783584158820247
-0.2142296186880163,-0.2106362973710423,-0.1769905831206702,-0.1694129505487877,-0.1852938191335244,105.7,106.16619994076622,-0.4661999407662165,0.4661999407662165
-0.128413307915082,-0.1379866017662893,-0.160463045743555,-0.0899614481178327,-0.1560403605414004,108.4,108.81789614666366,-0.4178961466636508,0.4178961466636508
-0.9040607322089136,-0.8677858167049436,-0.9075077351891632,-0.9010288687671634,-0.8733020480973629,84.3,85.2505049728458,-0.9505049728458062,0.9505049728458062
0.9112843033723949,0.8956204311558777,0.9501874659985888,1.0455329407912295,0.9917439251628124,140.8,140.18089012531672,0.6191098746832893,0.6191098746832893
0.0168142949314228,0.0040105305520913,-0.0183262243003641,-0.0303728212946167,-0.0042535470916971,113.3,113.23872517486474,0.06127482513525706,0.06127482513525706
-0.1119101712279792,-0.1049640128550379,-0.0381592691529022,-0.0436147383664427,-0.0431661665397124,110.1,109.2238325369751,0.876167463024899,0.876167463024899
1.8585643492120951,1.8565777684732916,1.865813036690772,1.883084195584212,1.859412546046208,169.3,168.92253874086282,0.377461259137192,0.377461259137192
-0.3132484388106331,-0.3196108407781716,-0.3257384195147073,-0.3647312273582185,-0.3387364887299517,102.8,103.25085176520044,-0.45085176520044,0.45085176520044
1.205040136402824,1.186219213574889,1.15843443695024,1.1613997151697053,1.1940343510875986,148.3,149.19217016296014,-0.8921701629601273,0.8921701629601273
1.8882699952488804,1.8896003573845428,1.905479126395849,1.869842278512386,1.8850783163204297,170.1,169.83575291179554,0.2642470882044563,0.2642470882044563
-0.0326951151298855,-0.0455233528147856,-0.0216317317757869,-0.0071994664189214,-0.0100490436052316,112.4,111.6892793017044,0.7107206982956029,0.7107206982956029
-0.5442923524300723,-0.5540712220480559,-0.4976248082367057,-0.4309408127173476,-0.4833479255438513,96.5,96.15014798868613,0.349852011313871,0.349852011313871
1.030106887519535,1.0277107868008832,1.0196031229824725,1.0190491066475784,1.0127181030213166,144.5,143.87679138003227,0.6232086199677269,0.6232086199677269
-0.682918700601736,-0.6795570599108114,-0.6794277193849733,-0.685847716349994,-0.6975053205201608,91.4,92.02898615637858,-0.6289861563785735,0.6289861563785735
-0.2043277366757547,-0.1842182262420413,-0.2034346429240545,-0.2025177432283522,-0.1944010279405082,107.5,106.46584638102317,1.0341536189768306,1.0341536189768306
-1.1450065278406143,-1.1517800813417054,-1.1488097808950457,-1.2320767955628085,-1.1765996989723158,77.2,78.09991018741052,-0.8999101874105122,0.8999101874105122
-0.8083425394237171,-0.8182519333380666,-0.7951204810247798,-0.765299218780949,-0.790509240761161,88.2,88.21228692916947,-0.012286929169462724,0.012286929169462724
0.5647184329432361,0.5620922831522386,0.579970628751207,0.6019287188850657,0.5935105218756801,129.7,129.74505414160623,-0.04505414160624355,0.04505414160624355
-0.4947829423687639,-0.4880260442255532,-0.52406886804009,-0.5368761492919537,-0.5197767607717809,98.0,97.73274562897623,0.2672543710237676,0.2672543710237676
-0.2274321280376987,-0.1974272618065416,-0.160463045743555,-0.0767195310460072,-0.1298226382182706,105.6,105.64425544190658,-0.0442554419065857,0.0442554419065857
-0.2373340100499603,-0.227147591826668,-0.2001291354486316,-0.245553973711786,-0.2512520889780326,106.2,105.51027524213836,0.6897247578616401,0.6897247578616401
-0.6961212099514184,-0.7026728721486869,-0.7422323614180109,-0.6461219651345169,-0.6897779918354485,92.0,91.60020046293212,0.39979953706787796,0.39979953706787796
1.4756915780713105,1.473515737102776,1.4989017069188142,1.4858266834294378,1.4854650329110295,157.5,157.33691591716257,0.16308408283742892,0.16308408283742892
-0.0723026431789323,-0.0983594950727876,-0.1009639111859402,-0.0932719273857894,-0.0762832894741931,110.8,110.5391124423739,0.2608875576260914,0.2608875576260914
-0.151517699277026,-0.2337521096089183,-0.2662392849570925,-0.3382473932145666,-0.3235578073849819,108.0,108.39735036650222,-0.39735036650222355,0.39735036650222355
0.6868416444277964,0.6743690854504933,0.6989688978664373,0.6946221383878458,0.7022450755105595,133.3,133.47432259945145,-0.17432259945144324,0.17432259945144324
-0.9007601048714928,-0.923924217854071,-0.9141187501400092,-0.9076498273030764,-0.917734188034458,85.3,85.47428959129248,-0.174289591292478,0.174289591292478
1.0202050055072729,1.0045949745630067,1.0229086304578954,1.0190491066475784,0.9969874696274376,143.0,143.59958609743808,-0.5995860974380776,0.5995860974380776
-0.6565136819023716,-0.6300231765439344,-0.6562891670570119,-0.6361905273306472,-0.6439659717760837,91.9,92.76523023987369,-0.8652302398736822,0.8652302398736822
0.4095889480844691,0.4564199986362346,0.4444448222588623,0.4695095481668072,0.4583742619013685,122.9,124.96126847031228,-2.061268470312271,2.061268470312271
-1.4090567148342592,-1.4093562748494657,-1.4000283490271972,-1.4009112382285878,-1.403176015049055,70.0,70.04120176423079,-0.04120176423079158,0.04120176423079158
0.2280544445263383,0.2021460640195993,0.1899207466512881,0.1748768933186833,0.1941732144907337,119.9,119.66128353260392,0.2387164673960882,0.2387164673960882
-0.2835427927738484,-0.1842182262420413,-0.1174914485630554,-0.1296871993333102,-0.1530046242724058,104.6,103.83881562899538,0.7611843710046173,0.7611843710046173
-0.6664155639146332,-0.696068354366437,-0.6662056894832808,-0.7619887395129927,-0.7162716901830335,92.1,92.632896056526,-0.532896056525999,0.532896056525999
-0.1977264820009135,-0.2205430740444176,-0.2166566728257468,-0.2422434944438297,-0.2374532877553317,107.8,106.77798531579523,1.0220146842047626,1.0220146842047626
-0.9271651235708576,-0.9470400300919468,-0.9405628099433936,-0.9407546199826408,-0.9395362939663244,84.9,84.66901168166618,0.2309883183338286,0.2309883183338286
-0.6268080358655863,-0.6135118820883086,-0.6034010474502428,-0.6593638822063425,-0.6544530607053358,93.9,93.73690203087263,0.16309796912737795,0.16309796912737795
1.6572260816294413,1.635326422767907,1.657566065739121,1.6016934578079136,1.6035827713773445,162.3,162.9272715944452,-0.6272715944451761,0.6272715944451761
0.977296850120806,0.984781421216256,1.0129921080316266,1.0356015029873606,1.000851133969794,142.9,142.2169774322403,0.683022567759707,0.683022567759707
-1.2275222112761284,-1.2376388125109583,-1.2149199304035063,-1.21221391995507,-1.2083369417845264,74.9,75.53562658032607,-0.6356265803260612,0.6356265803260612
-0.0293944877924651,-0.02901205835916,-0.0150207168249407,-0.0005785078830089,-0.0017697628716114,112.5,111.76610327778126,0.7338967222187449,0.7338967222187449
0.0498205683056284,0.0271263427899673,0.0048123280275972,0.0391472433324685,0.0233440553537042,114.2,114.24229011500783,-0.04229011500783031,0.04229011500783031
-0.3660584762093624,-0.3427266530160476,-0.3158218970884382,-0.3150740383388718,-0.3390124647544064,102.1,101.54604672598002,0.5539532740199746,0.5539532740199746
-1.1582090371902969,-1.14187330466833,-1.1587263033213149,-1.1128995419163763,-1.1053978846631825,76.8,77.55637564326165,-0.7563756432616486,0.7563756432616486
-0.1779227179763904,-0.1875204851331663,-0.2199621803011697,-0.2356225359079168,-0.2142713017011951,107.5,107.35614373843114,0.14385626156885678,0.14385626156885678
-0.8809563408469696,-0.8875993700516946,-0.877758167910356,-0.8513716797478166,-0.8771657124397193,87.0,86.02452478751705,0.975475212482948,0.975475212482948
1.4360840500222631,1.4437954070826498,1.4096530050823923,1.3732703883189183,1.3665193663713529,156.0,156.20471218103546,-0.20471218103546107,0.20471218103546107
-0.9040607322089136,-0.9272264767451964,-0.887674690336625,-0.9076498273030764,-0.91442247574101,86.7,85.37317023050872,1.3268297694912832,1.3268297694912832
1.2974577018506,1.288589239199768,1.2542941537375083,1.260714093208399,1.269099829739088,151.3,151.98758591502263,-0.6875859150226233,0.6875859150226233
-0.8479500674727639,-0.821554192229192,-0.8116480184018952,-0.844750721211904,-0.8321816204537157,87.3,86.9816284791608,0.31837152083919307,0.31837152083919307
0.5218102775567685,0.4762335519829853,0.5006384493410542,0.5191667371861545,0.5294840842023514,128.9,128.53046007346367,0.3695399265363335,0.3695399265363335
-0.4287703956203527,-0.448398937532052,-0.4678752409578982,-0.5004608773444329,-0.4916272062774715,99.4,99.80624711831749,-0.4062471183174807,0.4062471183174807
2.096209517506375,2.0811313730698,2.08067102259327,2.094954868733425,2.0837810539273143,176.4,176.14735650748167,0.25264349251833096,0.25264349251833096
0.1389375064159836,0.188937028455099,0.1800042242250186,0.1748768933186833,0.165195731923063,116.2,116.79416274697529,-0.5941627469752859,0.5941627469752859
-0.9139626142211752,-0.8776925933783194,-0.887674690336625,-0.9705489333942492,-0.9541630232623868,84.7,85.03391462186656,-0.33391462186655474,0.33391462186655474
-1.135104645828353,-1.1319665279949542,-1.1488097808950457,-1.1658672102036791,-1.1647327299207937,78.1,78.36417547595249,-0.2641754759524986,0.2641754759524986
-1.2044178199141844,-1.1980117058174569,-1.2281419603051986,-1.2684920675103295,-1.256632746063978,75.9,76.28973799832181,-0.3897379983218059,0.3897379983218059
0.3996870660722076,0.4200951508338584,0.4312227923571703,0.4165418798795042,0.4025351129535091,125.6,124.74975590715921,0.8502440928407822,0.8502440928407822
1.2545495464641323,1.2489621325062668,1.2542941537375083,1.2408512176006603,1.23819051500024,149.3,150.6748573437924,-1.3748573437923994,1.3748573437923994
0.4227914574341516,0.436606445289484,0.4874164194393622,0.5423400920618493,0.4933312249988774,126.0,125.37505081624543,0.6249491837545662,0.6249491837545662
-0.069002015841512,-0.0917549772905372,-0.094352896235094,-0.106513844457615,-0.1273388539981831,110.1,110.68514705774862,-0.5851470577486282,0.5851470577486282
-0.6994218372888388,-0.6927660954753116,-0.7554543913197033,-0.7024001126897762,-0.7033008170336948,91.9,91.50560427947445,0.3943957205255515,0.3943957205255515
-0.2835427927738484,-0.2898905107580453,-0.2761558073833616,-0.2422434944438297,-0.2476644006601296,104.4,104.07273825902006,0.3272617409799494,0.3272617409799494
-0.8875575955218108,-0.8842971111605693,-0.8678416454840865,-0.8778555138914685,-0.8824092569043449,85.6,85.81914018139915,-0.2191401813991547,0.2191401813991547
0.6835410170903761,0.687578121014994,0.7022744053418603,0.6747592627801073,0.6826507777743249,132.7,133.37132201969087,-0.6713220196908765,0.6713220196908765
-1.3166391493864835,-1.3069862492245867,-1.2942521098136597,-1.3049073394578503,-1.2822985163382,72.5,72.80163803897779,-0.3016380389777851,0.3016380389777851
-0.76543438403725,-0.7852293444268152,-0.7752874361722413,-0.838129762675991,-0.8078957303017631,89.9,89.60748332504929,0.2925166749507184,0.2925166749507184
-0.4419729049700351,-0.4682124908788026,-0.4645697334824753,-0.5103923151483022,-0.4907992782041102,98.6,99.40626729855802,-0.8062672985580264,0.8062672985580264
-0.7555325020249883,-0.7422999788421886,-0.7752874361722413,-0.8083354492643827,-0.7883014325655291,91.0,89.84479487326726,1.1552051267327386,1.1552051267327386
-0.7225262286507828,-0.7323932021688133,-0.7124827941392037,-0.6792267578140815,-0.6892260397865405,91.0,90.795676813503,0.20432318649700676,0.20432318649700676
1.0433093968692173,1.0442220812565088,1.0162976155070496,0.9925652725039265,1.0121661509724091,145.2,144.29289071250884,0.9071092874911528,0.9071092874911528
-1.1912153105645025,-1.1815004113618313,-1.1653373182721607,-1.2353872748307653,-1.2099927979312508,77.1,76.65942570450918,0.44057429549081917,0.44057429549081917
1.224843900427348,1.2027305080305146,1.2113225565570094,1.2143673834570092,1.1948622791609609,149.5,149.80689262718508,-0.3068926271850785,0.3068926271850785
-1.1053989997915676,-1.1055484568659533,-1.1355877509933534,-1.1195205004522897,-1.100706292247464,78.4,79.23107490450218,-0.8310749045021737,0.8310749045021737
-0.2967453021235303,-0.3064018052136709,-0.3224329120392839,-0.2290015773720038,-0.2661547942985491,104.4,103.6678218638239,0.7321781361761026,0.7321781361761026
1.0268062601821144,1.0244085279097572,1.0129921080316266,0.9826338347000576,1.0157538392903107,144.3,143.78176651190884,0.5182334880911696,0.5182334880911696
-0.0425969971421471,-0.02901205835916,0.0048123280275972,-0.0303728212946167,-0.0241238208523858,111.0,111.36689244673313,-0.36689244673313226,0.36689244673313226
1.8915706225863007,1.9028093929490435,1.8724240516416184,1.843358444368735,1.8693476829265523,170.5,169.94063336176424,0.5593666382357583,0.5593666382357583
1.132426334979572,1.1498943657725127,1.1683509593765096,1.1481577980978803,1.1324916976343555,146.9,146.9304866064214,-0.030486606421391116,0.030486606421391116
-0.7951400300740352,-0.7918338622090656,-0.7885094660739337,-0.7686096980489052,-0.8092756104240333,88.2,88.62386464563559,-0.42386464563558945,0.42386464563558945
0.5614178056058148,0.5653945420433645,0.5568320764232461,0.6085496774209783,0.5888189294599625,129.6,129.63037779002235,-0.03037779002235652,0.03037779002235652
-0.5673967437920163,-0.5804892931770573,-0.5273743755155129,-0.5699809419715182,-0.5592413322687037,95.4,95.53535954447536,-0.13535954447534948,0.13535954447534948
-1.3562466774355304,-1.3499156148092133,-1.330612692043313,-1.2453187126346343,-1.3065844064901528,71.4,71.56370507742133,-0.16370507742132645,0.16370507742132645
1.1621319810163573,1.1598011424458885,1.1485179145239717,1.1415368395619667,1.1275241291941842,148.0,147.88859898125435,0.11140101874565289,0.11140101874565289
-1.049288335055418,-1.0461077968257009,-1.0860051388620078,-1.1162100211843329,-1.0957387238072922,81.3,80.98242414543707,0.31757585456293214,0.31757585456293214
2.53519295338331,2.513727287807193,2.5169980093491127,2.52862765283572,2.5154075561733813,190.0,189.4475298189107,0.5524701810892907,0.5524701810892907
-0.7786368933869324,-0.772020308862315,-0.8182590333527409,-0.8613031175516863,-0.8399089491384284,88.2,89.18450493038873,-0.9845049303887237,0.9845049303887237
1.0928188069305256,1.07724467016776,1.1220738547205866,1.1812625907774448,1.1509820912727742,146.4,145.7055656960887,0.6944343039112937,0.6944343039112937
0.848572383961404,0.8625978422446264,0.8212726744570897,0.8171098713022351,0.8195348859035128,138.3,138.37368914954538,-0.07368914954537331,0.07368914954537331
-1.23742409328839,-1.2343365536198336,-1.1950868855509682,-1.198972002883244,-1.2166162225181467,74.9,75.21401445249413,-0.31401445249412063,0.31401445249412063
1.4558878140467872,1.480120254885026,1.4889851844925446,1.4957581212333075,1.4824292966420356,157.4,156.67906733469144,0.7209326653085668,0.7209326653085668
-0.8083425394237171,-0.795136121100191,-0.7356213464671647,-0.7421258639052537,-0.7477329569707899,87.5,88.14776929871665,-0.6477692987166535,0.6477692987166535
1.601115416893291,1.5923970571832808,1.6046779461323513,1.608314416343826,1.598615202937172,160.0,161.14905868639894,-1.149058686398945,1.149058686398945
-1.0888958631044647,-1.1319665279949542,-1.122365721091661,-1.198972002883244,-1.1597651614806217,77.8,79.8831485045286,-2.0831485045286087,2.0831485045286087
1.0202050055072729,1.034315304583133,1.0196031229824725,1.065395816398969,1.0386598493199932,143.8,143.50813927550033,0.2918607244996849,0.2918607244996849
0.2346556992011796,0.2285641351486003,0.2428088662580567,0.2543283957496379,0.2540600117972532,119.8,119.7741142827443,0.02588571725569011,0.02588571725569011
1.0631131608937403,1.07724467016776,1.075796750064664,1.0554643785950992,1.0753646605723757,145.0,144.831038874157,0.16896112584299772,0.16896112584299772
-0.2142296186880163,-0.2139385562621673,-0.1869071055469392,-0.18596534688857,-0.1974367642095014,106.2,106.18440930623191,0.015590693768089636,0.015590693768089636
1.8420612125249924,1.8367642151265409,1.799702887182311,1.7937012553493883,1.7992497727152348,168.9,168.47847643061831,0.4215235693816908,0.4215235693816908
-1.366148559447792,-1.340008838135838,-1.3405292144695824,-1.351254049209241,-1.345497025938168,71.6,71.29125776931541,0.3087422306845866,0.3087422306845866
-0.8380481854605024,-0.8578790400315682,-0.9108132426645864,-0.9341336614467278,-0.9149744277899176,86.9,87.43500534106448,-0.5350053410644762,0.5350053410644762
1.2809545651634973,1.2621711680707677,1.237766616360393,1.2805769688161384,1.2746193502281686,151.7,151.4721538606185,0.22784613938148368,0.22784613938148368
1.53510287014488,1.532956397143028,1.5484843190501598,1.5950724992720011,1.5663260080760524,158.2,159.09920083104203,-0.8992008310420374,0.8992008310420374
-0.0524988791544092,-0.0587323883792859,-0.0679088364317098,-0.1561710334769617,-0.1502448640278664,112.3,111.21705412817232,1.0829458718276754,1.0829458718276754
0.0762255870049928,0.0964737795035949,-0.0183262243003641,0.0093529299208607,0.0214122231825265,114.6,115.01400313917831,-0.41400313917831966,0.41400313917831966
-1.0261839436934743,-1.0163874668055746,-1.019894989353547,-1.0268270809495088,-1.0347480224029566,81.9,81.62734454932561,0.27265545067439234,0.27265545067439234
0.6868416444277964,0.6809736032327441,0.6559973006859374,0.6217915944928043,0.6462219425463963,132.8,133.52716256711003,-0.7271625671100139,0.7271625671100139
-0.989877042981848,-0.9635513245475726,-0.9769233921730474,-1.0533109150931603,-1.0295044779383309,83.1,82.74995911970937,0.35004088029062075,0.35004088029062075
-1.2275222112761284,-1.2574523658577097,-1.2909466023382368,-1.2949759016539812,-1.2709834993355864,75.4,75.62819114638035,-0.22819114638033966,0.22819114638033966
-0.8809563408469696,-0.8909016289428197,-0.9207297650908556,-0.9407546199826408,-0.9174582120100038,85.2,86.08356251995072,-0.8835625199507149,0.8835625199507149
-0.6730168185894744,-0.6828593188019363,-0.7091772866637804,-0.7421258639052537,-0.7400056282860772,92.9,92.40460845270775,0.49539154729225743,0.49539154729225743
-0.7225262286507828,-0.7422999788421886,-0.7323158389917418,-0.7553677809770798,-0.7485608850441516,90.5,90.8794993250126,-0.37949932501260264,0.37949932501260264
1.9278775232979268,1.9556455352070452,1.908784633871272,1.9161889882637768,1.912399942741377,171.6,170.99887837101622,0.6011216289837762,0.6011216289837762
-0.6202067811907451,-0.6333254354350593,-0.5868735100731276,-0.5699809419715182,-0.5647608527577844,94.6,93.88010267618273,0.7198973238172641,0.7198973238172641
-0.2241315007002779,-0.2403566273911682,-0.2497117475799773,-0.2852797249272635,-0.2860250680592374,105.9,105.99220961492927,-0.09220961492925994,0.09220961492925994
0.9409899494091792,0.9550610911961296,0.923743406195204,0.8369727469099736,0.8957042686528179,141.9,141.2088100002747,0.6911899997253101,0.6911899997253101
-0.600403017166222,-0.6003028465238079,-0.5736514801714357,-0.6063962139190394,-0.5926344312276381,95.3,94.51719100096653,0.7828089990334632,0.7828089990334632
-0.8578519494850255,-0.8809948522694443,-0.8579251230578174,-0.8745450346235119,-0.884341089075523,85.9,86.78605733856269,-0.8860573385626793,0.8860573385626793
0.2874657365999088,0.2979115718622284,0.3386685830453252,0.3106065433048977,0.3191903535683987,120.7,121.34542147616146,-0.6454214761614594,0.6454214761614594
-0.7324281106630444,-0.7422999788421886,-0.7653709137459723,-0.8083354492643827,-0.778366295685185,91.4,90.59221319511974,0.8077868048802657,0.8077868048802657
2.3833640958619644,2.384939191053313,2.4145272776109974,2.439244712600896,2.4326147488371794,186.0,184.75255151075868,1.2474484892413216,1.2474484892413216
-0.2802421654364275,-0.2535656629556689,-0.2926833447604768,-0.331626434678654,-0.30755119796665,104.2,104.20494549544492,-0.004945495444914627,0.004945495444914627
-0.8611525768224464,-0.8776925933783194,-0.9042022277137404,-0.8877869516953378,-0.8970359862004076,86.5,86.68027919903983,-0.18027919903983047,0.18027919903983047
-0.7390293653378855,-0.7522067555155639,-0.7852039585985103,-0.7619887395129927,-0.7764344635140068,91.1,90.37062736957603,0.7293726304239669,0.7293726304239669
1.2314451551021888,1.2522643913973917,1.2708216911146235,1.3136817614957028,1.2840025350596047,150.2,149.85804774221486,0.34195225778512395,0.34195225778512395
-0.8083425394237171,-0.8281587100114424,-0.8116480184018952,-0.7553677809770798,-0.7791942237585467,89.3,88.21066393197599,1.0893360680240107,1.0893360680240107
-0.8875575955218108,-0.8842971111605693,-0.8975912127628941,-0.8679240760875988,-0.8928963458335974,85.2,85.81931639857441,-0.6193163985744121,0.6193163985744121
1.030106887519535,1.1069650001878857,1.1220738547205866,1.1282949224901409,1.1233844888273732,143.8,143.65767981102704,0.14232018897297394,0.14232018897297394
-0.3000459294609512,-0.3196108407781716,-0.3323494344655535,-0.3084530798029588,-0.3257656155806144,102.9,103.65161971371147,-0.7516197137114631,0.7516197137114631
-0.6334092905404276,-0.6168141409794337,-0.590179017548551,-0.6759162785461247,-0.6409302355070887,93.4,93.52264881250593,-0.12264881250592907,0.12264881250592907
-0.6565136819023716,-0.6432322121084346,-0.6397616296798966,-0.5898438175792572,-0.6401023074337274,93.0,92.7685051012995,0.23149489870050388,0.23149489870050388
-0.4386722776326143,-0.4219808664030506,-0.4282091512528215,-0.4673560846648684,-0.4714809564923289,97.4,99.42598858206316,-2.0259885820631496,2.0259885820631496
2.5516960900704126,2.566563430065195,2.6062467111855345,2.618010593070544,2.5863333944580598,190.5,189.840660398134,0.6593396018660087,0.6593396018660087
-1.3991548328219976,-1.4093562748494657,-1.3438347219450053,-1.3810483626208487,-1.363159491503224,70.0,70.33483207355164,-0.33483207355163813,0.33483207355163813
1.4393846773596846,1.427284112627024,1.3832089452790075,1.3600284712470925,1.4153671226997118,156.6,156.294747146839,0.3052528531609937,0.3052528531609937
-0.7819375207243527,-0.7918338622090656,-0.8182590333527409,-0.7917830529246005,-0.8098275624729413,89.2,89.05728307104226,0.14271692895773924,0.14271692895773924
2.485683543322001,2.46089114554919,2.447582352365228,2.449176150404765,2.451381118500052,188.3,187.9720856293893,0.3279143706106993,0.3279143706106993
0.3006682459495908,0.3111206074267286,0.2659474185860181,0.2510179164816816,0.2562678199928851,122.0,121.8159552024877,0.18404479751229985,0.18404479751229985
-1.1384052731657732,-1.1517800813417054,-1.1157547061408148,-1.1559357723998105,-1.1506579526736394,77.0,78.27522513848842,-1.2752251384884232,1.2752251384884232
1.3964765219732167,1.4008660414980223,1.3832089452790075,1.3798913468548315,1.420610667164338,155.3,154.92092377824483,0.3790762217551844,0.3790762217551844
0.1455387610908244,0.1460076628704719,0.1238105971428272,0.1219092250313798,0.1243512803038705,117.8,117.1103523743077,0.6896476256923023,0.6896476256923023
-0.9700732789573248,-0.9899693956765736,-0.9868399145993164,-0.9672384541262924,-0.9787248894387934,82.8,83.3616530105025,-0.5616530105024964,0.5616530105024964
0.0861274690172544,0.116287332850346,0.1205050896674039,0.0590101189402075,0.0699840034864308,115.4,115.27794403617185,0.12205596382815997,0.12205596382815997
-1.201117192576764,-1.191407188035207,-1.1719483332230067,-1.073173790700899,-1.1015342203208265,76.2,76.20725451660343,-0.007254516603424577,0.007254516603424577
-1.012981434343792,-1.0064806901321992,-1.019894989353547,-0.977169891930162,-1.0027348035662915,82.0,82.0018576434829,-0.0018576434828929678,0.0018576434828929678
-0.1614195812892875,-0.1445911195485396,-0.0811308663334017,0.0292158055285993,0.193345286417371,107.8,107.4375451113552,0.36245488864479114,0.36245488864479114
-1.197816565239343,-1.168291375797331,-1.2016979005018145,-1.228766316294852,-1.2141324382980605,75.8,76.42040736377388,-0.6204073637738787,0.6204073637738787
1.3139608385377028,1.2753802036352682,1.264210676163778,1.2673350517443125,1.26578811744564,151.3,152.54687709869697,-1.246877098696956,1.246877098696956
-1.154908409852876,-1.1616868580150803,-1.2149199304035063,-1.271802546778286,-1.2146843903469688,79.5,77.82317186542359,1.676828134576411,1.676828134576411
-1.0789939810922031,-1.095641680192578,-1.0000619445010084,-0.9871013297340312,-1.004390659713016,79.8,79.9806828465137,-0.18068284651370448,0.18068284651370448
1.9476812873224496,1.975459088553796,1.9583672460026176,1.955914739479253,1.9656633154610008,172.2,171.56939355189584,0.630606448104146,0.630606448104146
2.3668609591748617,2.351916602142061,2.374861187905921,2.406139919921332,2.373555879604023,183.4,184.31260143320918,-0.9126014332091756,0.9126014332091756
2.2942471577516086,2.3486143432509365,2.338500605676268,2.3134465004185505,2.321948363031123,182.3,182.0139494190831,0.28605058091690694,0.28605058091690694
-1.2572278573129136,-1.2772659192044602,-1.25128051263316,-1.1890405650793747,-1.2232396471050428,74.5,74.62014837155405,-0.12014837155405189,0.12014837155405189
-1.0228833163560536,-1.0130852079144497,-1.0099784669272778,-0.9904118090019876,-0.999975043321752,81.2,81.69175499567605,-0.49175499567604675,0.49175499567604675
0.8056642285749364,0.8031571822043737,0.7650790473748983,0.7211059725314978,0.7488850236432865,136.9,137.13600834631944,-0.23600834631943712,0.23600834631943712
-0.2076283640131751,-0.2139385562621673,-0.2166566728257468,-0.258795890783612,-0.2537358731981188,106.9,106.46444194224416,0.43555805775584133,0.43555805775584133
1.1522300990040952,1.1631034013370134,1.1848784967536248,1.260714093208399,1.221080001484091,147.7,147.45175314512574,0.24824685487425313,0.24824685487425313
-1.3991548328219976,-1.343311097026963,-1.4066393639780437,-1.410842676032457,-1.3819258611660967,70.7,70.25646346293243,0.44353653706757257,0.44353653706757257
-0.1449164446021847,-0.1379866017662893,-0.1769905831206702,-0.1396186371371795,-0.1427935113676079,108.3,108.28156004552667,0.018439954473322473,0.018439954473322473
-0.1944258546634932,-0.0851504595082873,0.0477839252080968,0.0358367640645123,-0.0206741205467101,100.4,106.47488213345503,-6.07488213345502,6.07488213345502
-0.6103048991784835,-0.6102096231971833,-0.5967900324993971,-0.5931542968472134,-0.6000857838878976,93.9,94.20573324128867,-0.30573324128866375,0.30573324128866375
0.7132466631271612,0.6677645676682434,0.6460807782596679,0.6019287188850657,0.6183483640765416,133.8,134.43481797303707,-0.6348179730370589,0.6348179730370589
-0.1086095438905583,-0.101661753963913,-0.0712143439071326,-0.0965824066537457,-0.0917379468436166,108.5,109.37819325038811,-0.878193250388108,0.878193250388108
-1.0063801796689509,-1.0097829490233248,-0.960395854795932,-0.9407546199826408,-0.9453317904798584,83.5,82.17331555262157,1.326684447378426,1.326684447378426
-0.8314469307856611,-0.821554192229192,-0.7984259885002027,-0.8778555138914685,-0.8537077503611284,86.9,87.55087343595522,-0.6508734359552193,0.6508734359552193
1.1918376270531426,1.239055355832891,1.2509886462620856,1.2673350517443125,1.2500574840517618,147.7,148.62360731106804,-0.9236073110680536,0.9236073110680536
-0.2109289913505959,-0.2172408151532927,-0.2298787027274387,-0.2488644529797428,-0.235521455584154,106.0,106.34078685954186,-0.34078685954186483,0.34078685954186483
1.1489294716666747,1.1598011424458885,1.1716564668519325,1.1911940285813136,1.191550566867512,147.4,147.3930942795106,0.006905720489413625,0.006905720489413625
-0.742329992675306,-0.745602237733314,-0.7455378688934342,-0.7553677809770798,-0.7504927172153298,90.8,90.23719939481533,0.5628006051846626,0.5628006051846626
1.482292832746151,1.480120254885026,1.4493190947874683,1.4295485358741786,1.4517959579276405,157.7,157.58019090855927,0.11980909144071461,0.11980909144071461
-0.5211879610681284,-0.5045373386811789,-0.4910137932858596,-0.5468075870958234,-0.5465464351438196,97.5,96.92542739548516,0.5745726045148416,0.5745726045148416
-0.5739979984668576,-0.5606757398303063,-0.5703459726960124,-0.5832228590433441,-0.5873908867630121,95.1,95.31215001655549,-0.2121500165554977,0.2121500165554977
-0.9238644962334368,-0.8909016289428197,-0.7885094660739337,-0.831508804140078,-0.8614350790458406,85.3,84.6255739685564,0.6744260314436019,0.6744260314436019
1.1588313536789367,1.1928237313571397,1.1485179145239717,1.158089235901749,1.168092604788922,145.9,147.6959388619983,-1.7959388619982803,1.7959388619982803
-0.70602309196368,-0.725788684386563,-0.7455378688934342,-0.6659848407422555,-0.6911578719577183,90.9,91.31637862640734,-0.4163786264073366,0.4163786264073366
0.2445575812134412,0.2351686529308506,0.1965317616021338,0.2344655201418994,0.2250825292295825,120.6,120.11006633390218,0.4899336660978122,0.4899336660978122
-0.0194926057802036,-0.0091985050124089,0.0180343579292896,-0.0005785078830089,0.0037497576174693,111.4,112.0628020930065,-0.6628020930064906,0.6628020930064906
-1.3001360126993808,-1.293777213660086,-1.317390662141621,-1.4009112382285878,-1.369230964041212,73.2,73.42020864904,-0.22020864904000348,0.22020864904000348
-0.4947829423687639,-0.5111418564634292,-0.52406886804009,-0.5368761492919537,-0.5264001853586766,98.3,97.77052012936667,0.5294798706333239,0.5294798706333239
2.637512400843347,2.6491199023433234,2.629385263513496,2.621321072338501,2.6271778460772537,192.4,192.4946477864503,-0.09464778645028105,0.09464778645028105
0.1488393884282452,0.142705403979347,0.1601711793724805,0.1285301835672928,0.137046177428755,116.3,117.21650406057228,-0.9165040605722794,0.9165040605722794
-0.6037036445036423,-0.6201163998705586,-0.6827332268603962,-0.6759162785461247,-0.6732194303682082,95.2,94.50673390659881,0.693266093401192,0.693266093401192
0.0168142949314228,0.0073127894432167,0.0147288504538663,0.0490786811363378,0.0412824969432143,112.4,113.17680037565549,-0.7768003756554833,0.7768003756554833
1.1753344903660397,1.2060327669216395,1.155128929474817,1.168020673705619,1.1879628785496104,148.1,148.19752236760382,-0.09752236760382971,0.09752236760382971
1.3997771493106372,1.3876570059335218,1.317098795770547,1.2805769688161384,1.3140839217250917,155.3,155.15525463725362,0.1447453627463915,0.1447453627463915
-1.201117192576764,-1.2244297769464585,-1.2215309453543526,-1.225455837026896,-1.221583790958319,76.8,76.39274084646982,0.40725915353017683,0.40725915353017683
-1.3001360126993808,-1.3036839903334614,-1.2810300799119672,-1.3214597357976328,-1.308516238661331,73.5,73.36480651482141,0.13519348517858987,0.13519348517858987
2.617708636818824,2.609492795649821,2.6128577261363803,2.651115385750108,2.62414210980826,191.5,191.89384436932238,-0.3938443693223803,0.3938443693223803
-0.6697161912520535,-0.6894638365841866,-0.7058717791883575,-0.6726057992781684,-0.6900539678599028,93.1,92.45850133268763,0.6414986673123622,0.6414986673123622
0.6637372530658529,0.6710668265593683,0.642775270784245,0.6118601566889346,0.6235919085411676,133.7,132.80668009478913,0.8933199052108591,0.8933199052108591
-0.682918700601736,-0.722486425495438,-0.7852039585985103,-0.7686096980489052,-0.7667753026581164,91.3,92.15404673440459,-0.8540467344045908,0.8540467344045908
1.1621319810163573,1.1498943657725127,1.1683509593765096,1.1481577980978803,1.1396670742701598,147.9,147.89381075951115,0.0061892404888510555,0.0061892404888510555
-1.141705900503194,-1.145175563559455,-1.1289767360425074,-1.1294519382561587,-1.133547439157491,78.2,78.1333018619178,0.06669813808220226,0.06669813808220226
0.3732820473728432,0.393677079704857,0.3684181503241323,0.3404008567165059,0.3385086752801786,123.8,123.9913516348401,-0.1913516348401032,0.1913516348401032
-1.0888958631044647,-1.0758281268458274,-1.039728034206085,-1.020206122413596,-1.0239849574492503,79.4,79.64970493968842,-0.24970493968841367,0.24970493968841367
-0.6895199552765772,-0.699370613257562,-0.6595946745324347,-0.6825372370820377,-0.696125440397891,92.4,91.84260514445748,0.5573948555425261,0.5573948555425261
-1.1516077825154556,-1.118757492430454,-1.102532676239123,-1.020206122413596,-1.0670372172640752,77.8,77.68790635489,0.11209364510999364,0.11209364510999364
-0.7126243466385211,-0.7191841666043126,-0.7984259885002027,-0.7222629882975152,-0.7687071348292945,89.9,91.16450263051993,-1.264502630519928,1.264502630519928
-0.907361359546334,-0.8809948522694443,-0.7852039585985103,-0.6461219651345169,-0.6558329408276066,83.5,84.92138918482087,-1.4213891848208675,1.4213891848208675
1.498795969433254,1.5065383260140277,1.5716228713781206,1.555346748056523,1.545627806242003,158.5,157.98547615814155,0.5145238418584483,0.5145238418584483
-0.8578519494850255,-0.871088075596069,-0.887674690336625,-0.8579926382837295,-0.8548116544589444,86.9,86.7372310783635,0.1627689216365127,0.1627689216365127
-1.4090567148342592,-1.3730314270470894,-1.40333385650262,-1.3413226114053718,-1.3714387722368442,70.3,69.94445659692558,0.3555434030744209,0.3555434030744209
-1.2803322486748572,-1.2112207413819576,-1.1719483332230067,-1.198972002883244,-1.220479886860503,72.9,73.78897844149755,-0.8889784414975423,0.8889784414975423
-0.0987076618782967,-0.0719414239437866,-0.0183262243003641,0.006042450652904,-0.0216400366322997,109.1,109.57821024762067,-0.4782102476206802,0.4782102476206802
0.201649425826974,0.218657358475225,0.1667821943233267,0.1053568286915976,0.1279389686217721,118.2,118.84960438292484,-0.649604382924835,0.649604382924835
0.0861274690172544,0.1724257339994734,0.1766987167495957,0.1914292896584656,0.1751308688034071,115.7,115.0800193597073,0.6199806402927095,0.6199806402927095
-1.3562466774355304,-1.3532178737003382,-1.2975576172890824,-1.2684920675103295,-1.308516238661331,72.3,71.58324544306902,0.7167545569309794,0.7167545569309794
1.4855934600835716,1.480120254885026,1.4757631545908532,1.462653328553743,1.460627190710169,157.4,157.67462382157606,-0.274623821576057,0.274623821576057
-0.1449164446021847,-0.1214753073106636,-0.180296090596093,-0.1429291164051362,-0.1378259429274361,108.6,108.25486307316511,0.34513692683488273,0.34513692683488273
-0.399064749583568,-0.4153763486208007,-0.4017650914494372,-0.3713521858941311,-0.4060746386967301,101.5,100.62887242090962,0.8711275790903841,0.8711275790903841
-0.9106619868837548,-0.9074129233984451,-0.890980197812048,-0.9308231821787716,-0.9257374927436244,85.7,85.14630587081459,0.5536941291854163,0.5536941291854163
-0.4287703956203527,-0.4450966786409266,-0.4381256736790905,-0.4044569785736956,-0.3988992620609254,101.4,99.69945899857035,1.7005410014296558,1.7005410014296558
-1.402455460159418,-1.4027517570672152,-1.409944871453466,-1.410842676032457,-1.4097994396359514,70.6,70.25426453339166,0.3457354666083319,0.3457354666083319
0.00031115824432,-0.0356165761414103,-0.0877418812842479,-0.0436147383664427,-0.014464659996495,112.6,112.75601784359081,-0.15601784359081705,0.15601784359081705
-1.0921964904418855,-1.0262942434789504,-0.973617884697624,-0.9970327675379006,-1.001630899468476,79.9,79.45859524811883,0.4414047518811799,0.4414047518811799
-0.6631149365772128,-0.6828593188019363,-0.6827332268603962,-0.69908963342182,-0.6864662795419997,93.9,92.67433517021283,1.2256648297871777,1.2256648297871777
1.0103031234950115,1.0244085279097572,1.0328251528841648,1.1249844432221845,1.0941310302352478,143.8,143.1362760820033,0.6637239179967196,0.6637239179967196
-0.7225262286507828,-0.7323932021688133,-0.7323158389917418,-0.7355049053693408,-0.7154437621096704,91.1,90.83192436050444,0.26807563949554947,0.26807563949554947
2.0797063808192724,2.0976426675254256,2.064143485216155,2.091644389465469,2.108618896128177,176.0,175.563446256403,0.4365537435969884,0.4365537435969884
-0.1152107985653995,-0.1445911195485396,-0.1736850756452469,-0.1230662407973972,-0.13534215870735,107.1,109.24914138781175,-2.1491413878117527,2.1491413878117527
-0.6994218372888388,-0.696068354366437,-0.7124827941392037,-0.6560534029383862,-0.6718395502459384,92.1,91.47695017364455,0.6230498263554409,0.6230498263554409
-1.3694491867852123,-1.3829382037204647,-1.393417334076351,-1.410842676032457,-1.3910330699730786,72.2,71.29095675342201,0.9090432465779941,0.9090432465779941
-0.7291274833256239,-0.7522067555155639,-0.7918149735493566,-0.8017144907284698,-0.7819539840030871,89.3,90.70988934022834,-1.4098893402283466,1.4098893402283466
1.6836311003288051,1.6881625650259098,1.6807046180670815,1.6215563334156522,1.622073165015763,163.7,163.69742233112547,0.0025776688745224874,0.0025776688745224874
-1.4090567148342592,-1.4093562748494657,-1.390111826600928,-1.3942902796926748,-1.392688926119803,70.0,70.0321739475732,-0.0321739475731988,0.0321739475731988
0.8914805393478707,0.889015913373627,0.8774663015392811,0.8667670603215819,0.8918406043104625,139.6,139.67108999742177,-0.07108999742177957,0.07108999742177957
0.201649425826974,0.2252618762574753,0.1998372690775572,0.1384616213711621,0.1704392763876886,118.4,118.80050054646598,-0.40050054646597744,0.40050054646597744
0.5152090228819277,0.5125583997853616,0.5403045390461308,0.5721344054734575,0.5601174229167456,127.8,128.22899552016654,-0.42899552016653786,0.42899552016653786
1.0334075148569553,1.0739424112766345,1.0229086304578954,1.0554643785950992,1.033416304855367,144.0,143.891641999561,0.10835800043901145,0.10835800043901145
-0.8908582228592311,-0.920621958962946,-0.9075077351891632,-0.9242022236428584,-0.9442278863820426,85.5,85.82112492572959,-0.32112492572959184,0.32112492572959184
-0.8446494401353436,-0.8776925933783194,-0.8711471529595098,-0.8513716797478166,-0.856191534581215,87.8,87.17917606625497,0.6208239337450294,0.6208239337450294
0.036618058955946,0.040335378354468,0.0477839252080968,0.0358367640645123,0.0456981133344787,113.6,113.78329600105083,-0.18329600105083443,0.18329600105083443
-0.1350145625899232,-0.1115685306372883,-0.094352896235094,-0.0403042590984859,-0.0732475532051985,108.8,108.49299306132413,0.3070069386758689,0.3070069386758689
0.4623989854831984,0.4465132219628593,0.4477503297342856,0.5423400920618493,0.5076819782704854,126.7,126.63465091164508,0.06534908835492104,0.06534908835492104
1.6605267089668616,1.6716512705702842,1.6410385283620057,1.644729688291348,1.655742239999151,161.7,162.9243539315116,-1.2243539315116152,1.2243539315116152
0.426092084771572,0.416792891942733,0.3915567026520937,0.3768161286640267,0.3873564316085389,125.2,125.63420916938851,-0.4342091693885095,0.4342091693885095
-0.5574948617797548,-0.5540712220480559,-0.514152345613821,-0.5434971078278666,-0.5319197058477569,96.8,95.79278438259861,1.0072156174013855,1.0072156174013855
-0.0326951151298855,-0.0422210939236602,-0.0679088364317098,-0.0403042590984859,-0.0553091116156889,111.7,111.72446802031631,-0.024468020316305683,0.024468020316305683
0.023415549606264,0.0238240838988424,0.0676169700606353,0.0225948469926863,0.0382467606742207,111.9,113.38953199383738,-1.4895319938373746,1.4895319938373746
-0.0095907237679415,-0.002593987230159,0.0213398654047125,0.025905326260643,0.0158927026934458,112.7,112.3586864768652,0.3413135231348008,0.3413135231348008
0.0135136675940019,0.0238240838988424,0.0015068205521744,0.0027319713849477,0.0100972061799113,113.5,113.0843491987353,0.4156508012647038,0.4156508012647038
0.284165109262488,0.2780980185154773,0.27916944848771,0.2808122298932894,0.2838654224382851,121.4,121.29361359819848,0.10638640180152947,0.10638640180152947
-1.2077184472516052,-1.1881049291440815,-1.1950868855509682,-1.2022824821512006,-1.2127525581757908,75.5,76.11652076295292,-0.6165207629529164,0.6165207629529164
-0.6301086632030072,-0.6102096231971833,-0.6364561222044733,-0.6461219651345169,-0.6348587629691023,93.8,93.59829167309428,0.20170832690571672,0.20170832690571672
0.601025333654862,0.6116261665191156,0.5700541063249384,0.552271529865719,0.5653609673813725,131.5,130.8979229208424,0.6020770791575956,0.6020770791575956
-0.0624007611666707,-0.0719414239437866,-0.1009639111859402,-0.0634776139741812,-0.0715916970584751,111.1,110.81179976770646,0.28820023229353353,0.28820023229353353
-0.3132484388106331,-0.3064018052136709,-0.3521824793180915,-0.3150740383388718,-0.3392884407788601,103.4,103.21215535851466,0.1878446414853414,0.1878446414853414
-1.0327851983683152,-0.996573913458824,-1.029811511779816,-0.9374441407146844,-0.9671338964117254,81.5,81.29791069490909,0.20208930509090806,0.20208930509090806
1.205040136402824,1.2489621325062668,1.2344611088849704,1.2739560102802248,1.2332229465600677,147.0,149.04936336868005,-2.049363368680048,2.049363368680048
-0.7687350113746704,-0.7885316033179407,-0.7752874361722413,-0.7686096980489052,-0.7860936243698972,89.6,89.46401617998124,0.1359838200187511,0.1359838200187511
-0.0095907237679415,0.017219566116592,0.0180343579292896,0.0027319713849477,0.0112011102777272,112.8,112.34174415041264,0.4582558495873599,0.4582558495873599
0.6109272156671232,0.6116261665191156,0.6328587483579765,0.6846907005839771,0.6663681923315383,131.3,131.10613308672865,0.19386691327136418,0.19386691327136418
0.5482152962561333,0.5092561408942367,0.5336935240952851,0.5224772164541107,0.5187210192486456,129.4,129.35953689656463,0.040463103435371295,0.040463103435371295
-0.8743550861721283,-0.9008084056161948,-0.9141187501400092,-0.7984040114605135,-0.8509479901165885,85.8,86.2132232550183,-0.41322325501830903,0.41322325501830903
0.8254679925994596,0.836179771115625,0.8477167342604744,0.7840050786226705,0.7980087559960992,138.2,137.68987694016283,0.5101230598371558,0.5101230598371558
0.6901422717652168,0.7073916743617447,0.685746867964745,0.7177954932635415,0.7284627978336897,134.2,133.5044140155347,0.6955859844652821,0.6955859844652821
1.8156561938256277,1.8400664740176655,1.8691185441661948,1.91287850899582,1.866587922682012,166.4,167.53066153659807,-1.130661536598069,1.130661536598069
-0.0591001338292499,-0.0752436828349115,-0.094352896235094,-0.1098243237255717,-0.0848385462322666,111.2,110.95114523944713,0.2488547605528737,0.2488547605528737
-0.316549066148054,-0.3196108407781716,-0.3059053746621687,-0.3150740383388718,-0.320246095091535,101.5,103.11542014758196,-1.6154201475819576,1.6154201475819576
2.492284797996842,2.480704698895942,2.4112217701355747,2.3895875235815494,2.445861598010971,188.3,188.17708117141265,0.12291882858735903,0.12291882858735903
-0.7159249739759416,-0.725788684386563,-0.7587598987951261,-0.6825372370820377,-0.7413855084083478,90.9,91.03773280488805,-0.13773280488804573,0.13773280488804573
1.3205620932125437,1.338123122566645,1.3369318406230846,1.303750323691833,1.3179475860674477,152.5,152.6326977213414,-0.13269772134140112,0.13269772134140112
0.1158331150540396,0.1294963684148463,0.1238105971428272,0.1020463494236413,0.1182798077658813,116.4,116.17559397815741,0.22440602184259717,0.22440602184259717
-0.6994218372888388,-0.696068354366437,-0.6992607642375114,-0.7553677809770798,-0.7060605772782351,91.9,91.53953206091569,0.36046793908431596,0.36046793908431596
0.0036117855817404,0.017219566116592,0.0048123280275972,0.0159738884567733,0.0100972061799113,111.9,112.7668188214285,-0.8668188214284953,0.8668188214284953
-0.8743550861721283,-0.89750614672507,-0.9141187501400092,-0.9275127029108152,-0.929325181061526,85.7,86.31488135081197,-0.6148813508119702,0.6148813508119702
0.4888040041825628,0.436606445289484,0.4047787325537861,0.4099209213435912,0.3964636404155199,126.8,127.63686621004348,-0.8368662100434818,0.8368662100434818
1.1093219436176285,1.1003604824056357,1.0857132724909333,1.0819482127387512,1.091923222039617,146.1,146.28600813183243,-0.18600813183243758,0.18600813183243758
-1.1053989997915676,-1.0890371624103277,-1.0860051388620078,-1.0301375602174652,-1.045511087356663,77.7,79.14244991319555,-1.4424499131955457,1.4424499131955457
0.2610607179005439,0.2780980185154773,0.2692529260614409,0.3106065433048977,0.2874531107561877,121.1,120.52543713006764,0.5745628699323504,0.5745628699323504
0.2808644819250676,0.2847025362977277,0.2659474185860181,0.2940541469651154,0.2631672206042346,121.2,121.18715732787665,0.012842672123355214,0.012842672123355214
-0.0987076618782967,-0.0686391650526617,-0.084436373808825,-0.132997678601267,-0.121543357484649,108.7,109.68910196119457,-0.9891019611945637,0.9891019611945637
-1.1945159379019228,-1.207918482490833,-1.188475870600122,-1.228766316294852,-1.2464216331591795,76.0,76.61247959395536,-0.6124795939553564,0.6124795939553564
-0.5938017624913807,-0.597000587632683,-0.5670404652205895,-0.6097066931869957,-0.6191281295752231,94.9,94.75206630567847,0.14793369432153725,0.14793369432153725
-0.6565136819023716,-0.6894638365841866,-0.6662056894832808,-0.6957791541538637,-0.6856383514686385,93.3,92.90013684005845,0.3998631599415461,0.3998631599415461
-0.6202067811907451,-0.6102096231971833,-0.6397616296798966,-0.6957791541538637,-0.6514173244363427,93.8,93.95044946458792,-0.15044946458792197,0.15044946458792197
2.323952803788394,2.371730155488812,2.381472202856767,2.53855909063959,2.46711175189393,183.1,182.76619397919666,0.3338060208033369,0.3338060208033369
-0.5211879610681284,-0.5639779987214317,-0.5538184353188972,-0.5898438175792572,-0.5702803732468633,97.6,97.03081405262063,0.569185947379367,0.569185947379367
1.132426334979572,1.1498943657725127,1.1386013920977018,1.1018110883464898,1.1137253279714834,147.6,146.95562600644217,0.6443739935578208,0.6443739935578208
-0.069002015841512,-0.0752436828349115,-0.0745198513825555,-0.1164452822614847,-0.1300986142427244,111.5,110.67106544972499,0.8289345502750081,0.8289345502750081
1.1918376270531426,1.186219213574889,1.15843443695024,1.197814987117227,1.195966183258777,148.5,148.74806844364647,-0.24806844364647418,0.24806844364647418
-1.1450065278406143,-1.1583845991239556,-1.1653373182721607,-1.0764842699688555,-1.131063654937405,77.9,78.01850447681446,-0.11850447681445075,0.11850447681445075
0.2544594632257032,0.2615867240598516,0.2923914783894024,0.2543283957496379,0.2537840357727989,120.8,120.38314796301069,0.4168520369893116,0.4168520369893116
-0.0029894690931008,-0.02901205835916,-0.041464776628325,-0.0535461761703119,-0.0434421425641656,112.4,112.67441651854548,-0.274416518545479,0.274416518545479
1.8057543118133663,1.7839280728685378,1.7864808572806188,1.85660036144056,1.845613744823508,168.6,167.30682049506228,1.2931795049377115,1.2931795049377115
1.729839883052693,1.7674167784129122,1.8592020217399263,1.803632693153257,1.7940062282506086,165.2,164.9254928204821,0.27450717951788306,0.27450717951788306
-0.9601713969450631,-0.894203887833945,-0.6794277193849733,-0.5567390248996926,-0.6265794822354821,81.8,83.18257918641795,-1.3825791864179564,1.3825791864179564
-0.6631149365772128,-0.6927660954753116,-0.7091772866637804,-0.705710591957733,-0.6889500637620872,93.3,92.68767248134074,0.6123275186592565,0.6123275186592565
1.5879129075436096,1.6023038338566555,1.6145944685586209,1.6281772919515656,1.6104821719886948,161.7,160.69000372595673,1.0099962740432602,1.0099962740432602
0.9046830486975532,0.8692023600268763,0.9303544211460506,0.946218562752536,0.9373766483453728,140.7,140.07576861204893,0.6242313879510561,0.6242313879510561
-0.1020082892157176,-0.101661753963913,-0.0910473887596707,-0.0965824066537457,-0.0884262345501697,109.2,109.58732921869239,-0.38732921869238623,0.38732921869238623
2.389965350536805,2.381636932162188,2.381472202856767,2.5054542979600254,2.4419979336686155,184.7,184.93761620941925,-0.23761620941925798,0.23761620941925798
1.0631131608937403,1.0673378934943845,1.0129921080316266,1.0488434200591867,1.0198934796571208,145.2,144.88165153690957,0.3183484630904161,0.3183484630904161
-0.2505365193996428,-0.276681475193545,-0.2860723298096306,-0.2786587663913505,-0.269466506591997,104.1,105.15917962676019,-1.0591796267601978,1.0591796267601978
-0.7126243466385211,-0.6894638365841866,-0.6827332268603962,-0.685847716349994,-0.6729434543437544,91.1,91.05273151332855,0.04726848667144168,0.04726848667144168
1.1357269623169923,1.133383071316887,1.1881840042290477,1.1514682773658365,1.1570535638107624,147.5,147.04344141417997,0.4565585858200336,0.4565585858200336
0.0399186862933668,0.0634511905923436,0.0477839252080968,0.1185987457634236,0.090958181344935,113.9,113.79466825628538,0.10533174371462906,0.10533174371462906
-1.2671297393251753,-1.27066140142221,-1.25128051263316,-1.3049073394578503,-1.2789868040447523,73.9,74.37116802537929,-0.4711680253792849,0.4711680253792849
0.4590983581457776,0.5059538820031116,0.4411393147834394,0.4430257140231557,0.4472432289150579,127.4,126.52457616278971,0.8754238372102918,0.8754238372102918
-0.0392963698047267,-0.0455233528147856,-0.0117152093495179,-0.0303728212946167,-0.005357451189513,111.6,111.47924491293553,0.12075508706446669,0.12075508706446669
-1.372749814122633,-1.3631246503737136,-1.333918199518736,-1.2817339845821552,-1.3093441667346926,71.3,71.0571201174545,0.24287988254549475,0.24287988254549475
-0.8314469307856611,-0.795136121100191,-0.7686764212213951,-0.758678260245036,-0.7894053366633451,87.9,87.42776864676786,0.4722313532321465,0.4722313532321465
-0.8347475581230815,-0.8909016289428197,-0.9471738248942398,-0.95068605778651,-0.922977732499084,87.7,87.5943401889472,0.10565981105280287,0.10565981105280287
1.1588313536789367,1.1465921068813878,1.1386013920977018,1.0951901298105762,1.105446047237863,147.8,147.83075844019447,-0.030758440194460945,0.030758440194460945
2.152320182242525,2.160385586456804,2.166614216954269,2.167785412628467,2.1566387243831726,178.1,177.79904214860863,0.30095785139135955,0.30095785139135955
-0.8380481854605024,-0.8644835578138187,-0.8711471529595098,-0.9738594126622052,-0.908351003203022,87.8,87.4586067698572,0.3413932301427991,0.3413932301427991
-1.349645422760689,-1.3499156148092133,-1.2876410948628134,-1.2618711089744168,-1.310448070832509,71.0,71.79523847105344,-0.7952384710534375,0.7952384710534375
0.6175284703419648,0.6050216487368657,0.5766651212757842,0.6085496774209783,0.6078612751472895,130.9,131.39359324766778,-0.4935932476677749,0.4935932476677749
0.0168142949314228,0.0040105305520913,0.0279508803555587,0.0159738884567733,0.0277596717449676,112.4,113.20558655904247,-0.8055865590424673,0.8055865590424673
-0.9964782976566892,-0.9800626190031984,-0.967006869746778,-0.9473755785185538,-0.9378804378196004,83.3,82.449668656108,0.8503313438919946,0.8503313438919946
1.2116413910776656,1.1994282491393895,1.1914895117044704,1.1382263602940106,1.1346995058299876,148.6,149.4513915530491,-0.8513915530490976,0.8513915530490976
-1.17801280121482,-1.1815004113618313,-1.181864855649276,-1.225455837026896,-1.2083369417845269,77.3,77.08270295880094,0.21729704119906046,0.21729704119906046
1.792551802463684,1.7938348495419136,1.7666478124280809,1.8135641309571269,1.8155323581580212,167.4,166.89736803323703,0.5026319667629764,0.5026319667629764
-0.9205638688960164,-0.9404355123096966,-0.9174242576154322,-0.9242022236428584,-0.9152504038143718,84.5,84.85389994457645,-0.3538999445764546,0.3538999445764546
-0.2307327553751191,-0.2733792163024195,-0.309210882137592,-0.3051426005350021,-0.2529079451247566,105.2,105.7914898135443,-0.5914898135442996,0.5914898135442996
-1.1219021364786703,-1.1253620102127044,-1.1521152883704686,-1.1162100211843329,-1.1225083981793305,79.6,78.73429106624111,0.8657089337588815,0.8657089337588815
-1.2902341306871192,-1.27066140142221,-1.2678080500102753,-1.2949759016539812,-1.3264546802508417,73.5,73.65035031831958,-0.1503503183195818,0.1503503183195818
0.5680190602806564,0.5786035776078643,0.6295532408825527,0.6284125530287168,0.6194522681743575,130.6,129.8085278598208,0.7914721401791951,0.7914721401791951
-0.0822045251911939,-0.0653369061615362,-0.041464776628325,-0.0204413834907474,-0.0368187179772694,110.7,110.1244015233197,0.5755984766802982,0.5755984766802982
-1.343044168085848,-1.3565201325914638,-1.3801953041746586,-1.3181492565296764,-1.3286624884464735,70.6,72.03659740151102,-1.4365974015110226,1.4365974015110226
-0.5112860790558668,-0.5441644453746806,-0.1538520307927088,-0.1528605542090055,-0.5299878736765793,97.3,97.2231376577559,0.07686234224409816,0.07686234224409816
1.6143179262429737,1.5990015749655306,1.6443440358374284,1.5685886651283492,1.613241932233234,161.5,161.57836923337175,-0.0783692333717454,0.0783692333717454
-1.0426870803805772,-0.996573913458824,-0.9934509295501628,-1.013585163877683,-0.9900399064414074,81.3,81.02471308944881,0.2752869105511877,0.2752869105511877
-0.9172632415585956,-0.9470400300919468,-0.9207297650908556,-0.8877869516953378,-0.9086269792274756,84.3,84.95304084092567,-0.6530408409256694,0.6530408409256694
-0.9733739062947452,-0.9833648778943233,-0.9405628099433936,-0.9837908504660746,-0.9914197865636776,84.1,83.26874783557433,0.8312521644256634,0.8312521644256634
1.462489068721628,1.4470976659737746,1.4989017069188142,1.4692742870896556,1.456487550343359,155.2,156.97231002927845,-1.772310029278458,1.772310029278458
-1.05919021706768,-1.0725258679547018,-1.1157547061408148,-1.152625293131854,-1.1288558467417729,81.0,80.73004900091803,0.2699509990819706,0.2699509990819706
-0.5079854517184463,-0.497932820898929,-0.4645697334824753,-0.4805980017366943,-0.4645815558809799,95.9,97.26269373888695,-1.3626937388869464,1.3626937388869464
1.2017395090654035,1.1664056602281383,1.1617399444256638,1.1647101944376623,1.146014522832602,149.3,149.15131676761845,0.14868323238155767,0.14868323238155767
0.7891610918878336,0.8064594410954986,0.7485515099977831,0.7509002859431061,0.748333071594378,137.1,136.5808474070496,0.5191525929504053,0.5191525929504053
-1.1483071551780348,-1.1550823402328303,-1.1289767360425074,-1.1724881687395925,-1.177427627045678,77.3,77.98183660244621,-0.6818366024462108,0.6818366024462108
-1.0162820616812125,-0.9272264767451964,-0.8942857052874712,-0.897718389499207,-0.901727578616126,82.2,81.6967273525535,0.5032726474465079,0.5032726474465079
0.5779209422929176,0.5686968009344894,0.6031091810791689,0.6251020737607605,0.5830234329464289,129.9,130.17189298665002,-0.27189298665001616,0.27189298665001616
-1.3991548328219976,-1.4093562748494657,-1.3768897966992355,-1.410842676032457,-1.382201837190551,71.3,70.35428011160118,0.9457198883988127,0.9457198883988127
-0.930465750908278,-0.920621958962946,-0.8711471529595098,-0.9010288687671634,-0.91718223598555,84.3,84.50546452731331,-0.20546452731331044,0.20546452731331044
-0.5343904704178107,-0.5210486331368046,-0.4943193007612824,-0.5699809419715182,-0.5567575480486175,96.3,96.53303490105283,-0.2330349010528323,0.2330349010528323
0.142238133753404,0.1195895917414709,0.1105885672411348,0.085493953083859,0.1088966229344456,116.7,117.06172199878998,-0.36172199878997446,0.36172199878997446
-0.5475929797674932,-0.5639779987214317,-0.590179017548551,-0.6328800480626909,-0.5799395341027541,96.4,96.18464683188314,0.215353168116863,0.215353168116863
-0.682918700601736,-0.6333254354350593,-0.6463726446307428,-0.6593638822063425,-0.6417581635804513,92.3,91.91569740365061,0.3843025963493858,0.3843025963493858
-0.8314469307856611,-0.7786248266445653,-0.8083425109264718,-0.7454363431732105,-0.7722948231471967,88.4,87.3792668477712,1.0207331522288001,1.0207331522288001
0.6208290976793852,0.6182306843013664,0.5898871511774765,0.6217915944928043,0.6213841003455357,132.1,131.46974556414705,0.6302544358529474,0.6302544358529474
1.1522300990040952,1.1631034013370134,1.1319903771468562,1.105121567614446,1.125868273047459,148.3,147.5710673345032,0.7289326654968136,0.7289326654968136
-0.8248456761108199,-0.8149496744469417,-0.8413975856807022,-0.844750721211904,-0.8360452847960721,87.0,87.72416497208226,-0.7241649720822636,0.7241649720822636
-0.2439352647248016,-0.2403566273911682,-0.1935181204977854,-0.1694129505487877,-0.1957809080627779,103.8,105.2442159087896,-1.4442159087896016,1.4442159087896016
0.4656996128206188,0.4564199986362346,0.4113897475046318,0.3735056493960704,0.405846825246957,126.7,126.86047691655165,-0.16047691655164442,0.16047691655164442
-0.5838998804791191,-0.6102096231971833,-0.686038734335819,-0.6593638822063425,-0.6519692764852497,95.3,95.1155956182356,0.184404381764395,0.184404381764395
2.2744433937270854,2.2561510942994323,2.2161968290856144,2.1346806199489023,2.1734732618748667,181.4,181.655438286034,-0.255438286034007,0.255438286034007
0.4855033768451424,0.5092561408942367,0.5204714941935927,0.5489610505977618,0.526724323957811,128.1,127.29586922048708,0.8041307795129171,0.8041307795129171
-0.0954070345408763,-0.0851504595082873,-0.1439355083664397,-0.0800300103139634,-0.092289898892525,108.5,109.76811133115939,-1.268111331159389,1.268111331159389
-0.1449164446021847,-0.1611024140041653,-0.1439355083664397,-0.1760339090847007,-0.1507968160767749,108.3,108.33806998862181,-0.03806998862181388,0.03806998862181388
2.013693834070861,2.0051794185739222,1.955061738527195,1.955914739479253,1.968699051729995,173.8,173.67864106170157,0.12135893829844235,0.12135893829844235
-0.9634720242824836,-0.973458101220948,-0.967006869746778,-0.9672384541262924,-0.971825488827443,83.2,83.5517886880018,-0.35178868800180396,0.35178868800180396
-0.1548183266144463,-0.1544978962219149,-0.1538520307927088,-0.1561710334769617,-0.1720469699597324,108.3,108.01513477409691,0.28486522590308994,0.28486522590308994
2.4955854253342635,2.487309216678192,2.4343603224635366,2.439244712600896,2.4337186529349952,187.3,188.27367247671435,-0.9736724767143414,0.9736724767143414
-0.8809563408469696,-0.89750614672507,-0.900896720238317,-0.9308231821787716,-0.9075230751296596,86.2,86.08491420751284,0.11508579248716444,0.11508579248716444
-1.214319701926446,-1.191407188035207,-1.1554207958458915,-1.1625567309357232,-1.1694243223365115,75.3,75.86423232372417,-0.5642323237241698,0.5642323237241698
1.214942018415086,1.235753096941766,1.237766616360393,1.25078265540453,1.2506094361006703,150.9,149.3846115640819,1.515388435918112,1.515388435918112
-0.4551754143197171,-0.4616079730965522,-0.4910137932858596,-0.5103923151483022,-0.5217085929429586,99.1,98.98707581322881,0.11292418677118121,0.11292418677118121
-0.8281463034482408,-0.8413677455759426,-0.8480086006315484,-0.8712345553555555,-0.8597792228991167,89.0,87.68034034802363,1.319659651976366,1.319659651976366
-0.1812233453138107,-0.2073340384799169,-0.180296090596093,-0.1958967846924393,-0.1875016273291573,107.4,107.24829148395055,0.15170851604945312,0.15170851604945312
-1.2902341306871192,-1.316893025897962,-1.386806319125505,-1.3347016528694586,-1.3532243546228802,73.7,73.72874307602592,-0.028743076025918413,0.028743076025918413
-1.2638291119877545,-1.247545589184334,-1.2810300799119672,-1.3280806943335457,-1.3054805023923368,73.6,74.47060390403587,-0.8706039040358746,0.8706039040358746
1.132426334979572,1.1730101780103883,1.1650454519010869,1.2209883419929215,1.2001058236255868,147.0,146.81833072374448,0.1816692762555192,0.1816692762555192
1.6605267089668616,1.6122106105300311,1.6013724386569284,1.6414192090233908,1.621797188991308,162.7,163.02947434832245,-0.3294743483224636,0.3294743483224636
2.2942471577516086,2.269360129863933,2.295529008495768,2.37965608577768,2.3658285509193093,181.4,182.05955571928513,-0.6595557192851231,0.6595557192851231
0.4392945941212544,0.4795358108741107,0.480805404488516,0.5290981749900233,0.5057501460993078,126.3,125.84636337626465,0.4536366237353491,0.4536366237353491
2.310750294438712,2.3023827187751844,2.315362053348306,2.2935836248108123,2.294074784561268,183.2,182.64233220642194,0.5576677935780481,0.5576677935780481
-0.801741284748876,-0.7786248266445653,-0.8083425109264718,-0.818266887068252,-0.8117593946441195,89.7,88.4045431992862,1.2954568007138079,1.2954568007138079
-0.9007601048714928,-0.9041106645073204,-0.8546196155823946,-0.9275127029108152,-0.9127666195942856,85.4,85.45945318086945,-0.05945318086943985,0.05945318086943985
0.4227914574341516,0.416792891942733,0.4246117774063242,0.3701951701281137,0.3986714486111523,125.3,125.52517575368769,-0.2251757536876937,0.2251757536876937
-1.1219021364786703,-1.1121529746482035,-1.1289767360425074,-1.0864157077727248,-1.1048459326142746,78.8,78.69576016851678,0.1042398314832127,0.1042398314832127
1.251248919126712,1.2423576147240167,1.2476831387866627,1.1415368395619667,1.2343268506578835,150.2,150.61040550248524,-0.4104055024852471,0.4104055024852471
0.2577600905631236,0.2582844651687266,0.2725584335368642,0.2576388750175946,0.246884635161448,120.6,120.49656551269767,0.10343448730232296,0.10343448730232296
1.05981253355632,1.07724467016776,1.1055463173434714,1.0488434200591867,1.0593580511540437,145.6,144.74396561031335,0.8560343896866414,0.8560343896866414
-1.0987977451167263,-1.0890371624103277,-1.089310646337431,-1.0400689980213345,-1.052410487968013,80.0,79.36614446535845,0.6338555346415546,0.6338555346415546
-0.1614195812892875,-0.1445911195485396,-0.0910473887596707,-0.2256910981040475,-0.1714950179108253,108.6,107.8189852616396,0.7810147383603976,0.7810147383603976
1.7364411377275348,1.6947670828081596,1.7170652002967348,1.6910763980427377,1.723632342014837,165.7,165.31153915667193,0.38846084332806186,0.38846084332806186
-0.930465750908278,-0.923924217854071,-0.953784839845086,-1.0069642053417698,-0.9870041701724136,84.5,84.58716548452348,-0.0871654845234815,0.0871654845234815
0.7957623465626753,0.8097616999866236,0.7915231071782821,0.7773841200867572,0.7762066500642327,137.3,136.76770994744535,0.5322900525546572,0.5322900525546572
1.142328216991834,1.1664056602281383,1.2080170490815856,1.197814987117227,1.2197001213618217,147.4,147.14956391051282,0.2504360894871809,0.2504360894871809
0.8155661105871984,0.8394820300067499,0.8708552865884354,0.8601461017856684,0.8504442006423607,138.5,137.29848373573788,1.2015162642621249,1.2015162642621249
-1.125202763816091,-1.1319665279949542,-1.1289767360425074,-1.1062785833804634,-1.0866315150003096,78.5,78.60712737770922,-0.10712737770921876,0.10712737770921876
0.0333174316185256,0.0238240838988424,-0.0513812990545945,-0.0270623420266604,-0.0081172114340525,113.0,113.74575867644612,-0.7457586764461155,0.7457586764461155
2.647414282855609,2.626004090105447,2.6128577261363803,2.618010593070544,2.610343308585558,192.9,192.8620646725741,0.0379353274259131,0.0379353274259131
1.59121353488103,1.6023038338566555,1.6112889610831975,1.6116248956117831,1.6342161100917385,161.4,160.78285779912608,0.6171422008739285,0.6171422008739285
-0.9007601048714928,-0.8842971111605693,-0.8843691828612017,-0.9208917443749024,-0.9296011570859803,85.4,85.43824090533244,-0.03824090533242952,0.03824090533242952
-0.5244885884055491,-0.5111418564634292,-0.5075413306629748,-0.5203237529521714,-0.524468353187499,96.9,96.79728031244954,0.10271968755046146,0.10271968755046146
-0.7027224646262591,-0.7092773899309373,-0.6893442418112423,-0.6527429236704295,-0.6773590707350182,91.1,91.39531216139767,-0.2953121613976748,0.2953121613976748
1.5053972241080955,1.5098405849051524,1.4856796770171217,1.4692742870896556,1.4782896562752257,158.5,158.26429863878312,0.2357013612168828,0.2357013612168828
0.2115513078392356,0.3045160896444787,0.3684181503241323,0.3370903774485492,0.3092552166880541,118.8,118.86417482230937,-0.06417482230936855,0.06417482230936855
-0.9799751609695864,-1.022991984587825,-1.0430335416815084,-1.0400689980213345,-1.0394396148186746,83.8,83.14832304827097,0.65167695172903,0.65167695172903
-0.3132484388106331,-0.326215358560422,-0.3356549419409763,-0.3647312273582185,-0.3798569163735989,102.4,103.29225715851943,-0.8922571585194277,0.8922571585194277
-0.4386722776326143,-0.4781192675521779,-0.4447366886299367,-0.4441827297891731,-0.4471950663403768,99.5,99.4740128250983,0.025987174901700882,0.025987174901700882
-0.976674533632166,-0.9470400300919468,-1.0529500641077774,-1.0996576248445504,-1.0521345119435592,83.1,83.177774124752,-0.07777412475201118,0.07777412475201118
2.330554058463236,2.332103048795311,2.312056545872883,2.3465512930981154,2.3249840993001167,183.2,183.2037980192398,-0.0037980192398094914,0.0037980192398094914
0.9838981047956468,1.0078972334541316,0.9700205108511268,0.9793233554321004,0.9782210999645652,142.9,142.42923805918096,0.4707619408190453,0.4707619408190453
-0.8545513221476052,-0.8842971111605693,-0.900896720238317,-0.884476472427381,-0.8978639142737698,87.5,86.90510133770363,0.594898662296373,0.594898662296373
1.5285016154700393,1.5428631738164038,1.5385677966238902,1.5189314761090025,1.5246536283834975,159.4,158.92712621338455,0.47287378661545176,0.47287378661545176
-0.0822045251911939,-0.0587323883792859,0.0279508803555587,0.5986182396171086,0.3710738461657509,109.0,109.59144189432773,-0.5914418943277298,0.5914418943277298
-0.9007601048714928,-0.920621958962946,-0.9372573024679708,-0.9010288687671634,-0.9284972529881644,85.3,85.47231755046467,-0.172317550464669,0.172317550464669
0.4293927121089928,0.4068861152693577,0.4146952549800551,0.4860619445065895,0.4707011909936479,126.0,125.65588128781135,0.34411871218864576,0.34411871218864576
1.6836311003288051,1.7046738594815354,1.690621140493351,1.6778344809709125,1.6789242260532882,164.8,163.61105810599605,1.1889418940039604,1.1889418940039604
-0.8479500674727639,-0.8809948522694443,-0.9108132426645864,-0.95068605778651,-0.8744059521951789,87.5,87.11608640214872,0.38391359785127577,0.38391359785127577
2.36025970450002,2.32549853101306,2.338500605676268,2.3498617723660717,2.3266399554468404,184.7,184.184533561128,0.5154664388719823,0.5154664388719823
0.7726579552007308,0.786645887748748,0.7121909277681289,0.6681383042441947,0.6950696988747552,134.6,136.13423694371366,-1.5342369437136654,1.5342369437136654
-0.4518747869822967,-0.4384921608586762,-0.4447366886299367,-0.4541141675930424,-0.4579581312940832,97.9,98.99993237764772,-1.0999323776477183,1.0999323776477183
1.1126225709550488,1.1234762946435113,1.0923242874417791,1.0488434200591867,1.0626697634474915,146.7,146.39737250010754,0.3026274998924521,0.3026274998924521
1.0994200616053664,1.09045370573226,1.1419068995731247,1.1382263602940106,1.146014522832602,145.7,145.92397466277322,-0.2239746627732302,0.2239746627732302
-0.742329992675306,-0.7489044966244389,-0.7323158389917418,-0.6891581956179507,-0.7124080258406772,90.2,90.19140181723918,0.008598182760820805,0.008598182760820805
-1.4090567148342592,-1.4093562748494657,-1.3768897966992355,0.01928436772473,-0.4717569325167846,70.0,68.81913374229116,1.1808662577088427,1.1808662577088427
-0.9040607322089136,-0.9008084056161948,-0.9141187501400092,-0.9275127029108152,-0.916354307912188,84.9,85.33954741054117,-0.43954741054116653,0.43954741054116653
1.0994200616053664,1.093755964623386,1.069185735113818,1.0819482127387512,1.0977187185531505,146.0,145.96444222516078,0.03555777483921929,0.03555777483921929
-0.3462547121848388,-0.3526334296894229,-0.3786265391214758,-0.2753482871233943,-0.3108629102600979,103.2,102.15888533695755,1.0411146630424497,1.0411146630424497
0.957493086096282,0.931945278958254,0.9501874659985888,0.9263556871447974,0.9346168881008324,141.7,141.72337238033606,-0.023372380336070364,0.023372380336070364
0.0663237049927312,0.0337308605722177,0.0543949401589429,0.0358367640645123,0.0169966067912618,113.2,114.78663090606759,-1.5866309060675832,1.5866309060675832
-0.0491982518169883,-0.0719414239437866,-0.0976584037105169,-0.0998928859217024,-0.1099523644575814,111.0,111.28655018649378,-0.28655018649378405,0.28655018649378405
-1.1053989997915676,-1.118757492430454,-1.105838183714546,-1.0864157077727248,-1.1004303162230102,79.2,79.24392251783033,-0.04392251783032464,0.04392251783032464
-0.976674533632166,-0.9305287356363212,-0.9372573024679708,-0.9606174955903798,-0.9668579203872708,83.1,83.06005719607768,0.039942803922315306,0.039942803922315306
0.5812215696303389,0.5587900242611137,0.5700541063249384,0.57875536400937,0.5659129194302801,131.1,130.31661993069508,0.7833800693049113,0.7833800693049113
0.6901422717652168,0.6776713443416182,0.6956633903910135,0.6880011798519333,0.6812708976520552,134.4,133.5962561065987,0.8037438934013039,0.8037438934013039
-1.1747121738773996,-1.1748958935795817,-1.1983923930263911,-1.2386977540987214,-1.221583790958319,76.9,77.19343116269715,-0.2934311626971464,0.2934311626971464
-0.3429540848474184,-0.3427266530160476,-0.3422659568918225,-0.3581102688223055,-0.3423241770478548,102.7,102.31181005008317,0.38818994991683553,0.38818994991683553
-0.1548183266144463,-0.1710091906775406,-0.1241024635139012,-0.119755761529441,-0.1207154294112877,108.0,107.989398756946,0.010601243053997678,0.010601243053997678
1.1456288443292544,1.1498943657725127,1.1881840042290477,1.1945045078492698,1.1865829984273406,146.7,147.3052122611318,-0.6052122611318111,0.6052122611318111
0.4557977308083572,0.4432109630717339,0.3948622101275166,0.3536427737883314,0.4000513287334215,126.8,126.56410642585087,0.2358935741491308,0.2358935741491308
1.6935329823410672,1.6947670828081596,1.7203707077721575,1.750665024865954,1.7393629754087152,164.6,163.87992559306542,0.7200744069345717,0.7200744069345717
-0.5971023898288016,-0.649836729890685,-0.662900182007858,-0.7090210712256892,-0.676531142661657,94.8,94.78057861588867,0.019421384111325324,0.019421384111325324
-0.6796180732643156,-0.6861615776930613,-0.686038734335819,-0.7321944261013845,-0.696125440397891,92.0,92.1585307249885,-0.15853072498849485,0.15853072498849485
0.0663237049927312,0.0799624850479693,0.0808389999623272,0.0490786811363378,0.0824029245868611,114.7,114.66846420359539,0.03153579640461146,0.03153579640461146
0.6076265883297027,0.58851035428124,0.622942225931707,0.5953077603491523,0.6177964120276331,131.4,131.0978673055777,0.30213269442231194,0.30213269442231194
1.1621319810163573,1.1564988835547625,1.20140603413074,1.2540931346724864,1.2279794020954415,147.6,147.78343795646254,-0.1834379564625408,0.1834379564625408
-1.4090567148342592,-1.39284498039384,-1.390111826600928,-1.410842676032457,-1.4062117513180492,70.9,70.02558840401275,0.8744115959872545,0.8744115959872545
-0.5607954891171751,-0.5705825165036816,-0.5538184353188972,-0.560049504167649,-0.5804914861516611,97.1,95.7465455997044,1.3534544002955897,1.3534544002955897
-0.329751575497736,-0.3460289119071726,-0.3257384195147073,-0.3481788310184363,-0.3583307864661871,102.8,102.760143424812,0.03985657518799712,0.03985657518799712
-0.3429540848474184,-0.3394243941249222,-0.3720155241706296,-0.3912150615018701,-0.3815127725203238,102.8,102.34492089546761,0.45507910453238765,0.45507910453238765
-0.742329992675306,-0.7323932021688133,-0.7521488838442799,-0.7321944261013845,-0.7386257481638084,89.9,90.20030567440185,-0.30030567440184086,0.30030567440184086
0.11913374239146,0.1261941095237213,0.1436436419953653,0.1351511421032058,0.1348383692331217,117.5,116.26709258409873,1.2329074159012663,1.2329074159012663
-0.7390293653378855,-0.6828593188019363,-0.686038734335819,-0.6759162785461247,-0.6803948070040133,90.9,90.18431194348102,0.7156880565189851,0.7156880565189851
0.8782780299981893,0.8791091367002521,0.8675497791130126,0.8700775395895382,0.8634150737916995,138.5,139.27479239278773,-0.7747923927877309,0.7747923927877309
-0.5872005078165395,-0.5606757398303063,-0.5802624951222819,-0.6560534029383862,-0.6014656640101669,95.7,94.91469315746232,0.785306842537679,0.785306842537679
0.7726579552007308,0.7635300755108725,0.7849120922274364,0.7707631615508446,0.7510928318389184,136.7,136.10015437558428,0.5998456244157069,0.5998456244157069
-0.9040607322089136,-0.9041106645073204,-0.9174242576154322,-0.9407546199826408,-0.9398122699907782,85.8,85.36720075374393,0.43279924625606725,0.43279924625606725
-0.8215450487733996,-0.798438379991316,-0.8017314959756255,-0.8083354492643827,-0.8136912268152977,87.4,87.78564030112236,-0.3856403011223506,0.3856403011223506
1.8552637218746748,1.873089062928917,1.8459799918382336,1.879773716316256,1.854996929654944,169.0,168.79295862510793,0.20704137489207142,0.20704137489207142
-1.214319701926446,-1.2244297769464585,-1.2215309453543526,-1.205592961419157,-1.2058531575644402,76.0,75.9425845371016,0.05741546289840471,0.05741546289840471
0.1455387610908244,0.1294963684148463,0.1436436419953653,0.1053568286915976,0.118003831741428,117.3,117.14751968860482,0.15248031139518048,0.15248031139518048
-0.0128913511053623,-0.0091985050124089,-0.0183262243003641,0.0490786811363378,0.0244479594515197,112.0,112.2386598775905,-0.2386598775904929,0.2386598775904929
1.0730150429060017,1.0607333757121344,1.0625747201629725,1.078637733470794,1.087507605648352,145.6,145.1573659315971,0.44263406840289576,0.44263406840289576
2.3833640958619644,2.361823378815436,2.3715556804304985,2.3895875235815494,2.383215040459912,183.5,184.83399966098625,-1.333999660986251,1.333999660986251
0.4227914574341516,0.416792891942733,0.4014732250783628,0.3569532530562881,0.3749375105081072,125.3,125.54492232774125,-0.24492232774125,0.24492232774125
-0.907361359546334,-0.9140174411806956,-0.8975912127628941,-0.9440650992505976,-0.9334648214283362,82.8,85.27270077520825,-2.472700775208253,2.472700775208253
-0.76543438403725,-0.772020308862315,-0.8215645408281641,-0.884476472427381,-0.8341134526248939,89.4,89.61737723476233,-0.21737723476232418,0.21737723476232418
0.1323362517411424,0.1063805561769707,0.1271161046182501,0.1285301835672928,0.1287668966951344,116.2,116.72977240094953,-0.5297724009495255,0.5297724009495255
-0.5475929797674932,-0.5606757398303063,-0.5670404652205895,-0.5964647761151701,-0.611952752939418,96.1,96.19882336385115,-0.09882336385115309,0.09882336385115309
-0.6796180732643156,-0.6663480243463107,-0.686038734335819,-0.6891581956179507,-0.7096482655961378,91.9,92.12813227468129,-0.22813227468128616,0.22813227468128616
2.178725200941889,2.173594622021304,2.209585814134769,2.237305477255552,2.2267366345944906,179.2,178.56951218799747,0.6304878120025137,0.6304878120025137
0.6406328617039084,0.6578577909948676,0.6361642558333993,0.5555820091336753,0.5761240323350785,131.9,132.12741439594276,-0.22741439594275903,0.22741439594275903
-1.1582090371902969,-1.1583845991239556,-1.178559348173853,-1.1559357723998105,-1.1570054012360813,76.5,77.63238715153102,-1.1323871515310202,1.1323871515310202
0.5614178056058148,0.5521855064788638,0.5436100465215536,0.5191667371861545,0.5460426456695918,130.4,129.71059026882685,0.6894097311731571,0.6894097311731571
-1.3694491867852123,-1.389542721502715,-1.40333385650262,-1.410842676032457,-1.404831871195779,70.5,71.30981549617067,-0.8098154961706712,0.8098154961706712
0.9739962227833848,0.978176903434006,1.0394361678350106,1.0753272542028378,1.062117811398584,141.6,142.0598491065016,-0.4598491065015935,0.4598491065015935
-0.4980835697061848,-0.5111418564634292,-0.4844027783350134,-0.4971503980764766,-0.5021142952067246,96.4,97.63702444550097,-1.237024445500964,1.237024445500964
-0.0789038978537736,-0.0653369061615362,-0.031548254202056,-0.0005785078830089,-0.0335070056838215,110.0,110.2247229074362,-0.2247229074362025,0.2247229074362025
0.036618058955946,0.0337308605722177,0.0279508803555587,0.0424577226004253,0.0214122231825265,114.3,113.80691647469455,0.4930835253054511,0.4930835253054511
-0.2175302460254372,-0.1842182262420413,-0.2034346429240545,-0.1627919920128747,-0.1717709939352786,106.5,106.00359734438223,0.4964026556177714,0.4964026556177714
-0.0062900964305211,0.0040105305520913,0.064311462585212,0.078872994547946,0.0578410584104547,112.3,112.41309243975502,-0.1130924397550217,0.1130924397550217
-1.1285033911535116,-1.1121529746482035,-1.089310646337431,-1.073173790700899,-1.0860795629514022,79.0,78.46765759111668,0.5323424088833235,0.5323424088833235
-0.7159249739759416,-0.7323932021688133,-0.7356213464671647,-0.6527429236704295,-0.6856383514686385,92.1,90.99546636762383,1.1045336323761603,1.1045336323761603
1.013603750832432,1.0078972334541316,0.9898535557036648,0.972702396896188,1.0025069901165182,144.2,143.38409412283153,0.8159058771684613,0.8159058771684613
-1.1912153105645025,-1.1815004113618313,-1.188475870600122,-1.1625567309357232,-1.1652846819697016,76.6,76.5949622227077,0.005037777292301371,0.005037777292301371
1.142328216991834,1.1564988835547625,1.1253793621960095,1.1084320468824025,1.119244848460563,148.0,147.2604428800625,0.7395571199375013,0.7395571199375013
-1.4090567148342592,-1.366426909264839,-1.3636677667975434,-1.3247702150655896,-1.3314222486910132,70.0,69.9039080606027,0.09609193939729721,0.09609193939729721
-0.6070042718410632,-0.5903960698504327,-0.6067065549256662,-0.6130171724549525,-0.5951182154477239,94.1,94.28627430185131,-0.18627430185131288,0.18627430185131288
-1.2902341306871192,-1.2772659192044602,-1.2843355873873905,-1.265181588242373,-1.2569087220884316,72.1,73.58965869923935,-1.4896586992393566,1.4896586992393566
-0.682918700601736,-0.6762548010196859,-0.6992607642375114,-0.7123315504936459,-0.6809467590529203,92.7,92.01571917810001,0.6842808218999892,0.6842808218999892
-0.1680208359641288,-0.1842182262420413,-0.180296090596093,-0.106513844457615,-0.1450013195632403,106.5,107.58288996764328,-1.0828899676432826,1.0828899676432826
-0.1152107985653995,-0.1478933784396646,-0.1538520307927088,-0.0568566554382682,-0.1107802925309427,108.6,109.21567626097456,-0.615676260974567,0.615676260974567
-0.6202067811907451,-0.6366276943261843,-0.6827332268603962,-0.6527429236704295,-0.6332029068223769,94.0,93.9508532687299,0.04914673127009905,0.04914673127009905
-0.4980835697061848,-0.4913283031166787,-0.5802624951222819,-0.5335656700239975,-0.5360593462145671,96.9,97.6320670990281,-0.7320670990281002,0.7320670990281002
-0.5442923524300723,-0.5441644453746806,-0.5273743755155129,-0.5236342322201282,-0.5308158017499415,94.8,96.20005749672623,-1.4000574967262338,1.4000574967262338
0.284165109262488,0.238470911821976,0.213059298979249,0.2344655201418994,0.2369494982811053,121.5,121.39091764456292,0.10908235543708145,0.10908235543708145
-1.4090567148342592,-1.4060540159583408,-1.3702787817483897,-1.410842676032457,-1.3935168541931653,70.0,70.03709325807574,-0.0370932580757426,0.0370932580757426
-0.9271651235708576,-0.9338309945274462,-0.8975912127628941,-0.8944079102312508,-0.91442247574101,83.7,84.6225180824986,-0.9225180824985983,0.9225180824985983
0.5647184329432361,0.5356742120232381,0.5336935240952851,0.5191667371861545,0.5381181912531272,128.9,129.84614182543706,-0.9461418254370528,0.9461418254370528
0.6934428991026371,0.7139961921439955,0.6097201960300146,0.6416544701005428,0.6542252472555627,133.4,133.67518056184485,-0.2751805618448486,0.2751805618448486
1.049910651544058,1.07724467016776,1.1749619743273552,1.211056904189052,1.1934823990386902,144.3,144.27025714346578,0.029742856534227258,0.029742856534227258
-0.8248456761108199,-0.8083451566646913,-0.7918149735493566,-0.7818516151207313,-0.797408641372511,87.2,87.67158335145578,-0.47158335145577723,0.47158335145577723
0.270962599912806,0.2549822062776017,0.2229758214055186,0.1748768933186833,0.1834101495370273,120.7,121.00220347206725,-0.30220347206724796,0.30220347206724796
1.2083407637402452,1.2225440613772651,1.2113225565570094,1.1481577980978803,1.1711283410579163,149.2,149.2816461905765,-0.0816461905765209,0.0816461905765209
-0.5772986258042779,-0.5903960698504327,-0.5868735100731276,-0.5997752553831265,-0.6091929926948786,94.5,95.26638764523456,-0.766387645234559,0.766387645234559
0.3468770286734788,0.3210273841001044,0.3618071353732861,0.3238484603767236,0.3365768431090009,123.1,123.23709535846729,-0.13709535846729182,0.13709535846729182
-0.682918700601736,-0.6795570599108114,-0.6893442418112423,-0.7156420297616022,-0.6986092246179763,92.1,92.03773632898537,0.062263671014619604,0.062263671014619604
1.59121353488103,1.58579253940103,1.5848449012798131,1.525552434644915,1.541488165875192,161.4,160.90549493652546,0.4945050634745485,0.4945050634745485
-1.3166391493864835,-1.396147239284965,-1.4000283490271972,-1.3843588418888055,-1.3910330699730786,73.6,73.02281677113376,0.5771832288662324,0.5771832288662324
-0.2901440474486891,-0.2865882518669203,-0.2728502999079382,-0.2323120566399605,-0.2644989381518247,104.3,103.86401416532526,0.4359858346747387,0.4359858346747387
-0.7720356387120911,-0.8083451566646913,-0.8447030931561256,-0.8712345553555555,-0.8385290690161582,89.5,89.44803240217236,0.05196759782764104,0.05196759782764104
-0.069002015841512,-0.0752436828349115,-0.0910473887596707,-0.1429291164051362,-0.1069166281885863,110.7,110.65753463629116,0.042465363708842574,0.042465363708842574
0.0069124129191612,0.0073127894432167,0.0180343579292896,-0.0469252176343989,-0.0199841804855757,112.7,112.93579332008368,-0.2357933200836726,0.2357933200836726
-1.0987977451167263,-1.1220597513215789,-1.102532676239123,-1.0897261870406811,-1.0940828676605676,79.4,79.46034083598613,-0.06034083598612483,0.06034083598612483
-0.1185114259028204,-0.1181730484195387,-0.1141859410876321,-0.1230662407973972,-0.1278908060470915,109.2,109.10893116764535,0.09106883235465091,0.09106883235465091
0.7429523091639455,0.7437165221641209,0.7320239726206679,0.6681383042441947,0.7027970275594669,135.9,135.22213538046287,0.6778646195371323,0.6778646195371323
-0.3495553395222596,-0.3130063229959213,-0.2695447924325154,-0.2819692456593073,-0.2885088522793235,102.6,101.99884538407092,0.6011546159290759,0.6011546159290759
-0.8347475581230815,-0.8314609689025673,-0.7885094660739337,-0.7421258639052537,-0.7692590868782021,88.2,87.3453685242943,0.8546314757057019,0.8546314757057019
0.201649425826974,0.2252618762574753,0.1965317616021338,0.2245340823380301,0.2016245671509912,119.0,118.74644942449368,0.2535505755063241,0.2535505755063241
-0.6895199552765772,-0.696068354366437,-0.6364561222044733,-0.6229486102588216,-0.6439659717760837,91.8,91.77985412306877,0.02014587693122394,0.02014587693122394
-0.2043277366757547,-0.1644046728952903,-0.1670740606944011,-0.132997678601267,-0.1513487681256824,105.1,106.38667973627919,-1.286679736279197,1.286679736279197
-1.23742409328839,-1.217825259164208,-1.2314474677806215,-1.2221453577589392,-1.2312429518142094,74.9,75.20402144175048,-0.3040214417504785,0.3040214417504785
-1.3694491867852123,-1.346613355918088,-1.2975576172890824,-1.3214597357976328,-1.3457730019626215,70.7,71.19104840123411,-0.4910484012341101,0.4910484012341101
1.957583169334712,1.9655523118804203,1.97158927590431,1.9790880943549491,1.9709068599256268,172.5,171.89687515603987,0.6031248439601313,0.6031248439601313
1.379973385286114,1.3975637826068976,1.356764885475623,1.4494114114819172,1.4164710267975278,155.3,154.36339679846526,0.9366032015347514,0.9366032015347514
0.6571359983910112,0.6809736032327441,0.6989688978664373,0.6946221383878458,0.6986573871926578,132.6,132.4988067334442,0.1011932665557822,0.1011932665557822
-0.1614195812892875,-0.1544978962219149,-0.170379568169824,-0.1694129505487877,-0.1759106343020887,108.9,107.80426889360041,1.0957311063995974,1.0957311063995974
-1.372749814122633,-1.389542721502715,-1.4000283490271972,-1.344633090673328,-1.379994028994919,72.3,71.1608806670445,1.1391193329555023,1.1391193329555023
2.310750294438712,2.308987236557434,2.364944665479652,2.356482730901985,2.30180211324598,183.3,182.6152579076528,0.6847420923472214,0.6847420923472214
0.9937999868079088,0.9979904567807568,0.9964645706545115,0.9925652725039265,0.9856724526248242,142.7,142.7604432709384,-0.06044327093840707,0.06044327093840707
0.1290356244037216,0.1129850739592206,0.1337271195690962,0.1616349762468573,0.158848283360621,116.2,116.5785311083545,-0.378531108354494,0.378531108354494
-0.8578519494850255,-0.871088075596069,-0.8744526604349326,-0.8811659931594248,-0.9042113628362116,86.3,86.78780888948343,-0.48780888948343204,0.48780888948343204
-0.1251126805776611,-0.1214753073106636,-0.1307134784647474,-0.179344388352657,-0.1690112336907392,108.3,108.94729101928833,-0.6472910192883319,0.6472910192883319
-0.0095907237679415,-0.0323143172502849,-0.041464776628325,-0.0138204249548344,-0.0108769716785929,112.3,112.42397210861952,-0.12397210861952601,0.12397210861952601
0.1092318603791984,0.0832647439390947,0.1238105971428272,0.072252036012033,0.0829548766357695,115.7,116.06357329959114,-0.36357329959113827,0.36357329959113827
-0.76543438403725,-0.7819270855356903,-0.8314810632544332,-0.8348192834080342,-0.8001684016170509,89.4,89.58545397420487,-0.18545397420486154,0.18545397420486154
-0.1482170719396051,-0.1677069317864156,-0.2199621803011697,-0.2025177432283522,-0.1949529799894152,108.4,108.27108881863622,0.1289111813637902,0.1289111813637902
-0.6862193279391563,-0.6861615776930613,-0.7223993165654727,-0.7321944261013845,-0.7206873065742974,92.5,91.95696056233693,0.5430394376630687,0.5430394376630687
2.3470571951503385,2.335405307686436,2.328584083249998,2.356482730901985,2.338230948473909,182.8,183.72645343811436,-0.9264534381143505,0.9264534381143505
0.0333174316185256,0.0337308605722177,-0.1538520307927088,-0.1528605542090055,0.0274836957205129,113.4,113.72487949971085,-0.3248794997108462,0.3248794997108462
-0.7291274833256239,-0.7125796488220627,-0.7157883016146266,-0.752057301709123,-0.744421244677341,91.1,90.62102156269808,0.4789784373019188,0.4789784373019188
-1.4090567148342592,-1.4093562748494657,-1.409944871453466,-1.410842676032457,-1.4056597992691413,70.1,70.04469152791954,0.05530847208045486,0.05530847208045486
0.3765826747102636,0.3738635263581064,0.3948622101275166,0.4264733176833735,0.4130222018827603,124.0,124.04221027075128,-0.042210270751283474,0.042210270751283474
-0.2670396560867456,-0.3130063229959213,-0.3158218970884382,-0.3779731444300441,-0.3685418993709855,103.4,104.77995786702576,-1.3799578670257517,1.3799578670257517
-0.554194234442334,-0.5309554098101804,-0.5075413306629748,-0.5335656700239975,-0.5282531672371539,95.8,95.86311737297338,-0.06311737297338027,0.06311737297338027
-0.1845239726512316,-0.200729520697667,-0.2067401503994773,-0.1429291164051362,-0.1535565763213143,107.6,107.08159766034763,0.5184023396523685,0.5184023396523685
-1.1516077825154556,-1.171593634688456,-1.1190602136162382,-1.093036666308638,-1.1194726619103368,78.2,77.8255570156415,0.37444298435850953,0.37444298435850953
1.115923198292469,1.133383071316887,1.1187683472451635,1.1547787566337928,1.1418748824657918,147.7,146.39642067297004,1.3035793270299507,1.3035793270299507
-0.7126243466385211,-0.7422999788421886,-0.748843376368857,-0.838129762675991,-0.7976846173969653,90.9,91.26685012158813,-0.36685012158812924,0.36685012158812924
-0.7522318746875676,-0.7422999788421886,-0.7818984511230875,-0.771920177316862,-0.7507686932397845,90.0,89.90861090741545,0.0913890925845493,0.0913890925845493
0.9871987321330672,0.9715723856517552,0.9567984809494344,1.025670065183491,1.0223772638772066,142.9,142.53398640586482,0.36601359413518253,0.36601359413518253
-0.2208308733628575,-0.2139385562621673,-0.2364897176782849,-0.172723429816744,-0.2236544865326321,106.4,105.97759352663596,0.4224064733640489,0.4224064733640489
-0.9172632415585956,-0.8644835578138187,-0.887674690336625,-0.9308231821787716,-0.9097308833252916,84.9,84.85829356218534,0.04170643781466765,0.04170643781466765
-0.966772651619904,-0.950342288983072,-0.9339517949925474,-0.8215773663362088,-0.8832371849777075,82.0,83.2976183356815,-1.2976183356815056,1.2976183356815056
0.6769397624155343,0.6413464965392419,0.642775270784245,0.6251020737607605,0.6663681923315383,133.3,133.23942916071533,0.06057083928467932,0.06057083928467932
1.5846122802061884,1.58579253940103,1.5947614237060823,1.60500393707587,1.5930956824480913,159.5,160.6236819124204,-1.123681912420409,1.123681912420409
-0.7225262286507828,-0.7290909432776883,-0.7257048240408956,-0.7090210712256892,-0.7375218440659915,89.8,90.83816918120286,-1.0381691812028606,1.0381691812028606
2.363560331837441,2.3552188610331863,2.345111620627113,2.320067458954463,2.344026444987442,185.3,184.2471116396008,1.0528883603992085,1.0528883603992085
-0.8644532041598667,-0.9272264767451964,-0.9240352725662784,-0.9473755785185538,-0.929325181061526,86.6,86.68414250254139,-0.08414250254139688,0.08414250254139688
1.601115416893291,1.6089083516389064,1.588150408755236,1.5619677065924369,1.59640739474154,160.8,161.13980184048697,-0.33980184048695605,0.33980184048695605
-0.6070042718410632,-0.5870938109593072,-0.5571239427943205,-0.5203237529521714,-0.5553776679263478,94.8,94.22779853329368,0.5722014667063178,0.5722014667063178
-0.7357287380004648,-0.6795570599108114,-0.6529836595815885,-0.6560534029383862,-0.6748752865149326,91.1,90.28230134621337,0.8176986537866213,0.8176986537866213
0.4623989854831984,0.463024516418485,0.4510558372097085,0.4066104420756349,0.4414477324015239,126.4,126.71054573218542,-0.3105457321854175,0.3105457321854175
0.554816550930974,0.5488832475877388,0.5568320764232461,0.5224772164541107,0.5493543579630397,129.2,129.49836444778708,-0.2983644477870939,0.2983644477870939
-0.8875575955218108,-0.894203887833945,-0.9339517949925474,-0.9374441407146844,-0.916630283936642,85.2,85.86869440471182,-0.6686944047118146,0.6686944047118146
1.0466100242066376,1.0244085279097572,1.0030755856053573,0.9760128761641442,0.9727015794754854,144.6,144.46383177787055,0.13616822212944157,0.13616822212944157
0.1224343697288808,0.1063805561769707,0.0973665373394424,0.0755625152799898,0.1028251503964573,116.7,116.4398843545377,0.2601156454623066,0.2601156454623066
0.5482152962561333,0.5323719531321132,0.5369990315707079,0.5390296127938929,0.5258963958844498,128.4,129.31656079979388,-0.9165607997938707,0.9165607997938707
1.6770298456539643,1.6551399761146584,1.654260558263697,1.6215563334156522,1.640839534678635,164.5,163.50801107337662,0.9919889266233781,0.9919889266233781
-0.0756032705163527,-0.1247775662017885,-0.1439355083664397,-0.1429291164051362,-0.1430694873920622,111.4,110.53183003799884,0.8681699620011614,0.8681699620011614
-0.2967453021235303,-0.3163085818870467,-0.3720155241706296,-0.3614207480902618,-0.3357007524609585,103.7,103.77292327737642,-0.07292327737641813,0.07292327737641813
1.0433093968692173,1.0277107868008832,1.0427416753104335,1.0058071895757523,1.0190655515837586,143.9,144.31070062189917,-0.4107006218991671,0.4107006218991671
0.023415549606264,0.0139173072254666,0.0114233429784434,0.0225948469926863,0.03686688055195,112.7,113.39454679788469,-0.6945467978846835,0.6945467978846835
1.2446476644518711,1.2522643913973917,1.2113225565570094,1.224298821260878,1.2365346588535155,149.2,150.34623457869193,-1.1462345786919457,1.1462345786919457
1.7232386283778525,1.7376964483927868,1.7402037526246967,1.7937012553493883,1.7730320503921035,164.2,164.75103877037293,-0.5510387703729407,0.5510387703729407
0.88487928467303,0.892318172264752,0.903910361342666,0.9329766456807108,0.9346168881008324,138.6,139.39914783807498,-0.7991478380749868,0.7991478380749868
0.8452717566239837,0.7998549233132487,0.7816065847520135,0.7575212444790186,0.774826769941963,138.3,138.40274402156075,-0.10274402156073847,0.10274402156073847
-1.0426870803805772,-1.0262942434789504,-1.0430335416815084,-0.9804803711981184,-0.9759651291942532,80.6,81.03517514047888,-0.43517514047888994,0.43517514047888994
-0.9469688875953808,-0.9008084056161948,-0.8810636753857789,-0.8944079102312508,-0.9031074587383954,83.9,83.9237942023849,-0.023794202384891605,0.023794202384891605
-0.5310898430803904,-0.5144441153545547,-0.537290897941782,-0.5170132736842151,-0.5087377197936204,94.1,96.56718153060635,-2.4671815306063536,2.4671815306063536
-1.0261839436934743,-0.999876172349949,-0.960395854795932,-0.963927974858336,-0.993075642710402,81.2,81.56017067899626,-0.3601706789962549,0.3601706789962549
1.261150801138974,1.2687756858530173,1.2410721238358162,1.2342302590647478,1.2362586828290618,150.8,150.86393336247085,-0.06393336247083425,0.06393336247083425
-0.0491982518169883,-0.0422210939236602,-0.041464776628325,0.006042450652904,-0.0260556530235635,111.0,111.15161813185324,-0.15161813185324036,0.15161813185324036
2.073105126144432,2.0877358908520507,2.04761594783904,2.041987200446122,2.0614269959465403,177.1,175.41391447358862,1.6860855264113752,1.6860855264113752
-1.2935347580245395,-1.3267998025713372,-1.3570567518466976,-1.2883549431180683,-1.3159675913215894,74.5,73.59449745016286,0.9055025498371378,0.9055025498371378
1.8948712499237208,1.8598800273644165,1.8724240516416184,1.955914739479253,1.928682528184164,170.4,170.02310239913504,0.3768976008649645,0.3768976008649645
1.234745782439609,1.229148579159516,1.2476831387866627,1.2938188858879631,1.260268596956561,149.4,150.01992994881905,-0.6199299488190491,0.6199299488190491
0.4392945941212544,0.4564199986362346,0.4246117774063242,0.4562676310949817,0.4019831609046007,124.6,125.97779673891947,-1.3777967389194714,1.3777967389194714
-0.540991725092652,-0.5606757398303063,-0.5736514801714357,-0.5269447114880844,-0.5603452363665191,96.8,96.34805318635267,0.45194681364732503,0.45194681364732503
-0.7621337566998296,-0.745602237733314,-0.7190938090900495,-0.752057301709123,-0.7165476662074873,89.9,89.5666486940503,0.3333513059497051,0.3333513059497051
-0.9469688875953808,-0.9272264767451964,-0.960395854795932,-0.9275127029108152,-0.9362245816728766,86.3,83.9846368876153,2.315363112384702,2.315363112384702
-0.4518747869822967,-0.4946305620078036,-0.5538184353188972,-0.573291421239475,-0.5470983871927276,98.5,99.17099784011972,-0.6709978401197247,0.6709978401197247
0.2775638545876468,0.2714935007332274,0.2659474185860181,0.2576388750175946,0.2341897380365639,120.3,121.13357031726328,-0.8335703172632805,0.8335703172632805
-1.224221583938708,-1.2343365536198336,-1.2843355873873905,-1.3479435699412845,-1.290025845022913,76.0,75.73752811732854,0.2624718826714627,0.2624718826714627
-0.5508936071049135,-0.577187034285932,-0.5472074203680515,-0.5799123797753879,-0.5686245171001407,96.3,96.07663760965137,0.22336239034862615,0.22336239034862615
-0.8842569681843899,-0.8875993700516946,-0.900896720238317,-0.8679240760875988,-0.8931723218580512,86.2,85.93126710858428,0.26873289141572343,0.26873289141572343
0.6340316070290677,0.6149284254102415,0.5964981661283222,0.57875536400937,0.6078612751472885,132.2,131.93133409028013,0.26866590971985715,0.26866590971985715
-0.7852381480617732,-0.7621135321889397,-0.7455378688934342,-0.7388153846372975,-0.7375218440659915,88.9,88.84421915475176,0.055780845248250444,0.055780845248250444
2.323952803788394,2.3486143432509365,2.35172263557796,2.316756979686507,2.338230948473909,183.0,182.97103749539485,0.028962504605146933,0.028962504605146933
-0.2043277366757547,-0.177613708459791,-0.1968236279732083,-0.1958967846924393,-0.2104076373588387,106.3,106.46886444275675,-0.16886444275675672,0.16886444275675672
0.88487928467303,0.8427842888978749,0.8080506445553973,0.7972469956944956,0.8087718209498059,139.2,139.59895080567804,-0.3989508056780551,0.3989508056780551
1.8453618398624128,1.8631822862555412,1.8492854993136567,1.7937012553493883,1.8323668956497157,168.4,168.53071441533825,-0.13071441533824668,0.13071441533824668
0.6703385077406936,0.6710668265593683,0.6824413604893221,0.6515859079044125,0.6685760005271711,133.0,132.97918544692476,0.020814553075240383,0.020814553075240383
-0.9799751609695864,-0.9800626190031984,-1.0099784669272778,-1.0102746846097266,-1.040543518916491,83.2,83.08549854761952,0.11450145238048037,0.11450145238048037
2.106111399518637,2.058015560831924,2.1104205898720774,2.1115072650732074,2.0904044785142117,177.1,176.49722701160812,0.6027729883918767,0.6027729883918767
-0.8842569681843899,-0.89750614672507,-0.8810636753857789,-0.90433934803512,-0.8572954386790306,85.6,85.93075768628604,-0.3307576862860486,0.3307576862860486
-0.5739979984668576,-0.6003028465238079,-0.5835680025977048,-0.5898438175792572,-0.619404105599677,95.9,95.39374161200493,0.506258387995075,0.506258387995075
-0.801741284748876,-0.795136121100191,-0.7752874361722413,-0.758678260245036,-0.7789182477340929,89.1,88.38718687508937,0.7128131249106247,0.7128131249106247
-1.1813134285522404,-1.1881049291440815,-1.188475870600122,-1.0864157077727248,-1.1200246139592442,76.7,76.86539509608602,-0.16539509608601577,0.16539509608601577
1.1258250803047312,1.1036627412967606,1.112157332294318,1.168020673705619,1.1518100193461354,146.3,146.74740432698067,-0.44740432698066,0.44740432698066
-0.6433111725526891,-0.6366276943261843,-0.6562891670570119,-0.692468674885907,-0.657488796974329,93.7,93.23452737515822,0.4654726248417802,0.4654726248417802
-0.871054458834708,-0.8644835578138187,-0.877758167910356,-0.9275127029108152,-0.8915164657113277,86.7,86.35167065198101,0.34832934801899285,0.34832934801899285
2.554996717407833,2.5599589122829443,2.576497143906727,2.644494427214196,2.6064796442432034,190.9,189.92714941578703,0.9728505842129778,0.9728505842129778
-1.197816565239343,-1.204616223599707,-1.2182254378789297,-1.2420082333666782,-1.2232396471050428,76.0,76.48002723512832,-0.48002723512831835,0.48002723512831835
-0.6499124272275304,-0.6300231765439344,-0.5670404652205895,-0.5302551907560411,-0.5746959896381285,93.2,92.90516117672075,0.2948388232792496,0.2948388232792496
0.2907663639373292,0.2582844651687266,0.2262813288809414,0.2907436676971591,0.2681347890444069,120.7,121.53709247215612,-0.8370924721561153,0.8370924721561153
-1.141705900503194,-1.128664269103829,-1.1521152883704686,-1.1029681041125072,-1.145966360257921,77.8,78.1078350728561,-0.30783507285610767,0.30783507285610767
2.158921436917366,2.153781068674553,2.209585814134769,2.263789311399204,2.2355678673770183,178.5,177.93522167134302,0.5647783286569847,0.5647783286569847
0.7000441537774789,0.7503210399463718,0.7287184651452441,0.6681383042441947,0.653949271231108,135.2,133.8526072468973,1.347392753102696,1.347392753102696
0.1026306057043572,0.1327986273059717,0.1866152391758648,0.1881188103905088,0.1662996360208785,116.4,115.6839891531286,0.7160108468713986,0.7160108468713986
0.0069124129191612,-0.002593987230159,0.0180343579292896,0.0159738884567733,0.0252758875248819,113.1,112.89202596815187,0.20797403184812424,0.20797403184812424
1.0433093968692173,1.031013045692008,0.9766315258019724,1.068706295666925,1.0458352259557977,144.6,144.25200005676797,0.34799994323202554,0.34799994323202554
-0.4947829423687639,-0.4682124908788026,-0.4910137932858596,-0.5170132736842151,-0.504874055451264,99.1,97.69222018953444,1.4077798104655557,1.4077798104655557
-0.2142296186880163,-0.2238453329355426,-0.256322762530823,-0.3084530798029588,-0.2755379791299848,107.9,106.28985222548317,1.6101477745168324,1.6101477745168324
-0.6169061538533248,-0.6267209176528089,-0.6529836595815885,-0.5931542968472134,-0.5901506470075525,94.5,93.99525369728983,0.5047463027101742,0.5047463027101742
0.6637372530658529,0.690880379906119,0.685746867964745,0.6284125530287168,0.6528453671332921,133.4,132.75713798777952,0.6428620122204904,0.6428620122204904
-0.1977264820009135,-0.2139385562621673,-0.2265731952520159,-0.1594815127449185,-0.1988166443317716,106.9,106.70844758968752,0.19155241031248238,0.19155241031248238
0.0564218229804696,0.0469398961367179,0.0345618953064049,0.0821834738159023,0.0583930104593627,114.1,114.39247510669736,-0.292475106697367,0.292475106697367
-1.1714115465399788,-1.1616868580150803,-1.0727831089603157,-1.016895643145639,-1.0543423201391913,76.8,77.09548020721328,-0.2954802072132878,0.2954802072132878
0.1158331150540396,0.1096828150680956,0.1006720448148658,0.092114911619772,0.0890263491737573,116.2,116.2265220345649,-0.026522034564891328,0.026522034564891328
0.601025333654862,0.6083239076279906,0.622942225931707,0.5423400920618493,0.5816435528241591,130.1,130.90168509262645,-0.8016850926264567,0.8016850926264567
0.7132466631271612,0.7073916743617447,0.7188019427189755,0.6681383042441947,0.6647123361848148,133.2,134.33274328334545,-1.1327432833454623,1.1327432833454623
-0.9403676329205396,-0.9404355123096966,-0.9438683174188168,-0.910960306571033,-0.9097308833252916,84.0,84.19422332642945,-0.1942233264294515,0.1942233264294515
-0.76543438403725,-0.7852293444268152,-0.7620654062705494,-0.778541135852775,-0.7794701997830005,90.8,89.56717430761958,1.2328256923804162,1.2328256923804162
-0.0524988791544092,-0.0620346472704113,-0.0646033289562864,-0.0700985725100942,-0.0693838888628417,110.8,111.12779761431376,-0.3277976143137664,0.3277976143137664
0.6406328617039084,0.6710668265593683,0.685746867964745,0.711174534727628,0.6818228497009627,131.8,131.98039735467523,-0.18039735467522178,0.18039735467522178
2.380063468524544,2.3585211199243115,2.4740264121686124,2.4955228601561554,2.445309645962064,185.1,184.6637316241874,0.43626837581260247,0.43626837581260247
1.782649920451422,1.7872303317596638,1.826146946985696,1.8863946748521685,1.8464416728968704,166.5,166.54510342626557,-0.045103426265569624,0.045103426265569624
0.1224343697288808,0.116287332850346,0.1039775522902886,0.1119777872275105,0.118003831741428,116.8,116.40295313668778,0.3970468633122124,0.3970468633122124
-0.7324281106630444,-0.7588112732978143,-0.6893442418112423,-0.6957791541538637,-0.705784601253781,90.4,90.53262188304186,-0.13262188304184974,0.13262188304184974
-0.151517699277026,-0.1412888606574142,-0.1174914485630554,-0.1296871993333102,-0.1312025183405399,108.7,108.0685798452356,0.6314201547643989,0.6314201547643989
0.11913374239146,0.142705403979347,0.1800042242250186,0.1781873725866396,0.1718191565099592,116.4,116.20608399848852,0.19391600151148225,0.19391600151148225
1.12252445296731,1.1234762946435113,1.1055463173434714,1.0852586920067075,1.1131733759225748,146.3,146.66939144903782,-0.3693914490378063,0.3693914490378063
-0.128413307915082,-0.0851504595082873,-0.084436373808825,-0.0568566554382682,-0.0588967999335905,109.6,108.66670620092216,0.9332937990778305,0.9332937990778305
-0.4650772963319792,-0.4682124908788026,-0.44804219610536,-0.4243198541814346,-0.4113181831613557,98.7,98.56202237072425,0.13797762927575263,0.13797762927575263
-0.8050419120862968,-0.798438379991316,-0.8083425109264718,-0.8149564078002958,-0.8089996343995796,88.5,88.32119841932283,0.1788015806771739,0.1788015806771739
-0.0624007611666707,-0.0719414239437866,-0.084436373808825,-0.0833404895819202,-0.0762832894741931,111.2,110.82500303698387,0.3749969630161303,0.3749969630161303
-1.2341234659509697,-1.221127518055333,-1.2182254378789297,-1.2386977540987214,-1.2174441505915088,75.8,75.31262231132659,0.4873776886734049,0.4873776886734049
0.00031115824432,-0.0091985050124089,-0.0017986869232488,-0.0403042590984859,-0.0351628618305455,112.5,112.75035691805772,-0.25035691805771876,0.25035691805771876
0.0432193136307872,0.0106150483343416,0.0015068205521744,0.0027319713849477,0.0139608705222676,114.7,114.06886836242789,0.6311316375721105,0.6311316375721105
-0.0458976244795679,-0.0257097994680345,-0.0381592691529022,-0.0899614481178327,-0.0680040087405729,111.4,111.30236717189491,0.09763282810509111,0.09763282810509111
0.627430352354226,0.6479510143214928,0.5237770016690155,0.5688239262055013,0.570328535821544,132.4,131.6910607633752,0.7089392366248148,0.7089392366248148
-1.23742409328839,-1.2640568836399595,-1.2182254378789297,-1.198972002883244,-1.203369373344355,75.7,75.24051693947158,0.45948306052842725,0.45948306052842725
0.1356368790785628,0.0964737795035949,0.0345618953064049,-0.0601671347062249,-0.0235718688034774,117.0,117.02139732323054,-0.021397323230544885,0.021397323230544885
-0.0491982518169883,-0.0488256117059106,0.0180343579292896,-0.0270623420266604,-0.03405895773273,111.6,111.18867593913701,0.4113240608629809,0.4113240608629809
-0.1251126805776611,-0.1247775662017885,-0.1241024635139012,-0.1594815127449185,-0.1488649839055957,108.5,108.9300551008898,-0.4300551008898026,0.4300551008898026
-0.5145867063932876,-0.5408621864835557,-0.5934845250239738,-0.619638130990865,-0.5857350306162882,96.7,97.22920766417533,-0.5292076641753312,0.5292076641753312
-0.5938017624913807,-0.5903960698504327,-0.619928584827358,-0.619638130990865,-0.6064332324503386,97.0,94.72617462748175,2.273825372518246,2.273825372518246
0.0267161769436844,0.0370331194633426,0.0312563878309815,0.0159738884567733,0.0043017096663777,113.7,113.50245791682927,0.19754208317073108,0.19754208317073108
0.7462529365013668,0.7701345932931224,0.7452460025223593,0.6880011798519333,0.7003132433393813,135.4,135.2909017196189,0.10909828038111868,0.10909828038111868
-1.0096808070063716,-1.0097829490233248,-1.026506004304393,-1.056621394361117,-1.0308843580606009,82.6,82.16182050781555,0.43817949218444596,0.43817949218444596
0.2676619725753852,0.264888982950977,0.2295868363563643,0.2477074372137249,0.258475628188517,120.4,120.79642613830906,-0.39642613830905304,0.39642613830905304
0.5119083955445064,0.5389764709143631,0.5171659867181698,0.5026143408463718,0.4878117045097962,127.4,128.1623377825736,-0.7623377825735815,0.7623377825735815
-0.8446494401353436,-0.8611812989226937,-0.877758167910356,-0.8679240760875988,-0.8697143597794608,86.5,87.17141752526814,-0.67141752526814,0.67141752526814
-0.3891628675713059,-0.3922605363829247,-0.3951540764985911,-0.4044569785736956,-0.4096623270146318,100.8,100.93444449021061,-0.1344444902106119,0.1344444902106119
0.5482152962561333,0.542278729805488,0.5832761362266308,0.5953077603491523,0.5899228335577794,129.7,129.23995775956598,0.46004224043400654,0.46004224043400654
0.096029351029516,0.0832647439390947,0.064311462585212,0.085493953083859,0.078815236268958,115.9,115.62139062031794,0.27860937968206656,0.27860937968206656
1.1522300990040952,1.1564988835547625,1.1650454519010869,1.2044359456531395,1.2034175359190349,148.6,147.4901716714579,1.1098283285421076,1.1098283285421076
2.152320182242525,2.137269774218928,2.1566976945280003,2.131370140680946,2.1439438272582887,177.6,177.85179925549994,-0.25179925549994664,0.25179925549994664
-1.1285033911535116,-1.1352687868860796,-1.1521152883704686,-1.1857300858114184,-1.179083483192402,78.5,78.60183419977173,-0.10183419977173003,0.10183419977173003
0.5383134142438712,0.5356742120232381,0.5237770016690155,0.5026143408463718,0.5212048034687312,128.3,129.0021208351526,-0.7021208351525843,0.7021208351525843
0.1455387610908244,0.165821216217223,0.1899207466512881,0.1583244969789011,0.1693353722898731,115.5,117.04553522477272,-1.5455352247727205,1.5455352247727205
0.6043259609922824,0.6017193898457407,0.6791358530138983,0.711174534727628,0.6749234490896132,132.1,130.89721050940884,1.202789490591158,1.202789490591158
-0.9172632415585956,-0.9041106645073204,-0.9240352725662784,-0.9275127029108152,-0.916630283936642,86.3,84.91185540331143,1.3881445966885622,1.3881445966885622
-0.5178873337307079,-0.4384921608586762,-0.4249036437773986,-0.4375617712532601,-0.4237371042617874,96.2,96.81599963427163,-0.6159996342716312,0.6159996342716312
-0.7258268559882032,-0.7588112732978143,-0.7124827941392037,-0.778541135852775,-0.7557362616799563,90.9,90.81178897006383,0.08821102993617558,0.08821102993617558
-1.2770316213374369,-1.2739636603133353,-1.3140851546661978,-1.410842676032457,-1.3504645943783398,73.8,74.1346726066516,-0.33467260665160836,0.33467260665160836
-0.8644532041598667,-0.8578790400315682,-0.9438683174188168,-0.9473755785185538,-0.915526379838826,87.3,86.57231037588434,0.727689624115655,0.727689624115655
1.0994200616053664,1.0706401523855094,1.112157332294318,1.0885691712746637,1.091923222039616,146.5,146.00702493410594,0.4929750658940577,0.4929750658940577
1.792551802463684,1.7509054839572866,1.697232155444197,1.7010078358466072,1.7261161262349236,167.0,167.0551040980702,-0.055104098070188456,0.055104098070188456
0.7132466631271612,0.7206007099262454,0.7320239726206679,0.7442793274071926,0.7298426779559595,135.8,134.23834963074597,1.561650369254039,1.561650369254039
-0.9238644962334368,-0.8743903344871939,-0.8447030931561256,-0.8778555138914685,-0.871094239901731,85.1,84.61542822460532,0.4845717753946701,0.4845717753946701
-0.5376910977552312,-0.5309554098101804,-0.4943193007612824,-0.5103923151483022,-0.5393710585080154,96.1,96.40564226505967,-0.3056422650596744,0.3056422650596744
-0.9139626142211752,-0.943737771200822,-0.8513141081069713,-0.8149564078002958,-0.8564675106056688,85.1,85.00192865972168,0.09807134027830955,0.09807134027830955
-0.5905011351539604,-0.6168141409794337,-0.6529836595815885,-0.6825372370820377,-0.657488796974329,94.6,94.92732428806026,-0.32732428806026803,0.32732428806026803
-1.224221583938708,-1.207918482490833,-1.2116144229280834,-1.2155243992230262,-1.2008855891242685,75.7,75.59728477058613,0.10271522941387445,0.10271522941387445
-0.0359957424673064,-0.0422210939236602,-0.0282427467266331,-0.0138204249548344,-0.0357148138794534,110.7,111.5991100692808,-0.8991100692807947,0.8991100692807947
1.8453618398624128,1.8334619562354149,1.7963973797068882,1.7738383797416488,1.7730320503921035,168.3,168.61823420011655,-0.31823420011653525,0.31823420011653525
-1.4090567148342592,-1.4093562748494657,-1.409944871453466,-1.410842676032457,-1.3871694056307229,70.0,70.02943268359417,-0.029432683594166065,0.029432683594166065
1.0697144155685812,1.0673378934943845,1.0791022575400877,1.118363484686272,1.0952349343330647,145.8,145.02419835181792,0.775801648182096,0.775801648182096
-0.8479500674727639,-0.8446700044670681,-0.8281755557790104,-0.9010288687671634,-0.8702663118283688,86.7,87.06056416022382,-0.36056416022381654,0.36056416022381654
-1.220920956601287,-1.2277320358375834,-1.2446694976823138,-1.2188348784909828,-1.2174441505915088,75.5,75.74153801045831,-0.24153801045831358,0.24153801045831358
-0.8380481854605024,-0.8083451566646913,-0.7455378688934342,-0.7454363431732105,-0.7620837102423983,87.7,87.20813559676299,0.49186440323701675,0.49186440323701675
-0.0029894690931008,0.0139173072254666,0.0444784177326739,0.0093529299208607,0.002921829544107,113.3,112.57113882433202,0.7288611756679728,0.7288611756679728
-0.6598143092397919,-0.6630457654551857,-0.6827332268603962,-0.6163276517229087,-0.6263035062110274,92.5,92.67802477322427,-0.1780247732242657,0.1780247732242657
1.0202050055072729,1.0244085279097572,1.0526581977367029,1.1779521115094875,1.1476703789793254,143.3,143.40163023776006,-0.1016302377600482,0.1016302377600482
-1.0162820616812125,-1.0328987612612002,-1.019894989353547,-0.9804803711981184,-1.0096342041776418,80.7,81.93784798611173,-1.2378479861117313,1.2378479861117313
-1.3298416587361654,-1.3334043203535877,-1.409944871453466,-1.3810483626208487,-1.3819258611660967,73.3,72.49400453202321,0.8059954679767856,0.8059954679767856
-0.0095907237679415,-0.0125007639035343,-0.031548254202056,-0.0568566554382682,-0.0249517489257476,112.6,112.42351819979882,0.17648180020117366,0.17648180020117366
-0.3924634949087268,-0.4583057142054273,-0.44804219610536,-0.4739770432007814,-0.4725848605901458,100.5,100.9839995528906,-0.4839995528905945,0.4839995528905945
-0.2604384014119044,-0.2568679218467939,-0.2794613148587844,-0.3448683517504796,-0.3050674137465639,105.6,104.86028706514493,0.7397129348550635,0.7397129348550635
0.673639135078114,0.6644623087771184,0.6394697633088222,0.5886868018132397,0.6133807956363693,134.0,133.15429864564956,0.8457013543504388,0.8457013543504388
-0.7192256013133619,-0.7323932021688133,-0.7455378688934342,-0.7421258639052537,-0.7720188471227429,91.6,90.98609286125236,0.6139071387476349,0.6139071387476349
-0.8842569681843899,-0.9074129233984451,-0.9174242576154322,-0.8679240760875988,-0.8813053528065284,85.4,85.94623475026815,-0.5462347502681411,0.5462347502681411
0.4656996128206188,0.489442587547486,0.4312227923571703,0.3966790042717652,0.4050188971735943,128.3,126.81105828242931,1.4889417175706967,1.4889417175706967
-0.5938017624913807,-0.5903960698504327,-0.5802624951222819,-0.5534285456317359,-0.5884947908608286,95.0,94.69707882679216,0.3029211732078352,0.3029211732078352
-0.0657013885040911,-0.0620346472704113,-0.0745198513825555,-0.1429291164051362,-0.1151959089222065,113.0,110.75653130891341,2.2434686910865906,2.2434686910865906
-1.1945159379019228,-1.2310342947287083,-1.2149199304035063,-1.225455837026896,-1.2160642704692386,76.4,76.61397789454888,-0.21397789454887572,0.21397789454887572
0.5581171782683944,0.5521855064788638,0.6097201960300146,0.7244164517994541,0.6547771993044702,129.0,129.45877085541733,-0.45877085541732754,0.45877085541732754
-1.3859523234723152,-1.3301020614624623,-1.3405292144695824,-1.2684920675103295,-1.3029967181722506,70.3,70.56951193952399,-0.2695119395239942,0.2695119395239942
-0.1812233453138107,-0.2172408151532927,-0.2397952251537078,-0.2952111627311328,-0.2705704106898139,106.2,107.3521276402697,-1.152127640269697,1.152127640269697
-0.0095907237679415,-0.0091985050124089,-0.0282427467266331,-0.0601671347062249,-0.040406406295171,112.7,112.43330936006608,0.26669063993392683,0.26669063993392683
-0.1845239726512316,-0.1941250029154166,-0.1902126130223621,-0.2025177432283522,-0.1767385623754509,109.3,107.1136269896076,2.1863730103924013,2.1863730103924013
-0.8248456761108199,-0.847972263358193,-0.8281755557790104,-0.7851620943886876,-0.8021002337882291,87.4,87.72545628390193,-0.3254562839019286,0.3254562839019286
-0.0491982518169883,-0.0587323883792859,-0.0679088364317098,-0.0899614481178327,-0.0917379468436166,110.9,111.25513592694936,-0.3551359269493588,0.3551359269493588
0.6076265883297027,0.5984171309546158,0.5964981661283222,0.5588924884016315,0.5733642720905381,130.6,131.1277272644434,-0.5277272644433992,0.5277272644433992
0.188446916477292,0.165821216217223,0.1568656718970577,0.1715664140507266,0.1789945331457639,118.8,118.4274543853122,0.37254561468779457,0.37254561468779457
-0.8479500674727639,-0.8281587100114424,-0.8413975856807022,-0.765299218780949,-0.7880254565410754,87.0,86.92354548657246,0.07645451342753518,0.07645451342753518
1.168733235691198,1.1531966246636376,1.1518234219993944,1.1911940285813136,1.1962421592832306,148.0,148.04109834557016,-0.041098345570162564,0.041098345570162564
-0.8875575955218108,-0.9041106645073204,-0.9703123772222012,-1.0036537260738136,-0.9961113789793956,86.4,85.96301016632987,0.43698983367013966,0.43698983367013966
-0.930465750908278,-0.943737771200822,-0.8942857052874712,-0.9175812651069456,-0.8964840341514996,84.6,84.5219194933443,0.0780805066556951,0.0780805066556951
1.6506248269545996,1.6518377172235326,1.6443440358374284,1.6381087297554344,1.6529824797546109,163.4,162.63396220556115,0.7660377944388586,0.7660377944388586
-1.349645422760689,-1.3532178737003382,-1.330612692043313,-1.3280806943335457,-1.3228669919329394,72.3,71.823808414942,0.47619158505800385,0.47619158505800385
-0.7324281106630444,-0.7489044966244389,-0.7091772866637804,-0.7255734675654715,-0.7140638819874011,90.1,90.53168733963739,-0.43168733963739214,0.43168733963739214
-1.1053989997915676,-1.0659213501724516,-1.1157547061408148,-1.043379477289291,-1.0502026797723811,79.7,79.11300051190032,0.5869994880996785,0.5869994880996785
0.3963864387347872,0.4333041863983586,0.4841109119639389,0.466199068898851,0.47152911906701,124.4,124.5600500514483,-0.16005005144829454,0.16005005144829454
-0.1581189539518667,-0.1412888606574142,-0.1836015980715164,-0.1958967846924393,-0.1662514734461983,108.2,107.89171589289401,0.3082841071059903,0.3082841071059903
0.0531211956430488,0.0634511905923436,0.1436436419953653,0.1252197042993365,0.1075167428121759,115.7,114.22665481522783,1.473345184772171,1.473345184772171
0.188446916477292,0.2153550995841,0.1965317616021338,0.1748768933186833,0.1908615021972858,119.5,118.35440004655948,1.1455999534405237,1.1455999534405237
-0.8149437940985583,-0.8314609689025673,-0.8513141081069713,-0.8613031175516863,-0.8641948392903805,88.7,88.09712740151585,0.6028725984841543,0.6028725984841543
1.875067485899198,1.932529722969169,1.8988681114450023,1.816874610225083,1.843957888676784,169.2,169.3948005587987,-0.19480055879870406,0.19480055879870406
-0.7126243466385211,-0.7654157910800646,-0.7455378688934342,-0.7619887395129927,-0.7535284534843244,91.8,91.23877624164855,0.5612237583514457,0.5612237583514457
-0.8479500674727639,-0.847972263358193,-0.8347865707298561,-0.7818516151207313,-0.7963047372746955,87.7,86.96457653444817,0.7354234655518326,0.7354234655518326
1.030106887519535,1.034315304583133,0.9733260183265496,0.9693919176282316,1.0011271099942476,143.9,143.88491242372322,0.01508757627678392,0.01508757627678392
-0.2868434201112688,-0.3130063229959213,-0.3356549419409763,-0.3912150615018701,-0.3580548104417329,105.2,104.12588702681747,1.0741129731825367,1.0741129731825367
-0.4848810603565023,-0.547466704265806,-0.6232340923027814,-0.6759162785461247,-0.6354107150180093,97.6,98.26153048766966,-0.6615304876696655,0.6615304876696655
1.3040589565254408,1.3084027925465194,1.2080170490815856,1.1647101944376623,1.2036935119434886,152.4,152.25197413285204,0.14802586714796462,0.14802586714796462
2.188627082954151,2.173594622021304,2.1963637842330765,2.250547394327378,2.2700648704337687,178.9,178.85022613988076,0.04977386011924523,0.04977386011924523
-0.6928205826139976,-0.699370613257562,-0.6430671371553195,-0.5997752553831265,-0.6486575641918019,93.3,91.67200869947817,1.6279913005218276,1.6279913005218276
0.2643613452379648,0.2582844651687266,0.2196703139300952,0.3404008567165059,0.3396125793779955,120.5,120.59938441962392,-0.09938441962391664,0.09938441962391664
-1.2110190745890257,-1.207918482490833,-1.1950868855509682,-1.1923510443473313,-1.2011615651487226,77.0,76.02375513386332,0.9762448661366818,0.9762448661366818
0.142238133753404,0.1327986273059717,0.1667821943233267,0.1781873725866396,0.1718191565099592,116.1,116.97144217382,-0.8714421738200002,0.8714421738200002
-0.6070042718410632,-0.6069073643060583,-0.5802624951222819,-0.705710591957733,-0.6671479578302199,94.8,94.40334766565637,0.3966523343436279,0.3966523343436279
-0.0128913511053623,0.0139173072254666,-0.0282427467266331,-0.0535461761703119,-0.048961663053245,113.9,112.29823378981523,1.6017662101847776,1.6017662101847776
-0.0789038978537736,-0.0851504595082873,-0.1042694186613631,-0.0171309042227911,-0.0522733753466938,110.9,110.26033225611125,0.6396677438887508,0.6396677438887508
-0.4386722776326143,-0.4285853841853009,-0.4943193007612824,-0.4905294395405636,-0.4855557337394841,99.9,99.44257024071725,0.45742975928276053,0.45742975928276053
0.0036117855817404,-0.0091985050124089,0.0147288504538663,0.0027319713849477,0.0106491582288188,112.8,112.80931308196229,-0.00931308196228997,0.00931308196228997
-0.0822045251911939,-0.0422210939236602,-0.0513812990545945,-0.0700985725100942,-0.0746274333274682,110.5,110.13753212356922,0.3624678764307845,0.3624678764307845
-0.0591001338292499,-0.0818482006171619,-0.0480757915791712,-0.0667880932421379,-0.0776631695964619,109.1,110.94880114175992,-1.848801141759921,1.848801141759921
-0.1581189539518667,-0.1247775662017885,-0.1439355083664397,-0.1296871993333102,-0.1364460628051655,108.3,107.82974949848654,0.4702505015134619,0.4702505015134619
-0.4584760416571379,-0.4318876430764263,-0.4546532110562057,-0.5004608773444329,-0.4841758536172135,100.8,98.81012092691104,1.9898790730889573,1.9898790730889573
-0.0624007611666707,-0.0818482006171619,-0.0976584037105169,-0.119755761529441,-0.1174037171178389,110.8,110.88216918825196,-0.08216918825196728,0.08216918825196728
0.1455387610908244,0.1361008861970966,0.1337271195690962,0.1252197042993365,0.1232473762060536,117.1,117.125802887233,-0.025802887232998728,0.025802887232998728
0.0861274690172544,0.0502421550278433,0.0378674027818277,0.1119777872275105,0.0870945170025796,115.1,115.32440751699721,-0.22440751699721773,0.22440751699721773
1.12252445296731,1.130080812425762,1.1749619743273552,1.224298821260878,1.1727841972046409,146.6,146.57849028772398,0.02150971227601417,0.02150971227601417
0.1125324877166187,0.0997760383947203,0.0808389999623272,-0.1528605542090055,0.0948218456872914,116.3,116.20329562452791,0.09670437547208621,0.09670437547208621
-0.5277892157429696,-0.5540712220480559,-0.5670404652205895,-0.5898438175792572,-0.5854590545918349,96.8,96.81175952438036,-0.011759524380366315,0.011759524380366315
-0.3495553395222596,-0.3427266530160476,-0.3422659568918225,-0.318384517606828,-0.3506034577814749,101.5,102.09045622322486,-0.5904562232248622,0.5904562232248622
0.518509650219348,0.5554877653699887,0.5667485988495156,0.5158562579181972,0.5159612590041052,126.2,128.33594957895212,-2.135949578952122,2.135949578952122
1.1852363723783008,1.1697079191192632,1.178267481802779,1.144847318829923,1.1620211322509335,149.1,148.6043540003808,0.49564599961919953,0.49564599961919953
-0.811643166761138,-0.8347632277936923,-0.8347865707298561,-0.8281983248721217,-0.868886431706099,88.1,88.2055757925209,-0.10557579252090932,0.10557579252090932
-0.5310898430803904,-0.52435089202793,-0.5108468381383977,-0.4839084810046506,-0.5581374281708867,96.9,96.61582103453391,0.2841789654660971,0.2841789654660971
-0.3495553395222596,-0.3328198763426723,-0.3455714643672453,-0.325005476142741,-0.3357007524609585,101.6,102.06585803190885,-0.46585803190885144,0.46585803190885144
-0.5673967437920163,-0.5639779987214317,-0.6133175698765123,-0.5898438175792572,-0.5691764691490478,95.5,95.51163088452563,-0.011630884525629881,0.011630884525629881
1.0367081421943756,1.09045370573226,1.072491242589241,1.0985006090785334,1.0750886845479215,143.6,143.93680170569854,-0.33680170569854795,0.33680170569854795
-0.4452735323074555,-0.4219808664030506,-0.4182926288265525,-0.3978360200377831,-0.3991752380853806,100.4,99.13029432639344,1.2697056736065662,1.2697056736065662
1.0235056328446932,0.9979904567807568,1.0096866005562029,1.0620853371310115,1.0577021950073202,143.7,143.65019664151606,0.049803358483927695,0.049803358483927695
-0.9139626142211752,-0.950342288983072,-0.9207297650908556,-0.9407546199826408,-0.9502993589200304,84.3,85.11680398447216,-0.8168039844721591,0.8168039844721591
-1.049288335055418,-1.0395032790434506,-1.013283974402701,-1.0301375602174652,-1.009358228153188,80.8,80.88708266320663,-0.08708266320662972,0.08708266320662972
-0.742329992675306,-0.7555090144066894,-0.7885094660739337,-0.7553677809770798,-0.7676032307314786,90.1,90.25754159858923,-0.15754159858923344,0.15754159858923344
-0.6202067811907451,-0.6135118820883086,-0.590179017548551,-0.6130171724549525,-0.6006377359368046,94.3,93.89529454417651,0.40470545582348905,0.40470545582348905
-0.2208308733628575,-0.2370543685000433,-0.2034346429240545,-0.179344388352657,-0.1902613875736967,106.9,105.9903431849921,0.9096568150079065,0.9096568150079065
0.9706955954459644,0.9748746445428802,0.966715003375704,0.9031823322691026,0.9293733436362064,142.9,142.10887166419678,0.7911283358032222,0.7911283358032222
1.4789922054087308,1.483422513776151,1.5088182293450836,1.4924476419653503,1.48408515278876,156.8,157.4315284716635,-0.6315284716635006,0.6315284716635006
1.132426334979572,1.1664056602281383,1.1848784967536248,1.1746416322415312,1.1835472621583465,146.6,146.85967669453234,-0.2596766945323452,0.2596766945323452
0.8419711292865624,0.8956204311558777,0.8939938389163963,0.8204203505701914,0.8377493035174767,137.9,138.1089514033369,-0.2089514033368971,0.2089514033368971
-0.0260938604550443,-0.0323143172502849,-0.041464776628325,-0.0502356969023557,-0.0205361325344842,113.0,111.90520516273376,1.0947948372662353,1.0947948372662353
1.1192238256298896,1.133383071316887,1.178267481802779,1.1911940285813136,1.1771998135959043,146.0,146.4737886329432,-0.4737886329432115,0.4737886329432115
0.5878228243051796,0.5753013187167393,0.6626083156367831,0.631723032296673,0.6114489634651911,130.8,130.47071008451263,0.3292899154873794,0.3292899154873794
-0.0789038978537736,-0.0587323883792859,-0.0877418812842479,-0.1528605542090055,-0.135894110756257,108.6,110.33907437760337,-1.739074377603373,1.739074377603373
0.3732820473728432,0.3804680441403567,0.3287520606190557,0.3006751055010284,0.3070474084924232,125.0,124.04153680057814,0.9584631994218569,0.9584631994218569
1.6110172989055531,1.6155128694211562,1.6245109909848905,1.60500393707587,1.614897788379959,163.0,161.4309804935358,1.5690195064642012,1.5690195064642012
1.792551802463684,1.7872303317596638,1.7963973797068882,1.7043183151145636,1.7479182321667892,167.9,167.00287003739027,0.8971299626097391,0.8971299626097391
0.247858208550862,0.264888982950977,0.2461143737334795,0.2874331884292024,0.2747582136313036,119.9,120.12695981804734,-0.22695981804733378,0.22695981804733378
-0.1680208359641288,-0.15119563733079,-0.1538520307927088,-0.1760339090847007,-0.1656995213972903,107.4,107.58090449533637,-0.18090449533636388,0.18090449533636388
0.0201149222688432,0.0337308605722177,0.0279508803555587,0.025905326260643,0.0335551682585026,112.9,113.26375862849771,-0.3637586284977061,0.3637586284977061
2.3404559404754965,2.375032414379937,2.374861187905921,2.320067458954463,2.363344766699224,183.4,183.45489731922868,-0.05489731922867236,0.05489731922867236
-0.1383151899273435,-0.1710091906775406,-0.1439355083664397,-0.126376720065354,-0.1461052236610563,106.4,108.5474349703156,-2.147434970315601,2.147434970315601
-1.0393864530431562,-1.022991984587825,-1.0099784669272778,-1.0334480394854213,-1.014877748642268,80.6,81.19329479007524,-0.5932947900752481,0.5932947900752481
1.1588313536789367,1.189521472466014,1.2906547359671618,1.2871979273520509,1.2715836139591743,148.5,147.59877551186267,0.9012244881373306,0.9012244881373306
0.165342525115348,0.1592166984349727,0.1766987167495957,0.1980502481943781,0.1842380776103895,116.7,117.67348750500028,-0.9734875050002785,0.9734875050002785
0.2082506805018152,0.1856347695639736,0.1965317616021338,0.1715664140507266,0.1665756120453337,119.2,119.06321138628681,0.13678861371319329,0.13678861371319329
-0.0161919784427827,-0.002593987230159,-0.0183262243003641,-0.0005785078830089,-0.0103250196296849,112.6,112.16642845069647,0.4335715493035224,0.4335715493035224
1.4426853046971049,1.4074705592802734,1.4030419901315456,1.3203027200316153,1.3529965411731055,156.2,156.4979215968649,-0.29792159686491004,0.29792159686491004
0.4161902027593104,0.413490633051608,0.4014732250783628,0.3999894835397219,0.378249222801556,125.6,125.31755225456104,0.282447745438958,0.282447745438958
1.9509819146598717,1.929227464078044,1.89556260396958,1.922809946799689,1.9256467919151692,171.9,171.77424939817524,0.1257506018247625,0.1257506018247625
1.792551802463684,1.7872303317596638,1.7699533199035036,1.724181190722302,1.7371551672130834,167.7,167.00066093290195,0.6993390670980375,0.6993390670980375
-1.220920956601287,-1.2376388125109583,-1.2182254378789297,-1.1956615236152877,-1.2058531575644402,76.0,75.74304566682858,0.25695433317142147,0.25695433317142147
2.5880029907820385,2.5632611711740703,2.5665806214804583,2.578284841855067,2.582193754091249,191.2,191.03908573444502,0.16091426555496469,0.16091426555496469
-0.9832757883070068,-1.022991984587825,-1.0165894818781236,-1.020206122413596,-1.009358228153188,84.6,83.01409787534811,1.5859021246518807,1.5859021246518807
-0.811643166761138,-0.8281587100114424,-0.9207297650908556,-0.9672384541262924,-0.9127666195942856,87.7,88.262100972134,-0.5621009721339902,0.5621009721339902
0.6637372530658529,0.6578577909948676,0.6659138231122069,0.6217915944928043,0.6332510693970576,132.7,132.81807706664011,-0.11807706664012585,0.11807706664012585
0.0432193136307872,0.0634511905923436,0.0477839252080968,0.072252036012033,0.0746755959021493,112.8,113.93073039318111,-1.1307303931811106,1.1307303931811106
-0.7324281106630444,-0.745602237733314,-0.7554543913197033,-0.752057301709123,-0.7618077342179446,90.1,90.5667927108744,-0.466792710874401,0.466792710874401
-0.1944258546634932,-0.1743114495686656,-0.2001291354486316,-0.1892758261565263,-0.1792223465955371,106.3,106.75887614643247,-0.4588761464324733,0.4588761464324733
-0.9205638688960164,-0.9140174411806956,-0.887674690336625,-0.884476472427381,-0.9000717224694017,84.3,84.796930092202,-0.4969300922020068,0.4969300922020068
2.591303618119459,2.589679242303071,2.526914531775381,2.581595321123023,2.5788820417978022,192.1,191.10448393322866,0.9955160667713301,0.9955160667713301
-0.7984406574114555,-0.8248564511203169,-0.877758167910356,-0.8778555138914685,-0.8760618083419028,88.6,88.6367996868379,-0.03679968683790946,0.03679968683790946
0.3369751466612172,0.3540499730113557,0.3684181503241323,0.4463361932911119,0.4279249072032772,122.2,122.75418677670336,-0.5541867767033608,0.5541867767033608
-1.1846140558896612,-1.1781981524707064,-1.2016979005018145,-1.1923510443473313,-1.1884666680238385,76.7,76.83211777932374,-0.13211777932373536,0.13211777932373536
-0.3627578488719415,-0.4219808664030506,-0.4612642260070519,-0.4971503980764766,-0.4767245009569555,100.7,101.91101013399572,-1.211010133995714,1.211010133995714
0.105931233041778,0.1228918506325964,0.117199582191981,0.1417721006391188,0.1425656979178343,115.9,115.8277304660123,0.07226953398770775,0.07226953398770775
-0.2934446747861099,-0.2931927696491707,-0.3290439269901301,-0.3349369139466103,-0.3437040571701245,103.4,103.85400546178816,-0.4540054617881566,0.4540054617881566
0.4623989854831984,0.46632677530961,0.4874164194393622,0.4993038615784155,0.4707011909936479,125.5,126.65837823869093,-1.1583782386909292,1.1583782386909292
-0.9139626142211752,-0.9107151822895708,-0.8744526604349326,-0.8546821590157733,-0.8785455925619889,83.7,84.98268573347696,-1.2826857334769528,1.2826857334769528
-0.1647202086267079,-0.2073340384799169,-0.2166566728257468,-0.265416849319525,-0.2542878252470272,107.1,107.85782070289959,-0.7578207028995934,0.7578207028995934
1.214942018415086,1.232450838050641,1.2278500939341248,1.2540931346724864,1.2224598816063617,149.5,149.40963094972273,0.09036905027727471,0.09036905027727471
-0.5607954891171751,-0.5672802576125566,-0.60009553997482,-0.5666704627035619,-0.5802155101272084,96.8,95.73562439584063,1.0643756041593662,1.0643756041593662
-0.8809563408469696,-0.8776925933783194,-0.8579251230578174,-0.9010288687671634,-0.868886431706099,85.6,86.02336272060539,-0.4233627206053967,0.4233627206053967
0.6703385077406936,0.6776713443416182,0.6559973006859374,0.6714487835121511,0.666644168355993,133.0,132.960457494561,0.03954250543898752,0.03954250543898752
-0.1614195812892875,-0.1677069317864156,-0.1902126130223621,-0.2190701395681345,-0.1400337511230671,107.3,107.80560309332172,-0.5056030933217244,0.5056030933217244
0.637332234366488,0.6182306843013664,0.6493862857350917,0.6151706359568908,0.6026177306826634,131.9,132.03639189194945,-0.1363918919494438,0.1363918919494438
0.0102130402565816,0.0205218250077169,-0.0084097018740946,0.0027319713849477,0.0103731822043655,114.0,112.97928353550319,1.0207164644968145,1.0207164644968145
1.571409770856507,1.5990015749655306,1.578233886328967,1.5983829785399577,1.6107581480131483,160.4,160.1590689901343,0.24093100986570448,0.24093100986570448
0.554816550930974,0.5488832475877388,0.5270825091444384,0.5026143408463718,0.5051981940503993,130.0,129.535924119237,0.464075880763005,0.464075880763005
-0.3726597308842031,-0.3823537597095494,-0.4348201662036677,-0.4375617712532601,-0.4400196897045731,101.5,101.48774671139324,0.012253288606757451,0.012253288606757451
0.6175284703419648,0.6545555321037427,0.622942225931707,0.6251020737607605,0.5984780903158533,131.6,131.3349821043558,0.2650178956442062,0.2650178956442062
-1.2407247206258107,-1.217825259164208,-1.168642825747584,-1.228766316294852,-1.2166162225181472,75.0,75.0975335871265,-0.09753358712650595,0.09753358712650595
-1.0195826890186332,-1.0395032790434506,-1.013283974402701,-0.9672384541262924,-0.9933516187348556,81.0,81.82285510267927,-0.8228551026792701,0.8228551026792701
0.1290356244037216,0.1592166984349727,0.1733932092741729,0.1219092250313798,0.125455184401686,116.6,116.56130707615073,0.03869292384926837,0.03869292384926837
0.9904993594704876,0.9616656089783804,0.963409495900281,0.959460479824362,0.9448280010056308,143.0,142.74202638710088,0.25797361289912146,0.25797361289912146
0.224753817188918,0.2153550995841,0.2097537915038262,0.2510179164816816,0.2493684193815356,120.2,119.46856771549375,0.7314322845062549,0.7314322845062549
-0.7720356387120911,-0.7786248266445653,-0.7852039585985103,-0.7321944261013845,-0.7397296522616239,90.5,89.29072345880024,1.2092765411997561,1.2092765411997561
-0.4980835697061848,-0.5078395975723043,-0.4910137932858596,-0.5269447114880844,-0.5029422232800863,98.4,97.64151785206057,0.7584821479394321,0.7584821479394321
0.7363510544891048,0.6974848976883697,0.7221074501943984,0.7277269310674104,0.7298426779559604,134.0,135.0280889952548,-1.028088995254791,1.028088995254791
0.036618058955946,0.0205218250077169,0.0147288504538663,0.0225948469926863,0.0313473600628693,113.6,113.82123290972103,-0.2212329097210386,0.2212329097210386
-0.540991725092652,-0.547466704265806,-0.5174578530892439,-0.5137027944162589,-0.5319197058477569,96.2,96.31183786910239,-0.1118378691023878,0.1118378691023878
-0.989877042981848,-0.996573913458824,-0.953784839845086,-0.977169891930162,-0.9927996666859478,82.4,82.74539988101385,-0.3453998810138472,0.3453998810138472
-1.0690920990799415,-1.1253620102127044,-1.102532676239123,-1.1824196065434618,-1.1622489457007077,79.0,80.52031720725628,-1.5203172072562836,1.5203172072562836
2.175424573604469,2.19010591647693,2.1897527692822307,2.1942692467721185,2.2096261210783426,178.5,178.46320655100737,0.0367934489926256,0.0367934489926256
-1.3265410313987451,-1.3003817314423365,-1.393417334076351,-1.3942902796926748,-1.368127059943396,73.4,72.55135464990414,0.8486453500958646,0.8486453500958646
-1.1747121738773996,-1.204616223599707,-1.2116144229280834,-1.2022824821512006,-1.17825555511904,77.3,77.18513731994526,0.11486268005474187,0.11486268005474187
-1.197816565239343,-1.221127518055333,-1.2281419603051986,-1.2684920675103295,-1.251665177623806,76.6,76.53333514094103,0.06666485905896025,0.06666485905896025
-0.5905011351539604,-0.6003028465238079,-0.6232340923027814,-0.6097066931869957,-0.6122287289638727,95.0,94.84871169370327,0.15128830629673473,0.15128830629673473
0.4392945941212544,0.4696290342007354,0.4543613446851318,0.4496466725590687,0.4591101979665798,125.1,125.91960319031139,-0.8196031903113976,0.8196031903113976
-0.8677538314972871,-0.871088075596069,-0.9075077351891632,-0.9275127029108152,-0.93512067757506,85.6,86.49930069248992,-0.8993006924899305,0.8993006924899305
1.0697144155685812,1.0607333757121344,1.0625747201629725,1.118363484686272,1.082264061183726,145.0,145.04120086530475,-0.04120086530474509,0.04120086530474509
-0.5739979984668576,-0.597000587632683,-0.6166230773519352,-0.6593638822063425,-0.6263035062110274,95.1,95.4113516529401,-0.3113516529401039,0.3113516529401039
1.3766727579486937,1.3414253814577708,1.2939602434425856,1.303750323691833,1.3011130485757527,154.8,154.46514714527407,0.33485285472593773,0.33485285472593773
2.386664723199385,2.3585211199243115,2.397999740233882,2.2968941040787683,2.3443024210118977,185.8,185.01297561207437,0.7870243879256407,0.7870243879256407
-0.9007601048714928,-0.89750614672507,-0.900896720238317,-0.8712345553555555,-0.8909645136624192,85.2,85.4058885210962,-0.20588852109619893,0.20588852109619893
-0.7291274833256239,-0.7422999788421886,-0.7157883016146266,-0.7189525090295585,-0.7389017241882617,90.8,90.64734115672582,0.15265884327418178,0.15265884327418178
2.376762841187123,2.3915437088355627,2.3616391580042286,2.472349505280461,2.4378582933018054,184.6,184.50355625242753,0.0964437475724651,0.0964437475724651
-0.540991725092652,-0.4682124908788026,-0.4943193007612824,-0.5799123797753879,-0.5393710585080159,96.1,96.23265037586077,-0.1326503758607771,0.1326503758607771
0.1323362517411424,0.116287332850346,0.1601711793724805,0.1715664140507266,0.1668515880697869,116.9,116.676497382476,0.22350261752400513,0.22350261752400513
-0.8677538314972871,-0.8611812989226937,-0.9273407800417016,-0.9374441407146844,-0.924633588645808,86.4,86.47648043217109,-0.07648043217108125,0.07648043217108125
-0.3000459294609512,-0.299797287431421,-0.2794613148587844,-0.2985216419990895,-0.322453903287166,103.5,103.62737807656724,-0.12737807656723987,0.12737807656723987
0.8815786573356096,0.885713654482502,0.8807718090147049,0.8237308298381476,0.8446487041288271,140.8,139.4060191784121,1.3939808215879168,1.3939808215879168
0.1554406431030864,0.139403145088222,0.1205050896674039,0.092114911619772,0.0879224450759418,116.2,117.48173964283913,-1.2817396428391277,1.2817396428391277
2.059902616794749,2.07452685528755,2.0707545001670016,2.0817129516615998,2.0829531258539533,175.5,174.97514398698158,0.5248560130184217,0.5248560130184217
-0.7621337566998296,-0.7389977199510637,-0.7157883016146266,-0.778541135852775,-0.8051359700572237,90.4,89.63964212905282,0.760357870947189,0.760357870947189
-0.1449164446021847,-0.1445911195485396,-0.1340189859401707,-0.1230662407973972,-0.1331343505117176,108.5,108.285111925145,0.21488807485499706,0.21488807485499706
-0.0789038978537736,-0.0752436828349115,-0.084436373808825,-0.0734090517780504,-0.0671760806672107,111.1,110.28043372347389,0.8195662765261034,0.8195662765261034
2.185326455616731,2.1934081753680545,2.2195023365610385,2.3465512930981154,2.3020780892704344,178.5,178.6615971426025,-0.16159714260248847,0.16159714260248847
0.8386705019491419,0.8493888066801257,0.8411057193096277,0.8700775395895382,0.8540318889602623,137.4,138.02705605700297,-0.6270560570029602,0.6270560570029602
-0.6103048991784835,-0.6399299532173097,-0.6827332268603962,-0.6626743614742993,-0.6561089168520599,95.0,94.30065293320284,0.6993470667971593,0.6993470667971593
0.802363601237516,0.7833436288576231,0.7452460025223593,0.6913116591198896,0.7422615990563898,137.1,137.06755308261862,0.03244691738137817,0.03244691738137817
0.6868416444277964,0.6776713443416182,0.685746867964745,0.6846907005839771,0.6680240484782627,134.5,133.4988008973046,1.0011991026954092,1.0011991026954092
-1.3463447954232683,-1.3334043203535877,-1.3768897966992355,-1.3744274040849362,-1.3808219570682807,72.7,71.95835578068,0.7416442193200083,0.7416442193200083
-0.6664155639146332,-0.6828593188019363,-0.686038734335819,-0.6030857346510827,-0.6412062115315433,92.9,92.49777559875307,0.40222440124694003,0.40222440124694003
-0.6532130545649507,-0.6630457654551857,-0.6331506147290504,-0.5898438175792572,-0.6398263314092731,92.5,92.90483742363486,-0.4048374236348593,0.4048374236348593
2.30414903976387,2.3122894954485598,2.3054455309220376,2.3233779382224204,2.2962825927569,180.2,182.3999176153843,-2.1999176153843223,2.1999176153843223
-0.8512506948101843,-0.8644835578138187,-0.8711471529595098,-0.9308231821787716,-0.9127666195942856,87.0,87.01761011840081,-0.017610118400810393,0.017610118400810393
0.5218102775567685,0.5323719531321132,0.5105549717673232,0.57875536400937,0.5374873889115178,128.6,128.42795375540305,0.17204624459694173,0.17204624459694173
-0.953570142270222,-0.923924217854071,-0.9141187501400092,-0.9175812651069456,-0.9202179722545436,84.5,83.75643574771851,0.7435642522814874,0.7435642522814874
0.6208290976793852,0.6083239076279906,0.5931926586528994,0.6251020737607605,0.6108970114162836,131.1,131.49176637378122,-0.39176637378122336,0.39176637378122336
-0.0954070345408763,-0.0851504595082873,-0.0216317317757869,-0.0568566554382682,-0.0431661665397124,110.1,109.74180771122533,0.35819228877466003,0.35819228877466003
0.9475912040840208,0.9418520556316288,1.0427416753104335,1.0356015029873606,1.0207214077304831,140.6,141.29661463154227,-0.6966146315422748,0.6966146315422748
-0.4914823150313436,-0.4550034553143019,-0.4414311811545139,-0.4441827297891731,-0.4546464190006358,98.9,97.72533666122166,1.1746633387783447,1.1746633387783447
0.2346556992011796,0.218657358475225,0.1899207466512881,0.2212236030700733,0.2248065532051283,120.2,119.81338293837183,0.3866170616281721,0.3866170616281721
-1.2671297393251753,-1.247545589184334,-1.2578915275840064,-1.2386977540987214,-1.2516651776238057,74.4,74.29380930286308,0.10619069713692397,0.10619069713692397
-0.76543438403725,-0.7555090144066894,-0.7752874361722413,-0.7288839468334283,-0.7419374604572563,88.7,89.47631762727897,-0.7763176272789707,0.7763176272789707
-0.5872005078165395,-0.573884775394807,-0.5670404652205895,-0.560049504167649,-0.544062650923734,94.2,94.85720137320533,-0.657201373205325,0.657201373205325
2.132516418218002,2.130665256436677,2.163308709478846,2.167785412628467,2.1577426284809884,178.7,177.19292069767621,1.507079302323774,1.507079302323774
-0.9469688875953808,-0.894203887833945,-0.8744526604349326,-0.9076498273030764,-0.8804774247331671,84.1,83.90132724044062,0.19867275955937203,0.19867275955937203
-1.4090567148342592,-1.4027517570672152,-1.3603622593221203,-1.3942902796926748,-1.3932408781687105,70.1,70.02867688225172,0.07132311774827826,0.07132311774827826
-1.2935347580245395,-1.3069862492245867,-1.3438347219450053,-1.3115282979937637,-1.3399775054490877,74.0,73.5964296934371,0.40357030656289794,0.40357030656289794
1.0433093968692173,1.0541288579298835,1.0328251528841648,1.0356015029873606,1.0439033937846192,145.1,144.24192131120793,0.8580786887920624,0.8580786887920624
0.2511588358882824,0.2153550995841,0.2163648064546724,0.2410864786778123,0.2314299777920245,120.3,120.34929518537824,-0.04929518537824151,0.04929518537824151
2.205130219641254,2.223128505388181,2.2591684262661147,2.2571683528632915,2.2703408464582244,178.1,179.32824573618944,-1.22824573618945,1.22824573618945
0.0993299783669368,0.0865670028302196,0.1733932092741729,0.1715664140507266,0.1616080436051613,115.7,115.6477707599975,0.05222924000250373,0.05222924000250373
1.9278775232979268,1.9094139107312933,1.905479126395849,1.85660036144056,1.8776269636601728,170.8,171.11080228673748,-0.31080228673747,0.31080228673747
0.5251109048941888,0.5092561408942367,0.5535265689478231,0.5224772164541107,0.5457666696451381,128.8,128.58687937448008,0.2131206255199345,0.2131206255199345
-0.9007601048714928,-0.89750614672507,-0.8843691828612017,-0.9010288687671634,-0.8962080581270453,86.7,85.42274684258584,1.2772531574141652,1.2772531574141652
0.1818456618024508,0.192239287346224,0.1866152391758648,0.1781873725866396,0.1643678038497008,118.7,118.19035820549558,0.509641794504418,0.509641794504418
-1.0888958631044647,-1.0890371624103277,-1.0099784669272778,-1.0500004358252035,-1.0510306078457432,81.4,79.70536311095904,1.6946368890409644,1.6946368890409644
-0.564096116454596,-0.573884775394807,-0.5967900324993971,-0.5567390248996926,-0.5804914861516611,96.1,95.63477617184489,0.46522382815510355,0.46522382815510355
-0.9601713969450631,-0.9932716545676992,-0.9769233921730474,-0.9275127029108152,-0.9627182800204612,83.7,83.66510245323857,0.03489754676142809,0.03489754676142809
-0.0524988791544092,-0.0356165761414103,-0.0480757915791712,0.0358367640645123,-0.0271595571213795,110.8,111.02483243164858,-0.22483243164857925,0.22483243164857925
-0.930465750908278,-0.9305287356363212,-0.9240352725662784,-0.9539965370544669,-0.963270232069369,83.6,84.56502469223912,-0.9650246922391261,0.9650246922391261
-0.1482170719396051,-0.128079825092914,-0.1439355083664397,-0.1429291164051362,-0.1375499669029823,107.8,108.16262391273288,-0.36262391273288586,0.36262391273288586
-0.5772986258042779,-0.5705825165036816,-0.5769569876468585,-0.5567390248996926,-0.5636569486599675,95.1,95.18901148680378,-0.08901148680378412,0.08901148680378412
0.5614178056058148,0.5455809886966129,0.5502210614724004,0.5986182396171086,0.5874390493376928,130.0,129.66123620153516,0.3387637984648393,0.3387637984648393
0.792461719225254,0.7734368521842473,0.7650790473748983,0.7939365164265394,0.7613039447437168,133.4,136.71306030858005,-3.3130603085800487,3.3130603085800487
2.152320182242525,2.157083327565678,2.183141754331384,2.23068451871964,2.1938954876844634,178.6,177.75558082302177,0.8444191769782208,0.8444191769782208
0.7759585825381512,0.8130639588777495,0.8411057193096277,0.9263556871447974,0.8716943545253196,136.7,135.9989353736997,0.7010646263002798,0.7010646263002798
1.601115416893291,1.6188151283122811,1.6112889610831975,1.5818305822001753,1.6184854766978611,161.3,161.1054421247773,0.1945578752226993,0.1945578752226993
1.2314451551021888,1.229148579159516,1.2708216911146235,1.197814987117227,1.2213559775085447,148.2,149.9793825138941,-1.7793825138941202,1.7793825138941202
-0.8545513221476052,-0.8413677455759426,-0.8050370034510489,-0.8348192834080342,-0.8112074425952115,87.2,86.77459860939967,0.425401390600328,0.425401390600328
0.0762255870049928,0.0799624850479693,0.0378674027818277,0.0523891604042945,0.0374188326008571,115.0,115.01997729383146,-0.01997729383145952,0.01997729383145952
0.9838981047956468,0.991385938998506,0.9733260183265496,0.9793233554321004,0.9862244046737316,142.8,142.44629758756088,0.3537024124391337,0.3537024124391337
0.4822027495077216,0.4432109630717339,0.4675833745868237,0.459578110362938,0.4375840680591666,126.8,127.37345908660062,-0.5734590866006215,0.5734590866006215
1.049910651544058,1.0409198223653828,1.0460471827858573,1.0322910237194045,1.047215106078068,145.1,144.47645087134572,0.6235491286542754,0.6235491286542754
0.224753817188918,0.2219596173663504,0.1899207466512881,0.2013607274623348,0.2030044472732623,120.1,119.51007648597974,0.5899235140202563,0.5899235140202563
-1.3958542054845766,-1.3994494981760903,-1.4066393639780437,-1.4075321967645007,-1.3960006384132508,70.4,70.45316968051651,-0.05316968051650406,0.05316968051650406
-1.220920956601287,-1.2574523658577097,-1.2380584827314678,-1.2221453577589392,-1.2544249378683454,74.9,75.8158349053133,-0.9158349053132895,0.9158349053132895
0.5911234516425999,0.6083239076279906,0.579970628751207,0.5423400920618493,0.5813675767997045,130.1,130.57120652141222,-0.47120652141222763,0.47120652141222763
-0.5673967437920163,-0.573884775394807,-0.60009553997482,-0.5766019005074312,-0.5909785750809138,95.3,95.5415491277288,-0.24154912772880266,0.24154912772880266
0.9904993594704876,0.9946881978896318,0.9964645706545115,0.9958757517718828,0.9867763567226392,142.6,142.65538735056973,-0.0553873505697311,0.0553873505697311
-1.2539272299754929,-1.2739636603133353,-1.1917813780755453,-1.2022824821512006,-1.2110967020290668,72.5,74.72802912371459,-2.2280291237145917,2.2280291237145917
-1.0294845710308949,-1.0328987612612002,-0.963701362271355,-0.9970327675379006,-0.9878320982457754,82.1,81.50438352392135,0.5956164760786464,0.5956164760786464
0.5152090228819277,0.5191629175676125,0.5568320764232461,0.5555820091336753,0.5584615667700221,128.7,128.2293960429761,0.4706039570238829,0.4706039570238829
-0.3198496934854744,-0.3460289119071726,-0.3984595839740144,-0.3481788310184363,-0.3191421909937181,102.5,103.03798264479778,-0.5379826447977791,0.5379826447977791
-0.0756032705163527,-0.0950572361816626,0.0048123280275972,0.0490786811363378,-0.012808803849771,110.3,110.34732940708494,-0.04732940708494482,0.04732940708494482
0.8452717566239837,0.8493888066801257,0.9105213762935116,0.946218562752536,0.9078472137287944,138.3,138.18582035546532,0.11417964453468699,0.11417964453468699
0.11913374239146,0.1096828150680956,0.0907555223885967,0.0325262847965555,0.0669482672174376,116.8,116.36987338393186,0.4301266160681365,0.4301266160681365
-0.3495553395222596,-0.3460289119071726,-0.3720155241706296,-0.3978360200377831,-0.3718536116644325,102.1,102.13292605397368,-0.0329260539736822,0.0329260539736822
0.719847917802002,0.737112004381871,0.7254129576698212,0.7343478896033239,0.7201835171000696,134.1,134.44065751957098,-0.340657519570982,0.340657519570982
0.5977247063174417,0.6215329431924913,0.6130257035054374,0.5158562579181972,0.5432828854250514,131.3,130.81395814916493,0.486041850835079,0.486041850835079
-0.1482170719396051,-0.1445911195485396,-0.1670740606944011,-0.0998928859217024,-0.1110562685553964,107.9,108.14586782835362,-0.2458678283536102,0.2458678283536102
0.7792592098755725,0.7569255577286216,0.7154964352435527,0.7343478896033239,0.7395018388118503,135.7,136.33375381370666,-0.6337538137066758,0.6337538137066758
-1.4090567148342592,-1.389542721502715,-1.409944871453466,-1.410842676032457,-1.4081435834892275,70.3,70.01904809853445,0.28095190146554216,0.28095190146554216
-0.907361359546334,-0.8875993700516946,-0.973617884697624,-0.9308231821787716,-0.921873828401268,85.2,85.20845580682388,-0.008455806823874923,0.008455806823874923
-1.0162820616812125,-1.0328987612612002,-1.0165894818781236,-1.0764842699688555,-1.0631735529217188,82.6,82.0135459319635,0.5864540680364883,0.5864540680364883
-1.405756087496839,-1.4093562748494657,-1.3702787817483897,-1.397600758960631,-1.3827537892394588,71.1,70.13625462323003,0.963745376769964,0.963745376769964
-0.8677538314972871,-0.847972263358193,-0.8347865707298561,-0.8348192834080342,-0.8735780241218172,83.9,86.39924551836592,-2.4992455183659104,2.4992455183659104
1.12252445296731,1.126778553534637,1.1485179145239717,1.1779521115094875,1.162849060324296,146.4,146.60154390102824,-0.20154390102823072,0.20154390102823072
0.426092084771572,0.4002815974871073,0.4675833745868237,0.3999894835397219,0.4113663457360363,125.8,125.64349687055514,0.15650312944485734,0.15650312944485734
-0.7324281106630444,-0.7389977199510637,-0.7620654062705494,-0.7189525090295585,-0.7361419639437222,90.2,90.52454327051174,-0.3245432705117395,0.3245432705117395
2.2282346110031974,2.2132217287148053,2.183141754331384,2.2108216431119008,2.192791583586648,180.0,180.16138778472782,-0.16138778472782178,0.16138778472782178
-0.7324281106630444,-0.7389977199510637,-0.7356213464671647,-0.69908963342182,-0.6903299438843561,90.8,90.48503063667769,0.3149693633223052,0.3149693633223052
0.5350127869064508,0.5356742120232381,0.5568320764232461,0.57875536400937,0.5642570632835566,129.0,128.840233829743,0.1597661702570008,0.1597661702570008
-0.4881816876939227,-0.4913283031166787,-0.52406886804009,-0.5534285456317359,-0.544062650923734,98.7,97.97812311209358,0.7218768879064186,0.7218768879064186
0.4524971034709368,0.4035838563782327,0.4113897475046318,0.3999894835397219,0.4408957803526154,126.6,126.46609382118525,0.13390617881474043,0.13390617881474043
-0.7786368933869324,-0.7819270855356903,-0.7852039585985103,-0.7950935321925573,-0.7612557821690366,89.7,89.11797902678443,0.5820209732155774,0.5820209732155774
0.8419711292865624,0.8262729944422492,0.8477167342604744,0.7873155578906268,0.8049081566074506,136.8,138.23543310235226,-1.435433102352249,1.435433102352249
0.165342525115348,0.1361008861970966,0.1601711793724805,0.1384616213711621,0.1318026329641285,118.5,117.765332392652,0.7346676073480012,0.7346676073480012
-0.9700732789573248,-1.0031784312410743,-1.0099784669272778,-0.9672384541262924,-0.9939035707837636,84.0,83.38853551975468,0.6114644802453171,0.6114644802453171
-0.1350145625899232,-0.15119563733079,-0.1439355083664397,-0.0667880932421379,-0.1096763884331272,108.3,108.5781762026948,-0.2781762026948087,0.2781762026948087
-0.7819375207243527,-0.8281587100114424,-0.8447030931561256,-0.884476472427381,-0.8523278702388587,87.7,89.16829697819621,-1.4682969781962072,1.4682969781962072
0.1983487984895536,0.1823325106728487,0.2097537915038262,0.1715664140507266,0.1723711085588677,119.1,118.74230844721863,0.3576915527813611,0.3576915527813611
-1.0756933537547828,-1.0097829490233248,-1.0331170192552388,-1.0797947492368118,-1.0548942721880992,80.3,80.03404800444929,0.2659519955507079,0.2659519955507079
-0.8347475581230815,-0.871088075596069,-0.900896720238317,-0.9208917443749024,-0.901727578616126,87.5,87.54772306929769,-0.04772306929768888,0.04772306929768888
-0.5046848243810256,-0.5177463742456796,-0.5207633605646667,-0.4905294395405636,-0.4960428226687353,97.5,97.41727270368644,0.08272729631356412,0.08272729631356412
-1.1483071551780348,-1.1319665279949542,-1.1355877509933534,-1.1095890626484202,-1.132995487108583,78.3,77.89142427677102,0.40857572322897795,0.40857572322897795
-0.5178873337307079,-0.4715147497699276,-0.4645697334824753,-0.4640456053969121,-0.4778284050547724,96.5,96.9082868426413,-0.4082868426413029,0.4082868426413029
1.538403497482301,1.57918802161878,1.6112889610831975,1.6712135224349989,1.6077224117441544,158.9,159.09472937423388,-0.19472937423387293,0.19472937423387293
0.9277874400594976,0.9121317256115036,0.923743406195204,1.0322910237194045,0.9834646444291922,140.6,140.70268865546538,-0.10268865546538564,0.10268865546538564
-0.1779227179763904,-0.1544978962219149,-0.2001291354486316,-0.1892758261565263,-0.2117875174811094,107.8,107.29652652688247,0.5034734731175234,0.5034734731175234
-1.224221583938708,-1.2277320358375834,-1.2182254378789297,-1.2089034406871138,-1.2226876950561354,76.3,75.63966362683719,0.6603363731628065,0.6603363731628065
1.1720338630286185,1.2258463202683911,1.2080170490815856,1.2441616968686169,1.2246676898019928,148.6,148.0166993403204,0.583300659679594,0.583300659679594
-0.0657013885040911,-0.101661753963913,-0.0712143439071326,-0.0469252176343989,-0.0790430497187326,110.5,110.75174047881572,-0.25174047881571937,0.25174047881571937
1.5846122802061884,1.6122106105300311,1.588150408755236,1.5222419553769586,1.528793268750308,160.9,160.66531212370913,0.23468787629087728,0.23468787629087728
-1.0459877077179975,-1.0593168323902018,-1.122365721091661,-1.096347145576594,-1.043855231209939,80.8,81.05291369648266,-0.2529136964826648,0.2529136964826648
-0.1482170719396051,-0.177613708459791,-0.1769905831206702,-0.1495500749410492,-0.1585241447614866,107.4,108.24543332054273,-0.8454333205427247,0.8454333205427247
2.168823318929628,2.160385586456804,2.1798362468559613,2.1578539748245977,2.147531515576192,179.3,178.35057297778667,0.9494270222133423,0.9494270222133423
0.76605670052589,0.7701345932931224,0.7783010772765897,0.8469041847138424,0.8316778309794874,136.0,135.7833312234822,0.2166687765177926,0.2166687765177926
1.2116413910776656,1.2126372847038904,1.2113225565570094,1.168020673705619,1.183823238182801,148.5,149.38631134686392,-0.8863113468639199,0.8863113468639199
0.0036117855817404,0.0007082716609663,-0.0017986869232488,0.006042450652904,-0.0172244202410353,112.0,112.81446964297061,-0.8144696429706073,0.8144696429706073
-0.8281463034482408,-0.8446700044670681,-0.8579251230578174,-0.8215773663362088,-0.8357693087716184,88.0,87.64738482786126,0.3526151721387407,0.3526151721387407
-0.7522318746875676,-0.722486425495438,-0.7223993165654727,-0.7917830529246005,-0.7560122377044101,89.6,89.90220102296314,-0.3022010229631462,0.3022010229631462
-1.3331422860735864,-1.346613355918088,-1.3570567518466976,-1.3678064455490233,-1.3684030359678503,71.9,72.39873111165741,-0.49873111165740625,0.49873111165740625
-0.9106619868837548,-0.9074129233984451,-0.9306462875171244,-0.9539965370544669,-0.963270232069369,84.8,85.17770671288187,-0.3777067128818743,0.3777067128818743
-0.7951400300740352,-0.772020308862315,-0.8347865707298561,-0.8712345553555555,-0.8509479901165885,88.0,88.65541203913769,-0.655412039137687,0.655412039137687
1.0367081421943756,0.9979904567807568,0.986548048228242,1.009117668843709,1.0107862708501385,144.3,144.13264774010088,0.1673522598991326,0.1673522598991326
-0.9139626142211752,-0.9041106645073204,-0.8843691828612017,-0.8579926382837295,-0.8636428872414725,86.4,84.96046354410917,1.4395364558908312,1.4395364558908312
0.6241297250168056,0.6512532732126177,0.6493862857350917,0.5324086542579796,0.5794357446285272,132.2,131.60525443535542,0.594745564644569,0.594745564644569
2.403167859886488,2.4113572621823134,2.3880832178076137,2.4955228601561554,2.445309645962064,185.6,185.3284919323391,0.2715080676609034,0.2715080676609034
-0.9601713969450631,-0.9404355123096966,-0.9141187501400092,-0.9440650992505976,-0.9450558144554048,84.0,83.59315459045851,0.4068454095414893,0.4068454095414893
0.2379563265386004,0.238470911821976,0.2659474185860181,0.2708807920894202,0.2650990527754138,119.9,119.85762479024415,0.04237520975586051,0.04237520975586051
-0.0524988791544092,-0.02901205835916,-0.0646033289562864,-0.0899614481178327,-0.0790430497187326,111.5,111.09601257288556,0.40398742711444413,0.40398742711444413
0.5152090228819277,0.5191629175676125,0.5105549717673232,0.5886868018132397,0.5717084159438146,128.0,128.19958813721763,-0.19958813721763136,0.19958813721763136
0.8056642285749364,0.789948146639873,0.7948286146537049,0.7806945993547134,0.7538525920834588,137.4,137.13645214105483,0.26354785894517363,0.26354785894517363
-0.2835427927738484,-0.2799837340846699,-0.2530172550554002,-0.325005476142741,-0.3045154616976555,104.0,104.13657547628452,-0.13657547628451994,0.13657547628451994
-0.0095907237679415,-0.0191052816857846,-0.0381592691529022,0.0159738884567733,-0.0221919886812081,111.1,112.40583533285732,-1.3058353328573276,1.3058353328573276
-1.0228833163560536,-1.0560145734990762,-1.0331170192552388,-1.0003432468058568,-1.010462132251004,82.9,81.75950510951972,1.1404948904802836,1.1404948904802836
-0.1614195812892875,-0.1379866017662893,-0.160463045743555,-0.1958967846924393,-0.1880535793780657,108.3,107.80150369077568,0.498496309224322,0.498496309224322
-0.5739979984668576,-0.5573734809391814,-0.514152345613821,-0.5699809419715182,-0.5509620515350835,95.3,95.28317668734145,0.016823312658544864,0.016823312658544864
-0.3627578488719415,-0.3526334296894229,-0.3389604494163992,-0.3514893102863926,-0.3445319852434871,101.6,101.67976835614621,-0.07976835614621791,0.07976835614621791
1.2842551925009176,1.2192418024861402,1.221239078983278,1.237540738332704,1.2337748986089752,152.2,151.68448796422464,0.5155120357753447,0.5155120357753447
1.1489294716666747,1.1234762946435113,1.0989353023926258,1.0223595859155348,1.0508027943959688,147.8,147.60150404228972,0.19849595771029271,0.19849595771029271
1.290856447175759,1.2852869803086429,1.3005712583934312,1.2673350517443125,1.2964214561600351,150.5,151.76034483644563,-1.2603448364456256,1.2603448364456256
2.0037919520586,2.028295230811798,2.0376994254127707,2.0817129516615998,2.0680504205334374,173.3,173.2153974169366,0.08460258306340052,0.08460258306340052
-0.5442923524300723,-0.550768963156931,-0.52406886804009,-0.5898438175792572,-0.571660253369134,96.8,96.26491156976563,0.5350884302343673,0.5350884302343673
-0.953570142270222,-0.9767603601120732,-0.9306462875171244,-0.9242022236428584,-0.9514032630178464,82.4,83.8552196958803,-1.455219695880288,1.455219695880288
-1.0624908444051004,-1.1022461979748284,-1.1421987659441997,-1.1658672102036791,-1.1095375250299926,80.6,80.6475267641888,-0.04752676418880242,0.04752676418880242
-1.2935347580245395,-1.320195284789087,-1.3669732742729668,-1.2883549431180683,-1.316243567346043,72.1,73.58373465633797,-1.4837346563379725,1.4837346563379725
-0.0723026431789323,-0.0818482006171619,-0.1141859410876321,-0.172723429816744,-0.1306505662916319,109.2,110.58415091521577,-1.3841509152157698,1.3841509152157698
2.442775387935534,2.4509843688758157,2.444276844889805,2.4160713577252007,2.438686221375168,187.2,186.60646585749106,0.5935341425089291,0.5935341425089291
-1.3463447954232683,-1.3631246503737136,-1.3504457368958516,-1.357875007745154,-1.360675707283138,71.2,71.98262954252321,-0.7826295425232104,0.7826295425232104
-0.8512506948101843,-0.8413677455759426,-0.824870048303587,-0.8414402419439473,-0.8388050450406119,87.2,86.90368099847996,0.29631900152004675,0.29631900152004675
-1.115300881803829,-1.1022461979748284,-1.0793941239111615,-1.0897261870406811,-1.0830438266824076,78.7,78.88917372446757,-0.1891737244675653,0.1891737244675653
-0.8149437940985583,-0.7885316033179407,-0.7422323614180109,-0.7454363431732105,-0.7673272547070249,88.4,87.93921371328113,0.46078628671887145,0.46078628671887145
-1.0063801796689509,-1.0196897256967,-1.0033674519764315,-0.9904118090019876,-0.9922477146370398,81.3,82.23425192408178,-0.9342519240817779,0.9342519240817779
1.267752055813815,1.2489621325062668,1.287349228491739,1.290508406620007,1.290349983622047,150.6,151.05245667953102,-0.452456679531025,0.452456679531025
2.426272251248431,2.404752744400063,2.381472202856767,2.320067458954463,2.348442061378708,186.7,186.22687134538486,0.4731286546151239,0.4731286546151239
0.0201149222688432,0.017219566116592,0.0444784177326739,-0.0436147383664427,-0.0161205161432184,113.4,113.35315958652119,0.04684041347881873,0.04684041347881873
0.5878228243051796,0.5852080953901151,0.6097201960300146,0.6350335115646303,0.6291114290302484,129.2,130.43183740872533,-1.2318374087253403,1.2318374087253403
-1.230822838613549,-1.221127518055333,-1.1653373182721607,-1.2155243992230262,-1.1981258288797283,75.6,75.40629250845494,0.19370749154505518,0.19370749154505518
0.201649425826974,0.1955415462373489,0.1700877017987495,0.1550140177109443,0.1941732144907337,119.2,118.81184315889799,0.38815684110201687,0.38815684110201687
1.290856447175759,1.2654734269618924,1.2774327060654704,1.2408512176006603,1.2633043332255542,151.9,151.8197939152885,0.08020608471150581,0.08020608471150581
-0.4848810603565023,-0.4847237853344283,-0.4612642260070519,-0.4805980017366943,-0.4574061792451752,98.4,97.99275441950363,0.4072455804963795,0.4072455804963795
0.1158331150540396,0.1129850739592206,0.1006720448148658,0.0987358701556846,0.1105524790811695,113.8,116.2020094431463,-2.402009443146298,2.402009443146298
-0.8842569681843899,-0.9107151822895708,-0.9438683174188168,-0.8414402419439473,-0.8702663118283688,86.0,85.92851635204657,0.07148364795342843,0.07148364795342843
0.5812215696303389,0.5852080953901151,0.5931926586528994,0.565513446937544,0.5714324399193599,129.6,130.2835124620249,-0.6835124620249076,0.6835124620249076
-0.3627578488719415,-0.3559356885805479,-0.3422659568918225,-0.3283159554106973,-0.3100349821867357,102.9,101.64786373501944,1.2521362649805639,1.2521362649805639
-0.0095907237679415,-0.0058962461212839,-0.0150207168249407,0.0027319713849477,0.0054056137641932,112.7,112.37297043183572,0.32702956816427786,0.32702956816427786
-0.1020082892157176,-0.128079825092914,-0.094352896235094,-0.0204413834907474,-0.0657962005449401,110.1,109.58046188986376,0.5195381101362386,0.5195381101362386
-0.1218120532402407,-0.1247775662017885,-0.1538520307927088,-0.1892758261565263,-0.1792223465955371,108.9,109.06712108336653,-0.1671210833665242,0.1671210833665242
1.132426334979572,1.130080812425762,1.1319903771468562,1.1382263602940106,1.1418748824657918,146.5,146.94718451565444,-0.44718451565444184,0.44718451565444184
2.0037919520586,2.0117839363561725,2.0310884104619245,2.0353662419102085,2.014787047813813,173.7,173.2961879051703,0.40381209482967506,0.40381209482967506
-0.8413488127979227,-0.8512745222493179,-0.8480086006315484,-0.8414402419439473,-0.8374251649183418,87.3,87.23536518209552,0.06463481790447645,0.06463481790447645
1.1819357450408805,1.1531966246636376,1.1914895117044704,1.118363484686272,1.1526379474194968,148.6,148.53835912100755,0.06164087899244919,0.06164087899244919
-1.036085825705736,-1.0295965023700753,-1.026506004304393,-1.016895643145639,-1.0168095808134463,81.4,81.30354888251532,0.09645111748469049,0.09645111748469049
0.6637372530658529,0.684275862123869,0.6923578829155907,0.6913116591198896,0.6605726958180047,133.6,132.74090128899988,0.8590987110001151,0.8590987110001151
-0.7522318746875676,-0.7786248266445653,-0.7752874361722413,-0.7619887395129927,-0.7811260559297248,90.3,89.98240690345465,0.3175930965453517,0.3175930965453517
-1.0888958631044647,-1.1055484568659533,-1.0727831089603157,-1.0599318736290733,-1.0593098885793637,79.8,79.72732912216125,0.07267087783874615,0.07267087783874615
2.195228337628992,2.163687845347928,2.166614216954269,2.1346806199489023,2.1618822688477985,179.6,179.2007859787562,0.39921402124380734,0.39921402124380734
-0.151517699277026,-0.177613708459791,-0.1571575382681316,-0.1528605542090055,-0.1579721927125786,107.7,108.14186940240954,-0.4418694024095373,0.4418694024095373
0.1752444071276096,0.188937028455099,0.1965317616021338,0.2013607274623348,0.1930693103929167,117.9,117.95019431414453,-0.05019431414451958,0.05019431414451958
-0.5376910977552312,-0.5177463742456796,-0.514152345613821,-0.5070818358803459,-0.4816920693971288,97.5,96.33499618354153,1.1650038164584657,1.1650038164584657
-0.8842569681843899,-0.9140174411806956,-0.9339517949925474,-0.9738594126622052,-0.9422960542108644,87.2,86.03699339631238,1.16300660368762,1.16300660368762
0.8584742659736652,0.8097616999866236,0.7783010772765897,0.7409688481392364,0.7676513933061587,139.0,138.8303406860296,0.16965931397041345,0.16965931397041345
-1.4090567148342592,-1.4093562748494657,-1.409944871453466,-1.3744274040849362,-1.3739225564569306,70.1,70.00676923837969,0.09323076162030475,0.09323076162030475
1.2281445277647685,1.2489621325062668,1.2410721238358162,1.1547787566337928,1.1962421592832306,147.1,149.8733064343587,-2.773306434358716,2.773306434358716
0.1158331150540396,0.0964737795035949,0.0808389999623272,0.0755625152799898,0.1086206469099923,115.9,116.23062791264395,-0.33062791264394775,0.33062791264394775
-0.8908582228592311,-0.89750614672507,-0.8975912127628941,-0.8910974309632941,-0.8713702159261848,86.0,85.71978616023516,0.2802138397648406,0.2802138397648406
-1.072392726417362,-1.1022461979748284,-1.0694776014848926,-1.0466899565572474,-1.0493747516990188,79.7,80.24930495208426,-0.5493049520842561,0.5493049520842561
0.1158331150540396,0.1526121806527223,0.1899207466512881,0.1881188103905088,0.1731990366322294,116.7,116.08196470417202,0.6180352958279798,0.6180352958279798
0.2544594632257032,0.2450754296042259,0.27916944848771,0.2510179164816816,0.2540600117972532,120.5,120.40471834972965,0.09528165027035129,0.09528165027035129
-1.4090567148342592,-1.4093562748494657,-1.409944871453466,-1.3777378833528926,-0.915526379838826,70.0,69.62955306691812,0.3704469330818796,0.3704469330818796
0.4987058861948244,0.4828380697652356,0.5039439568164775,0.4761305067027202,0.4811882799229009,125.8,127.82167789193828,-2.021677891938282,2.021677891938282
-0.0888057798660351,-0.0719414239437866,-0.084436373808825,-0.0734090517780504,-0.0856664743056288,109.6,109.9679952150961,-0.36799521509610145,0.36799521509610145
-0.894158850196652,-0.89750614672507,-0.887674690336625,-0.8712345553555555,-0.8821332808798911,85.8,85.61633459762928,0.18366540237072115,0.18366540237072115
-0.5938017624913807,-0.5837915520681823,-0.6529836595815885,-0.6461219651345169,-0.630443146577838,95.1,94.73942449347297,0.3605755065270273,0.3605755065270273
-1.0888958631044647,-1.098943939083703,-1.029811511779816,-0.9672384541262924,-0.9939035707837636,79.6,79.6418846484626,-0.04188464846259876,0.04188464846259876
1.115923198292469,1.08384918795001,1.1253793621960095,1.1878835493133573,1.1410469543924295,147.3,146.45684450005416,0.8431554999458513,0.8431554999458513
-0.2307327553751191,-0.2139385562621673,-0.1571575382681316,-0.1363081578692232,-0.1656995213972908,104.0,105.609029699535,-1.6090296995350002,1.6090296995350002
2.333854685800656,2.3684278965976877,2.3550281430533837,2.3995189613854184,2.3738318556284765,183.5,183.21097069616354,0.28902930383645753,0.28902930383645753
-0.9106619868837548,-0.9173197000718206,-0.8645361380086637,-0.9142707858389894,-0.9130425956187396,84.6,85.14903559428552,-0.5490355942855274,0.5490355942855274
-1.036085825705736,-1.0527123146079511,-1.092616153812854,-1.0533109150931603,-1.0750405219732415,84.0,81.38391326223298,2.61608673776702,2.61608673776702
-1.3958542054845766,-1.3565201325914638,-1.3405292144695824,-1.351254049209241,-1.352120450525064,70.8,70.35055573241159,0.4494442675884045,0.4494442675884045
0.1257349970663012,0.1327986273059717,0.1469491494707881,0.1517035384429881,0.1497410745536395,115.6,116.45620514886517,-0.8562051488651719,0.8562051488651719
-0.8677538314972871,-0.9074129233984451,-0.887674690336625,-0.9341336614467278,-0.91994199623009,86.4,86.54319753963452,-0.14319753963451376,0.14319753963451376
0.1752444071276096,0.2021460640195993,0.193226254126711,0.1748768933186833,0.1867218618304757,118.0,117.94491601443403,0.055083985565971716,0.055083985565971716
1.2644514284763944,1.2588689091796426,1.284043721016316,1.2309197797967917,1.2577848127364737,152.9,150.97640084586922,1.923599154130784,1.923599154130784
0.6307309796916473,0.6512532732126177,0.7353294800960907,0.7045535761917155,0.6779591853586073,132.2,131.69912758649008,0.5008724135099101,0.5008724135099101
-0.5905011351539604,-0.6201163998705586,-0.6529836595815885,-0.6295695687947347,-0.6486575641918019,92.9,94.90758765958033,-2.0075876595803237,2.0075876595803237
-1.1053989997915676,-1.128664269103829,-1.095921661288277,-1.1162100211843329,-1.0993264121251938,79.0,79.26821629360076,-0.2682162936007586,0.2682162936007586
-0.9502695149328012,-0.9371332534185716,-0.9240352725662784,-0.90433934803512,-0.9086269792274756,84.1,83.86700094734351,0.23299905265648135,0.23299905265648135
-0.7819375207243527,-0.8314609689025673,-0.8843691828612017,-0.9076498273030764,-0.8810293767820747,88.8,89.19702553483377,-0.397025534833773,0.397025534833773
-0.0557995064918295,-0.052127870597036,-0.0183262243003641,0.025905326260643,-0.0081172114340525,111.8,110.93297981228712,0.8670201877128818,0.8670201877128818
2.432873505923273,2.457588886658065,2.4376658299389597,2.4028294406533743,2.411640570978673,186.1,186.29956497893403,-0.1995649789340348,0.1995649789340348
-0.0789038978537736,-0.0389188350325353,-0.0513812990545945,-0.0734090517780504,-0.0779391456209171,110.4,110.24440999549911,0.155590004500894,0.155590004500894
-1.1714115465399788,-1.1649891169062057,-1.17525384069843,-1.1658672102036791,-1.1746678668011377,77.0,77.22920409283597,-0.2292040928359711,0.2292040928359711
-0.1251126805776611,-0.1445911195485396,-0.160463045743555,-0.119755761529441,-0.1510727921012281,110.4,108.94032043420978,1.4596795657902248,1.4596795657902248
-1.0195826890186332,-0.999876172349949,-0.9802288996484704,-0.9970327675379006,-1.01846543696017,81.3,81.80365723200305,-0.5036572320030501,0.5036572320030501
0.1389375064159836,0.1228918506325964,0.1337271195690962,0.1947397689264218,0.1762347729012226,115.2,116.86275329484553,-1.6627532948455297,1.6627532948455297
-1.230822838613549,-1.2277320358375834,-1.2744190649611216,-1.3214597357976328,-1.27125947536004,74.1,75.4906499241167,-1.3906499241167012,1.3906499241167012
-0.5079854517184463,-0.4583057142054273,-0.4414311811545139,-0.4441827297891731,-0.4320163849954062,97.2,97.17280745872101,0.02719254127899262,0.02719254127899262
1.0169043781698524,1.0277107868008832,1.0162976155070496,0.9958757517718828,0.9856724526248242,144.0,143.47521366217816,0.5247863378218369,0.5247863378218369
-0.0425969971421471,-0.0587323883792859,-0.0612978214808636,-0.0270623420266604,-0.0439940946130736,112.0,111.41203320241708,0.5879667975829221,0.5879667975829221
1.1456288443292544,1.1598011424458885,1.1386013920977018,1.0819482127387512,1.0935790781863404,147.8,147.39557965648714,0.40442034351286793,0.40442034351286793
-0.3429540848474184,-0.3196108407781716,-0.3290439269901301,-0.3382473932145666,-0.3453599133168493,102.3,102.27795345398206,0.022046546017932656,0.022046546017932656
0.2049500531643948,0.2087505818018497,0.193226254126711,0.2046712067302911,0.1671275640942412,119.6,118.91150159560756,0.6884984043924334,0.6884984043924334
-1.1483071551780348,-1.1583845991239556,-1.1421987659441997,-1.175798648007549,-1.1826711715103042,78.8,77.98949978480726,0.8105002151927323,0.8105002151927323
-0.3132484388106331,-0.3163085818870467,-0.3224329120392839,-0.3547997895543489,-0.3337689202897803,102.8,103.23952378776367,-0.43952378776367595,0.43952378776367595
0.6901422717652168,0.6809736032327441,0.6626083156367831,0.6913116591198896,0.6862384660922275,131.7,133.58060968619816,-1.88060968619817,1.88060968619817
-0.1152107985653995,-0.15119563733079,-0.1340189859401707,-0.1363081578692232,-0.133686302560626,108.6,109.26831003609215,-0.6683100360921514,0.6683100360921514
1.59121353488103,1.5626767271631543,1.5947614237060823,1.608314416343826,1.5980632508882644,160.5,160.866212533599,-0.36621253359899697,0.36621253359899697
-0.8644532041598667,-0.871088075596069,-0.8810636753857789,-0.9242022236428584,-0.8893086575156958,84.6,86.57281460982172,-1.9728146098217252,1.9728146098217252
-0.6433111725526891,-0.6300231765439344,-0.6298451072536276,-0.6726057992781684,-0.6439659717760833,92.9,93.21242974127681,-0.31242974127680156,0.31242974127680156
0.8584742659736652,0.8758068778091262,0.8576332566867431,0.8800089773934069,0.8700384983785951,136.9,138.62281933468188,-1.7228193346818728,1.7228193346818728
0.142238133753404,0.1261941095237213,0.1039775522902886,0.0821834738159023,0.1146921194479796,116.8,117.0476018583255,-0.24760185832550974,0.24760185832550974
0.5977247063174417,0.5984171309546158,0.6361642558333993,0.6383439908325865,0.6117249394896449,130.3,130.7544304941619,-0.4544304941618975,0.4544304941618975
0.036618058955946,0.0304286016810923,0.0543949401589429,-0.0071994664189214,-0.0050814751650593,113.8,113.85408522555976,-0.05408522555975992,0.05408522555975992
-0.1845239726512316,-0.1611024140041653,-0.1174914485630554,-0.0800300103139634,-0.0964295392593351,107.2,106.97463997180157,0.2253600281984376,0.2253600281984376
-0.7984406574114555,-0.8149496744469417,-0.8050370034510489,-0.818266887068252,-0.8120353706685737,87.8,88.56382211487488,-0.763822114874884,0.763822114874884
-0.2406346373873807,-0.2205430740444176,-0.2100456578749006,-0.252174932247699,-0.2518040410269397,105.2,105.39417929117725,-0.19417929117724952,0.19417929117724952
-1.131804018490932,-1.1055484568659533,-1.1289767360425074,-1.1128995419163763,-1.1100894770789005,78.3,78.37630660148142,-0.07630660148141999,0.07630660148141999
-0.2571377740744835,-0.2568679218467939,-0.2761558073833616,-0.2720378078554376,-0.2747100510566225,105.0,104.92005220215967,0.07994779784033312,0.07994779784033312
-0.9337663782456984,-0.9602490656564476,-0.967006869746778,-0.95068605778651,-0.9635462080938229,84.1,84.49040717484677,-0.39040717484677145,0.39040717484677145
2.168823318929628,2.157083327565678,2.1600032020034234,2.1876482882362054,2.1905837753910147,177.8,178.30654275791287,-0.5065427579128539,0.5065427579128539
0.0300168042811047,0.0304286016810923,0.0213398654047125,-0.0138204249548344,0.0203083190847096,113.8,113.61401295042961,0.18598704957038592,0.18598704957038592
-1.102098372454147,-1.069223609063577,-1.0628665865340463,-1.013585163877683,-1.041647423014307,79.3,79.21803520082366,0.08196479917633326,0.08196479917633326
-0.9436682602579604,-0.973458101220948,-0.963701362271355,-0.9275127029108152,-0.9836924578789652,84.2,84.19553358284483,0.004466417155171598,0.004466417155171598
-0.6631149365772128,-0.6828593188019363,-0.6827332268603962,-0.6891581956179507,-0.6423101156293598,91.8,92.63469657466614,-0.8346965746661397,0.8346965746661397
-0.8347475581230815,-0.8413677455759426,-0.824870048303587,-0.8083354492643827,-0.812863298741936,87.5,87.41007757304222,0.0899224269577843,0.0899224269577843
0.7693573278633105,0.7602278166197466,0.7584680324240517,0.6813802213160198,0.6912060345323998,135.3,136.07060047772725,-0.7706004777272426,0.7706004777272426
0.2775638545876468,0.264888982950977,0.2659474185860181,0.2708807920894202,0.2645471007265053,122.8,121.11348343916417,1.6865165608358268,1.6865165608358268
1.0895181795931044,1.093755964623386,1.0923242874417791,1.1878835493133573,1.150154163199411,145.7,145.5680658485853,0.131934151414697,0.131934151414697
-0.2670396560867456,-0.2370543685000433,-0.2629337774816692,-0.2753482871233943,-0.3039635096487484,103.6,104.59683061986007,-0.9968306198600771,0.9968306198600771
-0.2109289913505959,-0.1842182262420413,-0.180296090596093,-0.1694129505487877,-0.1839139390112556,106.2,106.23524449976793,-0.035244499767927095,0.035244499767927095
-0.5112860790558668,-0.5144441153545547,-0.5009303157121286,-0.5269447114880844,-0.5327476339211191,97.7,97.24280996777767,0.45719003222232857,0.45719003222232857
0.0498205683056284,0.0634511905923436,0.0577004476343663,0.0490786811363378,0.0495617776768345,114.5,114.17606812633952,0.32393187366048437,0.32393187366048437
0.9277874400594976,0.9220385022848784,0.923743406195204,0.8998718530011464,0.9470358092012626,141.3,140.76156515140568,0.5384348485943349,0.5384348485943349
-0.0987076618782967,-0.0884527183994123,-0.1075749261367859,-0.1561710334769617,-0.1339622785850807,109.7,109.73040372271016,-0.030403722710161674,0.030403722710161674
-0.069002015841512,-0.0653369061615362,-0.1108804336122093,-0.1164452822614847,-0.0820787859877257,110.7,110.61113995497723,0.0888600450227699,0.0888600450227699
1.8420612125249924,1.8400664740176655,1.7435092601001196,1.7308021492582155,1.7664086258052076,168.1,168.51125586852444,-0.4112558685244494,0.4112558685244494
-0.2208308733628575,-0.2205430740444176,-0.2199621803011697,-0.2720378078554376,-0.2264142467771721,108.4,106.02403014450312,2.3759698554968907,2.3759698554968907
2.611107382143983,2.616097313432072,2.6492183083660343,2.608079155266675,2.620278445465903,190.6,191.6927301195722,-1.0927301195721952,1.0927301195721952
-1.1846140558896612,-1.1881049291440815,-1.1851703631246993,-1.1360728967920717,-1.1467942883312834,77.2,76.79637663512617,0.40362336487383743,0.40362336487383743
0.5416140415812916,0.5191629175676125,0.5270825091444384,0.5588924884016315,0.5537699743543035,130.1,129.08847423188553,1.011525768114467,1.011525768114467
1.1819357450408805,1.1928237313571397,1.1716564668519325,1.2209883419929215,1.1932064230142363,148.3,148.41291335434786,-0.1129133543478531,0.1129133543478531
-0.0062900964305211,0.0073127894432167,-0.0348537616774793,-0.0535461761703119,-0.0484097110043379,110.8,112.52122423405432,-1.7212242340543185,1.7212242340543185
-1.220920956601287,-1.217825259164208,-1.224836452829776,-1.21221391995507,-1.2155123184203307,75.5,75.72748318979434,-0.22748318979434146,0.22748318979434146
-1.2473259753006516,-1.2640568836399595,-1.2678080500102753,-1.285044463850112,-1.2544249378683454,74.7,74.9784998141961,-0.2784998141960955,0.2784998141960955
1.8321593305127304,1.886298098493418,1.9021736189204248,1.8996365919239944,1.8878380765649712,167.7,167.99710875411537,-0.29710875411538495,0.29710875411538495
-0.8281463034482408,-0.8413677455759426,-0.8579251230578174,-0.8745450346235119,-0.8719221679750927,86.8,87.68966810691153,-0.8896681069115289,0.8896681069115289
0.921186185384656,0.9253407611760032,0.9303544211460506,0.9263556871447974,0.9550391139104292,140.8,140.5275979941569,0.27240200584310514,0.27240200584310514
-1.3463447954232683,-1.3532178737003382,-1.3504457368958516,-1.3347016528694586,-1.3501886183538856,70.8,71.95266306007711,-1.152663060077117,1.152663060077117
0.1092318603791984,0.0964737795035949,0.0742279850114815,0.0457682018683815,0.0490098256279261,115.6,116.07285841241149,-0.4728584124114974,0.4728584124114974
-0.6895199552765772,-0.6630457654551857,-0.686038734335819,-0.6891581956179507,-0.686190303517546,92.8,91.78107668663996,1.018923313360034,1.018923313360034
-0.1845239726512316,-0.1809159673509159,-0.180296090596093,-0.172723429816744,-0.1643196412750206,106.1,107.07707723198845,-0.97707723198846,0.97707723198846
0.7000441537774789,0.6743690854504933,0.6659138231122069,0.6880011798519333,0.6696799046249862,134.3,133.9282402165797,0.3717597834203161,0.3717597834203161
2.5153891893587867,2.487309216678192,2.5169980093491127,2.492212380888199,2.4800826250432686,187.9,188.8791732824837,-0.9791732824836856,0.9791732824836856
-0.3066471841357919,-0.3064018052136709,-0.3125163896130149,-0.325005476142741,-0.3323890401675106,103.5,103.43208719669126,0.06791280330874372,0.06791280330874372
-0.5013841970436052,-0.5045373386811789,-0.4943193007612824,-0.5004608773444329,-0.5084617437691656,97.8,97.52464459594748,0.2753554040525188,0.2753554040525188
-0.8347475581230815,-0.8512745222493179,-0.8843691828612017,-0.90433934803512,-0.8672305755593747,87.3,87.48916183762461,-0.18916183762461003,0.18916183762461003
-0.7456306200127268,-0.7621135321889397,-0.7918149735493566,-0.752057301709123,-0.7676032307314786,90.9,90.15742567610323,0.7425743238967755,0.7425743238967755
-0.6070042718410632,-0.6003028465238079,-0.6265395997782043,-0.6328800480626909,-0.602845544132437,94.1,94.30937783112608,-0.20937783112609054,0.20937783112609054
-0.1350145625899232,-0.1148707895284132,-0.1406300008910164,-0.1528605542090055,-0.141137655220884,108.7,108.58168433964457,0.11831566035543517,0.11831566035543517
-0.9040607322089136,-0.9008084056161948,-0.890980197812048,-0.9010288687671634,-0.911386739472016,85.3,85.33102133899558,-0.031021338995586234,0.031021338995586234
0.5416140415812916,0.5191629175676125,0.5832761362266308,0.5820658432773262,0.5728123200416305,130.4,129.07526472770957,1.3247352722904395,1.3247352722904395
-0.9271651235708576,-0.8644835578138187,-0.890980197812048,-0.9175812651069456,-0.8956561060781378,84.0,84.51874420461876,-0.5187442046187556,0.5187442046187556
0.7396516818265252,0.740414263272996,0.7221074501943984,0.6714487835121511,0.6757513771629745,136.1,135.13854984636046,0.9614501536395323,0.9614501536395323
-0.6037036445036423,-0.6267209176528089,-0.590179017548551,-0.626259089526778,-0.5909785750809138,94.5,94.44852139493284,0.05147860506716029,0.05147860506716029
0.6637372530658529,0.6512532732126177,0.642775270784245,0.6747592627801073,0.6481537747175745,132.3,132.7938401011897,-0.4938401011896758,0.4938401011896758
0.9475912040840208,0.9451543145227548,0.923743406195204,0.9329766456807108,0.9324090799052004,141.4,141.3768253841616,0.02317461583839986,0.02317461583839986
-1.1219021364786703,-1.128664269103829,-1.092616153812854,-1.043379477289291,-1.077800282217782,78.2,78.68910557308459,-0.48910557308458635,0.48910557308458635
0.0333174316185256,0.0106150483343416,-0.0612978214808636,-0.1230662407973972,-0.0887022105746234,115.2,113.85989161733129,1.340108382668717,1.340108382668717
-1.1120002544664087,-1.1154552335393286,-1.1388932584687763,-1.1195205004522897,-1.1429306239889272,80.2,79.06379190391814,1.1362080960818588,1.1362080960818588
-1.2902341306871192,-1.3301020614624623,-1.2810300799119672,-1.1724881687395925,-1.235382592181019,74.1,73.61646690293648,0.4835330970635141,0.4835330970635141
1.1555307263415155,1.1598011424458885,1.181572989278202,1.211056904189052,1.1816154299871684,147.7,147.61204131695717,0.08795868304281385,0.08795868304281385
-0.3957641222461471,-0.3790515008184239,-0.3885430615477449,-0.3812836236980008,-0.3831686286670477,100.9,100.67243844763138,0.22756155236862696,0.22756155236862696
-0.0062900964305211,0.0271263427899673,-0.0150207168249407,-0.0932719273857894,-0.0103250196296849,113.4,112.47841969429827,0.9215803057017382,0.9215803057017382
0.719847917802002,0.737112004381871,0.7320239726206679,0.7211059725314978,0.7303946300048679,134.3,134.43767007678917,-0.13767007678916343,0.13767007678916343
0.0168142949314228,0.0139173072254666,0.0147288504538663,0.0225948469926863,0.0117530623266352,112.4,113.20047010768168,-0.8004701076816758,0.8004701076816758
-1.366148559447792,-1.396147239284965,-1.383500811650082,-1.3711169248169794,-1.360399731258684,71.0,71.38079444158534,-0.38079444158533704,0.38079444158533704
-1.23742409328839,-1.2607546247488346,-1.2578915275840064,-1.2552501504385036,-1.2502852975015353,74.6,75.28571076926526,-0.6857107692652704,0.6857107692652704
0.5845221969677592,0.6017193898457407,0.6262477334071298,0.5986182396171086,0.5857831931909693,129.1,130.35148588948874,-1.2514858894887482,1.2514858894887482
0.1554406431030864,0.1327986273059717,0.1800042242250186,0.1583244969789011,0.1395299616488402,116.1,117.43760911475027,-1.337609114750279,1.337609114750279
-0.5805992531416988,-0.6069073643060583,-0.6100120624010891,-0.5832228590433441,-0.5962221195455407,94.8,95.16162924173034,-0.3616292417303413,0.3616292417303413
-0.8776557135095492,-0.8875993700516946,-0.8513141081069713,-0.8579926382837295,-0.8884807294423331,86.3,86.14838126581782,0.15161873418217908,0.15161873418217908
0.1851462891398712,0.165821216217223,0.1866152391758648,0.1715664140507266,0.1665756120453337,116.7,118.33528740730023,-1.6352874073002255,1.6352874073002255
-0.0723026431789323,-0.078545941726037,-0.0546868065300174,-0.0833404895819202,-0.0699358409117502,110.6,110.51119262440659,0.08880737559340446,0.08880737559340446
-1.3199397767239038,-1.3334043203535877,-1.3405292144695824,-1.3181492565296764,-1.3286624884464735,73.0,72.76518434810106,0.23481565189894127,0.23481565189894127
-1.214319701926446,-1.2376388125109583,-1.2479750051577367,-1.2519396711705475,-1.2522171296727136,76.3,76.00954691361204,0.29045308638795575,0.29045308638795575
-0.7225262286507828,-0.7323932021688133,-0.7257048240408956,-0.7189525090295585,-0.6972293444957075,90.5,90.81273365034741,-0.3127336503474112,0.3127336503474112
-1.0459877077179975,-1.1121529746482035,-1.1289767360425074,-1.1393833760600278,-1.1277519426439568,80.7,81.20868797015561,-0.5086879701556057,0.5086879701556057
-0.5838998804791191,-0.573884775394807,-0.590179017548551,-0.6527429236704295,-0.6365146191158249,93.6,95.06694664814042,-1.4669466481404214,1.4669466481404214
-0.0591001338292499,-0.0224075405769096,-0.0051041943986717,-0.0038889871509652,-0.0103250196296849,111.4,110.797512820367,0.6024871796330018,0.6024871796330018
-0.1251126805776611,-0.15119563733079,-0.1538520307927088,-0.1528605542090055,-0.1403097271475218,108.4,108.952507673812,-0.5525076738119878,0.5525076738119878
-1.0789939810922031,-1.0890371624103277,-1.089310646337431,-1.056621394361117,-1.0830438266824076,79.7,80.04292031424967,-0.3429203142496675,0.3429203142496675
-0.7852381480617732,-0.7918338622090656,-0.7091772866637804,-0.6328800480626909,-0.686190303517546,89.1,88.81572126803478,0.284278731965216,0.284278731965216
0.0201149222688432,0.0337308605722177,0.041172910257251,-0.0005785078830089,-0.0059094032384215,115.9,113.30720417903274,2.592795820967268,2.592795820967268
-0.64661179989011,-0.623418658761684,-0.6265395997782043,-0.5070818358803459,-0.5713842773446797,91.2,92.98286852478915,-1.7828685247891514,1.7828685247891514
1.861864976549516,1.882995839602292,1.8790350665924644,1.883084195584212,1.8767990355868096,169.0,168.9813066446115,0.018693355388506916,0.018693355388506916
0.0102130402565816,-0.002593987230159,-0.0117152093495179,-0.0171309042227911,0.0150647746200826,113.0,113.01353316407292,-0.01353316407292482,0.01353316407292482
-1.29683538536196,-1.3069862492245867,-1.3206961696170438,-1.3678064455490233,-1.3526724025739718,71.8,73.52144832643478,-1.721448326434782,1.721448326434782
0.4524971034709368,0.489442587547486,0.4841109119639389,0.4496466725590687,0.4017071848801469,126.7,126.3753350702814,0.32466492971860816,0.32466492971860816
-1.0327851983683152,-1.0890371624103277,-1.095921661288277,-1.043379477289291,-1.0510306078457432,82.0,81.51877814889974,0.4812218511002584,0.4812218511002584
-0.8314469307856611,-0.8413677455759426,-0.7818984511230875,-0.7984040114605135,-0.7805741038808169,88.6,87.49555039437126,1.10444960562873,1.10444960562873
0.0333174316185256,0.0106150483343416,-0.1538520307927088,-0.1528605542090055,0.0236200313781575,113.7,113.76037656064973,-0.06037656064972907,0.06037656064972907
-0.9238644962334368,-0.923924217854071,-0.9570903473205088,-0.9242022236428584,-0.901727578616126,83.8,84.70493095866675,-0.9049309586667533,0.9049309586667533
1.2215432730899267,1.229148579159516,1.284043721016316,1.303750323691833,1.2831746069862426,150.0,149.57350334704378,0.4264966529562173,0.4264966529562173
-0.9139626142211752,-0.9107151822895708,-1.019894989353547,-1.0797947492368118,-1.0350239984274108,86.0,85.15853406496294,0.8414659350370641,0.8414659350370641
-0.3825616128964652,-0.375749241927299,-0.3918485690231681,-0.3845941029659571,-0.4038668305010982,101.0,101.11615952128075,-0.1161595212807498,0.1161595212807498
-1.1285033911535116,-1.1121529746482035,-1.102532676239123,-1.1128995419163763,-1.122508398179331,78.6,78.50817205431203,0.09182794568796737,0.09182794568796737
1.673729218316544,1.678255788352534,1.7468147675755423,1.6910763980427377,1.706797804523143,163.7,163.3076026945311,0.39239730546887586,0.39239730546887586
0.1950481711521328,0.2252618762574753,0.20314277655298,0.2046712067302911,0.2132155601780602,118.5,118.5290684169421,-0.02906841694209561,0.02906841694209561
-1.1086996271289884,-1.1319665279949542,-1.178559348173853,-1.2585606297064604,-1.216892198542601,79.7,79.2933547452071,0.40664525479290603,0.40664525479290603
-0.1383151899273435,-0.1181730484195387,-0.1307134784647474,-0.1164452822614847,-0.135894110756257,108.4,108.46430654183177,-0.06430654183176898,0.06430654183176898
-0.7720356387120911,-0.7323932021688133,-0.7422323614180109,-0.6593638822063425,-0.7035767930581486,90.0,89.1804327221489,0.8195672778511067,0.8195672778511067
0.4656996128206188,0.4696290342007354,0.4874164194393622,0.5191667371861545,0.4925032969255143,127.6,126.73706576152725,0.8629342384727465,0.8629342384727465
0.435993966783834,0.413490633051608,0.4675833745868237,0.4562676310949817,0.4461393248172424,125.3,125.9012900176017,-0.6012900176016984,0.6012900176016984
2.3008484124264506,2.3122894954485598,2.3054455309220376,2.2935836248108123,2.289935144194458,182.0,182.30706047512604,-0.3070604751260362,0.3070604751260362
-0.8809563408469696,-0.8875993700516946,-0.8942857052874712,-0.9606174955903798,-0.9417441021619564,86.6,86.11007958465845,0.48992041534154396,0.48992041534154396
-0.9403676329205396,-0.9008084056161948,-0.9868399145993164,-0.9374441407146844,-0.9594065677270128,83.9,84.18073867502804,-0.28073867502803296,0.28073867502803296
2.231535238340619,2.2132217287148053,2.12364261977377,2.108196785805251,2.148083467625099,181.0,180.32848143562796,0.671518564372036,0.671518564372036
-1.1086996271289884,-1.1022461979748284,-1.105838183714546,-1.1393833760600278,-1.1249921823994165,79.0,79.15048452396044,-0.15048452396044354,0.15048452396044354
0.2676619725753852,0.2549822062776017,0.27916944848771,0.2940541469651154,0.2604074603596952,121.6,120.80254467366758,0.7974553263324111,0.7974553263324111
1.0631131608937403,1.0970582235145108,1.1518234219993944,1.1150530054183156,1.1211766806317414,144.7,144.75983233884165,-0.05983233884165884,0.05983233884165884
-0.953570142270222,-0.9272264767451964,-0.9306462875171244,-0.8712345553555555,-0.9213218763523602,85.1,83.74409845057949,1.3559015494205084,1.3559015494205084
-1.0228833163560536,-1.0163874668055746,-1.0628665865340463,-1.0797947492368118,-1.0659333131662592,82.3,81.77021341886956,0.5297865811304376,0.5297865811304376
-0.2901440474486891,-0.2568679218467939,-0.2199621803011697,-0.179344388352657,-0.1897094355247882,103.5,103.75307550521187,-0.25307550521186783,0.25307550521186783
1.875067485899198,1.8598800273644165,1.85259100678908,1.8466689236366916,1.8577566898994848,170.8,169.46714514452597,1.3328548554740394,1.3328548554740394
-0.9502695149328012,-0.9338309945274462,-0.900896720238317,-0.9142707858389894,-0.9100068593497452,83.5,83.87082920156828,-0.37082920156828436,0.37082920156828436
-1.244025347963231,-1.2574523658577097,-1.25128051263316,-1.2618711089744168,-1.27401923560458,75.2,75.08859938011571,0.11140061988429295,0.11140061988429295
-0.2274321280376987,-0.2172408151532927,-0.2034346429240545,-0.2687273285874813,-0.2548397772959347,105.5,105.82935033423884,-0.3293503342388391,0.3293503342388391
-0.1713214633015491,-0.1247775662017885,-0.170379568169824,-0.1164452822614847,-0.1251310458025507,108.4,107.38067814541655,1.0193218545834526,1.0193218545834526
-0.7324281106630444,-0.722486425495438,-0.7389268539425881,-0.7255734675654715,-0.7071644813760501,90.8,90.48379108606784,0.316208913932158,0.316208913932158
2.5516960900704126,2.513727287807193,2.497164964496573,2.4160713577252007,2.457176615013584,191.0,190.0667962478542,0.9332037521458005,0.9332037521458005
1.2182426457525064,1.2489621325062668,1.1947950191798942,1.2176778627249656,1.212800720750471,149.6,149.5080850764047,0.09191492359528297,0.09191492359528297
-1.2770316213374369,-1.2640568836399595,-1.2578915275840064,-1.21221391995507,-1.2428339448412773,73.5,73.97798509728132,-0.4779850972813193,0.4779850972813193
-0.9700732789573248,-0.9635513245475726,-0.9471738248942398,-0.910960306571033,-0.930429085159342,83.0,83.27378077364583,-0.2737807736458251,0.2737807736458251
0.8089648559123568,0.789948146639873,0.7981341221291287,0.7509002859431061,0.7541285681079125,138.7,137.25410353275126,1.4458964672487298,1.4458964672487298
-0.7951400300740352,-0.8182519333380666,-0.7620654062705494,-0.7321944261013845,-0.7631876143402139,89.3,88.61571582717518,0.6842841728248175,0.6842841728248175
0.6505347437161705,0.6545555321037427,0.6923578829155907,0.7608317237469748,0.7061087398529158,131.8,132.29169049928257,-0.49169049928255504,0.49169049928255504
0.2643613452379648,0.2549822062776017,0.2461143737334795,0.2079816859982478,0.2129395841536064,119.8,120.75588725859632,-0.9558872585963201,0.9558872585963201
-1.2341234659509697,-1.2640568836399595,-1.261197035059429,-1.3115282979937637,-1.2947174374386303,75.6,75.45223137499076,0.1477686250092347,0.1477686250092347
1.7760486657765813,1.7839280728685378,1.8360634694119644,1.869842278512386,1.837334464089888,166.3,166.34893871268844,-0.04893871268842531,0.04893871268842531
2.1259151635431603,2.124060738654427,2.166614216954269,2.23068451871964,2.180648638510672,178.4,176.9481836952746,1.451816304725412,1.451816304725412
-1.3463447954232683,-1.340008838135838,-1.3702787817483897,-1.3810483626208487,-1.3819258611660967,72.2,71.97180383839876,0.22819616160124667,0.22819616160124667
1.785950547788843,1.7971371084330383,1.799702887182311,1.8400479651007775,1.8069771013999465,166.7,166.6817575024031,0.01824249759690133,0.01824249759690133
-0.7555325020249883,-0.745602237733314,-0.7554543913197033,-0.7851620943886876,-0.7681551827803866,90.1,89.82883842828086,0.2711615717191336,0.2711615717191336
-0.871054458834708,-0.8545767811404433,-0.8612306305332408,-0.8546821590157733,-0.8564675106056688,86.7,86.28836963037249,0.41163036962751676,0.41163036962751676
-0.0855051525286148,-0.0356165761414103,-0.0579923140054402,-0.0270623420266604,-0.0337829817082757,109.8,109.97186325793847,-0.1718632579384689,0.1718632579384689
-1.1483071551780348,-1.1517800813417054,-1.1455042734196226,-1.152625293131854,-1.140446839768841,78.4,77.93737177077043,0.4626282292295798,0.4626282292295798
0.4822027495077216,0.4564199986362346,0.4477503297342856,0.2973646262330717,0.3462360039648917,127.0,127.47912080749809,-0.4791208074980915,0.4791208074980915
-0.1680208359641288,-0.1379866017662893,-0.1009639111859402,-0.0866509688498764,-0.099189299503876,108.6,107.48814402180682,1.1118559781931765,1.1118559781931765
0.6868416444277964,0.6809736032327441,0.6659138231122069,0.6383439908325865,0.6478777986931207,133.6,133.52222299237545,0.07777700762454742,0.07777700762454742
-0.2043277366757547,-0.2172408151532927,-0.2001291354486316,-0.18596534688857,-0.1899854115492429,106.9,106.50361157756315,0.396388422436857,0.396388422436857
-0.3462547121848388,-0.3328198763426723,-0.3257384195147073,-0.3448683517504796,-0.3392884407788615,102.5,102.18643076808148,0.31356923191852104,0.31356923191852104
2.2843452757393474,2.275964647646183,2.27569596364323,2.250547394327378,2.250746548721989,182.0,181.86028741480212,0.1397125851978842,0.1397125851978842
1.076315670243423,1.07724467016776,1.115462839769741,1.0951901298105762,1.088611509746168,145.5,145.24512266791075,0.2548773320892508,0.2548773320892508
-0.6301086632030072,-0.6102096231971833,-0.6397616296798966,-0.6560534029383862,-0.6555569648031527,93.8,93.61798553458962,0.1820144654103757,0.1820144654103757
-0.9040607322089136,-0.9074129233984451,-0.900896720238317,-0.9076498273030764,-0.9055912429584816,85.6,85.33584330451953,0.26415669548046594,0.26415669548046594
-0.742329992675306,-0.7191841666043126,-0.7885094660739337,-0.8281983248721217,-0.7802981278563627,90.5,90.24071056279271,0.25928943720728626,0.25928943720728626
-1.2275222112761284,-1.214523000273083,-1.2050034079772374,-1.2089034406871138,-1.19067447621947,75.2,75.48943529682836,-0.28943529682835845,0.28943529682835845
0.2313550718637592,0.2285641351486003,0.2361978513072105,0.2543283957496379,0.2421930427457309,119.8,119.67504033099695,0.12495966900304722,0.12495966900304722
-0.5145867063932876,-0.5111418564634292,-0.5207633605646667,-0.5401866285599104,-0.538267154410199,96.8,97.1358024753863,-0.33580247538630204,0.33580247538630204
0.0795262143424131,0.1063805561769707,0.1238105971428272,0.1252197042993365,0.118003831741428,115.7,115.01603133413575,0.6839686658642563,0.6839686658642563
1.0169043781698524,1.0277107868008832,0.9931590631790878,1.1018110883464898,1.0957868863819722,143.9,143.3461096509686,0.5538903490314055,0.5538903490314055
1.7892511751262636,1.8070438851064143,1.7963973797068882,1.803632693153257,1.8089089335711253,167.4,166.78515591343776,0.6148440865622433,0.6148440865622433
1.05981253355632,1.1003604824056357,0.9964645706545115,1.0322910237194045,1.0320364247330964,145.1,144.7201817648449,0.37981823515508495,0.37981823515508495
0.6175284703419648,0.6083239076279906,0.5898871511774765,0.6648278249762376,0.6133807956363693,131.5,131.3686379783113,0.1313620216886875,0.1313620216886875
-1.0294845710308949,-0.9899693956765736,-0.963701362271355,-0.8811659931594248,-0.869990335803915,81.1,81.30980683831964,-0.20980683831965052,0.20980683831965052
-0.9271651235708576,-0.9305287356363212,-0.8975912127628941,-0.9010288687671634,-0.9180101640589118,85.3,84.62299627585165,0.6770037241483493,0.6770037241483493
0.7462529365013668,0.7272052277084953,0.7154964352435527,0.5489610505977618,0.6186243401009953,135.4,135.45783111007108,-0.057831110071077774,0.057831110071077774
1.861864976549516,1.876391321820042,1.9187011562975405,1.9161889882637768,1.936961808917784,167.7,168.93726227635008,-1.2372622763500942,1.2372622763500942
2.248038375027721,2.2000126931503057,2.1533921870525776,2.1810273297002927,2.19223963153774,181.5,180.830789224202,0.6692107757980068,0.6692107757980068
-0.399064749583568,-0.4120740897296753,-0.3687100166952067,-0.3547997895543489,-0.3492235776592057,100.8,100.57787402732116,0.22212597267883893,0.22212597267883893
0.0465199409682075,0.0535444139189683,0.107283059765712,0.1252197042993365,0.0630846028750813,113.2,114.05532877907314,-0.8553287790731332,0.8553287790731332
-0.9502695149328012,-0.9569468067653224,-0.9835344071238932,-0.9705489333942492,-0.9687897525584488,84.8,83.95511570425415,0.8448842957458425,0.8448842957458425
-0.4881816876939227,-0.5210486331368046,-0.5009303157121286,-0.5103923151483022,-0.5457185070704564,98.8,98.01126997536574,0.7887300246342619,0.7887300246342619
0.270962599912806,0.2880047951888531,0.3750291652749785,0.3668846908601574,0.3771453187037406,121.7,120.76129271166567,0.9387072883343279,0.9387072883343279
0.4062883207470488,0.439908704180609,0.4907219269147851,0.459578110362938,0.4720810711159185,125.4,124.87675139412308,0.5232486058769297,0.5232486058769297
-0.0260938604550443,0.0238240838988424,0.0345618953064049,0.06563107747612,0.031071384038416,112.2,111.76031441111158,0.43968558888842324,0.43968558888842324
-0.0458976244795679,-0.0323143172502849,0.0081178355030206,0.0292158055285993,0.0009899973729298,111.5,111.22447843735831,0.2755215626416856,0.2755215626416856
-0.1185114259028204,-0.1445911195485396,-0.1472410158418626,-0.1760339090847007,-0.16293976115275,108.9,109.18597817112033,-0.28597817112031976,0.28597817112031976
0.6538353710535908,0.6512532732126177,0.5865816437020537,0.6151706359568908,0.5921306417534113,131.4,132.52621719797548,-1.1262171979754783,1.1262171979754783
0.4623989854831984,0.46632677530961,0.4378338073080166,0.4695095481668072,0.4729089991892807,126.4,126.65735749939762,-0.25735749939761376,0.25735749939761376
0.35347828334832,0.3309341607734797,0.3518906129470171,0.4198523591474604,0.4080546334425879,124.7,123.34696238423362,1.3530376157663824,1.3530376157663824
2.145718927567684,2.157083327565678,2.143475664626308,2.1413015784848155,2.1660219092146087,177.6,177.58495316789612,0.01504683210387725,0.01504683210387725
0.9838981047956468,1.0012927156718816,1.0229086304578954,1.025670065183491,1.0036108942143342,142.3,142.41196933709926,-0.11196933709925361,0.11196933709925361
-0.2307327553751191,-0.2139385562621673,-0.1836015980715164,-0.1958967846924393,-0.1897094355247882,104.5,105.64334881898948,-1.1433488189894803,1.1433488189894803
-0.0822045251911939,-0.1082662717461629,-0.0910473887596707,-0.1396186371371795,-0.1284427580959995,110.8,110.2896115748745,0.5103884251254982,0.5103884251254982
0.2643613452379648,0.2780980185154773,0.2692529260614409,0.2311550408739426,0.2593035562618797,121.3,120.68195747101143,0.6180425289885676,0.6180425289885676
-1.260528484650334,-1.2574523658577097,-1.2116144229280834,-1.2386977540987214,-1.254424937868346,75.2,74.53353217467028,0.6664678253297183,0.6664678253297183
-0.8413488127979227,-0.8578790400315682,-0.8942857052874712,-0.8646135968196426,-0.8807534007576209,87.3,87.27960669121516,0.020393308784832698,0.020393308784832698
-0.6334092905404276,-0.6300231765439344,-0.6364561222044733,-0.6097066931869957,-0.6285113144066584,93.2,93.50132100743753,-0.3013210074375223,0.3013210074375223
0.6637372530658529,0.6776713443416182,0.6659138231122069,0.644964949368499,0.656157079426741,133.1,132.7640155442163,0.33598445578368796,0.33598445578368796
0.8683761479859272,0.889015913373627,0.8774663015392811,0.8932508944652329,0.8865970598458356,139.2,138.91302735311612,0.2869726468838678,0.2869726468838678
-0.5211879610681284,-0.5111418564634292,-0.4976248082367057,-0.6063962139190394,-0.5829752703717473,96.8,96.98274502638122,-0.1827450263812267,0.1827450263812267
1.1390275896544126,1.1399875890991369,1.1419068995731247,1.1349158810260542,1.1622971082753877,148.8,147.13469880677272,1.6653011932272932,1.6653011932272932
-0.9271651235708576,-0.9107151822895708,-0.9240352725662784,-0.9440650992505976,-0.9268413968414404,84.2,84.61176374622792,-0.4117637462279191,0.4117637462279191
2.310750294438712,2.285871424319559,2.2889179935449224,2.280341707738986,2.274204510800579,182.8,182.68138147060637,0.11861852939364326,0.11861852939364326
-0.5739979984668576,-0.5672802576125566,-0.60009553997482,-0.573291421239475,-0.5882188148363743,95.6,95.31358623728083,0.28641376271916386,0.28641376271916386
-0.8611525768224464,-0.8677858167049436,-0.8612306305332408,-0.90433934803512,-0.8785455925619889,86.9,86.66413088274336,0.23586911725664095,0.23586911725664095
-0.7621337566998296,-0.7687180499711895,-0.7785929436476646,-0.7752306565848183,-0.7758825114650988,89.0,89.64483096121239,-0.6448309612123921,0.6448309612123921
2.2942471577516086,2.3155917543396853,2.2856124860694997,2.2472369150594216,2.249918620648627,182.8,182.13149224632275,0.668507753677261,0.668507753677261
0.4458958487960956,0.436606445289484,0.5204714941935927,0.5688239262055013,0.5098897864661169,126.7,126.1125766028814,0.5874233971185987,0.5874233971185987
0.508607768207086,0.5257674353498623,0.5270825091444384,0.5290981749900233,0.5363834848137019,127.6,128.02625031213913,-0.4262503121391319,0.4262503121391319
2.149019554905105,2.2396397998438067,2.2426408888889995,2.1942692467721185,2.2002429362469065,177.7,177.54954946062387,0.15045053937612352,0.15045053937612352
-0.1581189539518667,-0.2139385562621673,-0.246406240104554,-0.331626434678654,-0.267810650445273,109.3,108.10965102616206,1.190348973837942,1.190348973837942
-1.402455460159418,-1.3994494981760903,-1.330612692043313,-1.2916654223860249,-1.3278345603731112,70.5,70.15769025811893,0.342309741881067,0.342309741881067
-0.8974594775340724,-0.9173197000718206,-0.9174242576154322,-0.8281983248721217,-0.8890326814912412,86.0,85.52288411003997,0.4771158899600323,0.4771158899600323
1.0202050055072729,1.0607333757121344,1.0394361678350106,1.0024967103077962,1.0331403288309131,143.6,143.49955288753276,0.10044711246723637,0.10044711246723637
0.00031115824432,0.0205218250077169,0.0048123280275972,0.006042450652904,0.0117530623266357,112.9,112.6563424573016,0.24365754269840068,0.24365754269840068
-0.1152107985653995,-0.1379866017662893,-0.170379568169824,-0.1694129505487877,-0.1403097271475218,108.6,109.25952753607619,-0.6595275360761974,0.6595275360761974
-1.1450065278406143,-1.1583845991239556,-1.1653373182721607,-1.1724881687395925,-1.180739339339126,77.5,78.09042750872086,-0.5904275087208646,0.5904275087208646
-1.1615096645277172,-1.145175563559455,-1.1587263033213149,-1.175798648007549,-1.1777036030701318,77.4,77.533230041117,-0.13323004111698822,0.13323004111698822
1.7364411377275348,1.7178828950460352,1.7005376629196196,1.687765918774781,1.7192167256235722,165.5,165.28100844196237,0.21899155803762937,0.21899155803762937
-1.4090567148342592,-1.4093562748494657,-1.409944871453466,-1.3744274040849362,-1.400692230828969,70.0,70.02886040105972,-0.028860401059716878,0.028860401059716878
-0.8974594775340724,-0.894203887833945,-0.8975912127628941,-0.8712345553555555,-0.8603311749480251,85.7,85.4842738650446,0.21572613495540338,0.21572613495540338
-1.379351068797474,-1.3763336859382145,-1.3636677667975434,-1.3678064455490233,-1.331146272666559,70.6,70.90063715349538,-0.3006371534953871,0.3006371534953871
0.7858604645504133,0.7569255577286216,0.7485515099977831,0.7707631615508446,0.7643396810127109,137.6,136.52277799785284,1.0772220021471526,1.0772220021471526
-1.0096808070063716,-1.0295965023700753,-1.049644556632354,-1.0500004358252035,-1.0383357107208588,79.5,82.1894241853526,-2.689424185352607,2.689424185352607
-0.953570142270222,-0.894203887833945,-0.8380920782052794,-0.8248878456041651,-0.8393569970895199,83.2,83.63179395451635,-0.43179395451635116,0.43179395451635116
-1.1879146832270815,-1.1517800813417054,-1.168642825747584,-1.1923510443473313,-1.1735639627033216,76.7,76.68106648293266,0.018933517067338812,0.018933517067338812
0.9442905767466004,0.9418520556316288,0.8708552865884354,0.8204203505701914,0.874454114769859,141.4,141.34845093906745,0.05154906093255818,0.05154906093255818
-0.0161919784427827,-0.0554301294881609,-0.0282427467266331,-0.0369937798305297,-0.0415103103929879,112.6,112.27598408925037,0.32401591074962255,0.32401591074962255
-0.7753362660495116,-0.7555090144066894,-0.7356213464671647,-0.7288839468334283,-0.725930851038923,88.9,89.14706463113033,-0.2470646311303284,0.2470646311303284
-0.9040607322089136,-0.894203887833945,-0.953784839845086,-0.9308231821787716,-0.918838092132274,85.3,85.32639460129944,-0.02639460129944382,0.02639460129944382
-0.3561565941971003,-0.1544978962219149,-0.1538520307927088,-0.1528605542090055,-0.3555710262216467,100.6,101.59618739446313,-0.996187394463135,0.996187394463135
-1.2803322486748572,-1.2904749547689611,-1.2843355873873905,-1.2353872748307653,-1.2497333454526274,74.4,73.91568257884848,0.4843174211515304,0.4843174211515304
0.6472341163787501,0.6809736032327441,0.6758303455384755,0.7078640554596718,0.6925859146546686,132.7,132.17236369159482,0.5276363084051638,0.5276363084051638
-0.2934446747861099,-0.2865882518669203,-0.2893778372850535,-0.2323120566399605,-0.23662535968197,103.4,103.73038558933602,-0.3303855893360179,0.3303855893360179
-0.0789038978537736,-0.0752436828349115,-0.0910473887596707,-0.126376720065354,-0.1229232376069197,111.1,110.34232934601901,0.7576706539809805,0.7576706539809805
0.8320692472743012,0.8427842888978749,0.8774663015392811,0.8634565810536247,0.857619577278165,137.1,137.82652306814754,-0.726523068147543,0.726523068147543
-0.0624007611666707,-0.0587323883792859,-0.041464776628325,-0.0138204249548344,-0.0161205161432189,110.9,110.74212030669716,0.15787969330284568,0.15787969330284568
-0.2901440474486891,-0.2733792163024195,-0.3059053746621687,-0.265416849319525,-0.2700184586409054,104.3,103.85490718824188,0.44509281175811566,0.44509281175811566
-0.8974594775340724,-0.9140174411806956,-0.900896720238317,-0.8944079102312508,-0.8948281780047751,86.5,85.54731413445171,0.9526858655482897,0.9526858655482897
1.0664137882311608,1.0640356346032591,1.0592692126875487,1.0852586920067075,1.086955653599445,144.7,144.93509846915242,-0.23509846915243315,0.23509846915243315
2.050000734782488,2.0514110430496744,2.0707545001670016,2.0651605553218166,2.0782615334382344,174.5,174.69357505507122,-0.1935750550712214,0.1935750550712214
0.0465199409682075,0.043637637245593,0.0477839252080968,-0.0105099456868782,0.0205842951091639,114.9,114.13741831130154,0.7625816886984609,0.7625816886984609
-0.2901440474486891,-0.2733792163024195,-0.2893778372850535,-0.3117635590709151,-0.2669827223719108,103.8,103.87026579858006,-0.07026579858006698,0.07026579858006698
-0.3198496934854744,-0.3064018052136709,-0.2860723298096306,-0.252174932247699,-0.2644989381518247,102.7,102.92651492834403,-0.22651492834403086,0.22651492834403086
1.4789922054087308,1.453702183756025,1.459235617213738,1.4659638078216994,1.4537277900988186,158.6,157.49785468379505,1.1021453162049397,1.1021453162049397
-1.2869335033496982,-1.3036839903334614,-1.2942521098136597,-1.397600758960631,-1.351016546427248,73.4,73.85283885650779,-0.4528388565077819,0.4528388565077819
-0.7258268559882032,-0.7092773899309373,-0.6463726446307428,-0.6130171724549525,-0.6428620676782678,90.7,90.6078127864986,0.09218721350140413,0.09218721350140413
0.7594554458510484,0.7734368521842473,0.7849120922274364,0.8171098713022351,0.8305739268816724,135.9,135.57501048091441,0.3249895190855909,0.3249895190855909
-0.894158850196652,-0.9041106645073204,-0.9207297650908556,-0.9374441407146844,-0.912490643569832,85.7,85.6660829149077,0.033917085092298294,0.033917085092298294
-0.316549066148054,-0.2865882518669203,-0.2298787027274387,-0.1826548676206137,-0.2167550859212826,103.3,102.95468957277419,0.3453104272258116,0.3453104272258116
-1.0921964904418855,-1.1154552335393286,-1.0826996313865844,-1.0996576248445504,-1.079732114388959,79.8,79.66137355373391,0.13862644626608756,0.13862644626608756
-0.1416158172647639,-0.128079825092914,-0.170379568169824,-0.2058282224963085,-0.1968848121605934,110.2,108.4425486665331,1.7574513334669035,1.7574513334669035
1.1390275896544126,1.136685330208012,1.1220738547205866,1.144847318829923,1.1664367486421976,147.2,147.1291796118096,0.07082038819038416,0.07082038819038416
0.1521400157656656,0.1327986273059717,0.1039775522902886,0.1417721006391188,0.1246272563283242,117.9,117.33405648062585,0.5659435193741587,0.5659435193741587
-0.7720356387120911,-0.801740638882441,-0.7752874361722413,-0.7752306565848183,-0.7648434704869382,89.3,89.35938107838393,-0.059381078383935915,0.059381078383935915
0.17854503446503,0.188937028455099,0.1766987167495957,0.1814978518545958,0.1845140536348428,117.6,118.06782845677166,-0.4678284567716702,0.4678284567716702
1.5747103981939272,1.57258350383653,1.5947614237060823,1.6116248956117831,1.6044106994507066,160.9,160.30759161916086,0.5924083808391458,0.5924083808391458
0.1092318603791984,0.1261941095237213,0.1238105971428272,0.1219092250313798,0.1442215540645583,115.5,115.93701455155897,-0.43701455155897406,0.43701455155897406
-0.8182444214359788,-0.7918338622090656,-0.7818984511230875,-0.8149564078002958,-0.7783662956851845,87.3,87.86060401363511,-0.560604013635114,0.560604013635114
2.195228337628992,2.173594622021304,2.1533921870525776,2.161164454092554,2.194447439733372,179.4,179.1491874644043,0.25081253559571337,0.25081253559571337
0.4557977308083572,0.4696290342007354,0.4312227923571703,0.4032999628076782,0.4339963797412655,127.1,126.48962341831033,0.610376581689664,0.610376581689664
1.1456288443292544,1.1531966246636376,1.1352958846222792,1.260714093208399,1.219148169312913,147.0,147.24300854656445,-0.2430085465644538,0.2430085465644538
-1.3232404040613248,-1.320195284789087,-1.3702787817483897,-1.344633090673328,-1.3678510839189424,73.3,72.67462164419582,0.6253783558041732,0.6253783558041732
1.1621319810163573,1.1531966246636376,1.1749619743273552,1.184573070045401,1.1741640773269104,148.7,147.8501685071309,0.8498314928691002,0.8498314928691002
0.1587412704405068,0.165821216217223,0.1370326270445191,0.1550140177109443,0.1444975300890125,117.4,117.48849049771685,-0.08849049771684747,0.08849049771684747
0.1224343697288808,0.1228918506325964,0.1370326270445191,0.1318406628352491,0.1199356639126062,115.9,116.39159374592926,-0.49159374592925076,0.49159374592925076
1.802453684475946,1.8070438851064143,1.77656433485435,1.8731527577803424,1.85610083375276,168.0,167.15107153213427,0.8489284678657327,0.8489284678657327
-0.0756032705163527,-0.0323143172502849,-0.0348537616774793,-0.0204413834907474,-0.0387505501484471,110.5,110.29640140813498,0.20359859186501694,0.20359859186501694
-0.1020082892157176,-0.1115685306372883,-0.0877418812842479,-0.0932719273857894,-0.0887022105746234,110.0,109.60092350235583,0.39907649764417386,0.39907649764417386
-0.1119101712279792,-0.0917549772905372,-0.1141859410876321,-0.0833404895819202,-0.0688319368139342,109.7,109.22585942749785,0.4741405725021508,0.4741405725021508
0.11913374239146,0.0964737795035949,0.107283059765712,0.085493953083859,0.1157960235457956,115.8,116.33389293941616,-0.5338929394161624,0.5338929394161624
-1.0162820616812125,-0.9668535834386977,-0.9934509295501628,-0.9573070163224232,-0.9894879543924994,81.9,81.82613860143155,0.07386139856845375,0.07386139856845375
0.5350127869064508,0.5158606586764874,0.4940274343902079,0.4761305067027202,0.4966429372923249,129.6,128.94564291030665,0.6543570896933488,0.6543570896933488
1.17863511770346,1.1961259902482648,1.2080170490815856,1.168020673705619,1.1840992142072548,147.0,148.3316352686554,-1.3316352686553898,1.3316352686553898
-1.2770316213374369,-1.293777213660086,-1.3206961696170438,-1.351254049209241,-1.3341820089355536,75.1,74.12855845542106,0.971441544578937,0.971441544578937
0.35347828334832,0.3540499730113557,0.4675833745868237,0.4496466725590687,0.4367561399858053,122.9,123.30189713022664,-0.40189713022662943,0.40189713022662943
1.9014725045985628,1.8962048751667928,1.865813036690772,1.8599108407085168,1.8718314671466385,170.0,170.2643909351467,-0.2643909351467073,0.2643909351467073
-1.131804018490932,-1.095641680192578,-1.089310646337431,-1.1029681041125072,-1.0808360184867756,79.5,78.34215760108562,1.157842398914383,1.157842398914383
-0.6763174459268948,-0.6861615776930613,-0.6959552567620885,-0.692468674885907,-0.7060605772782351,91.9,92.25986569754949,-0.3598656975494805,0.3598656975494805
1.2380464097770296,1.232450838050641,1.287349228491739,1.2772664895481811,1.2804148467417025,150.9,150.1187536557316,0.7812463442683963,0.7812463442683963
-1.1053989997915676,-1.1088507157570786,-1.0860051388620078,-1.0831052285047682,-1.0720047857042476,79.2,79.20907079987212,-0.009070799872120006,0.009070799872120006
-0.6103048991784835,-0.6399299532173097,-0.6430671371553195,-0.6097066931869957,-0.5973260236433567,93.7,94.24211711439288,-0.5421171143928802,0.5421171143928802
0.8980817940227125,0.885713654482502,0.9105213762935116,0.9197347286088848,0.8981880528729037,139.2,139.87465593950543,-0.6746559395054419,0.6746559395054419
-0.4650772963319792,-0.4649102319876777,-0.4744862559087443,-0.4673560846648684,-0.4626497237098008,98.0,98.60894001273061,-0.6089400127306135,0.6089400127306135
-0.3363528301725771,-0.3229130996692966,-0.3620990017443606,-0.3415578724825233,-0.3268695196784298,103.1,102.47789955270598,0.6221004472940166,0.6221004472940166
-0.8809563408469696,-0.9074129233984451,-0.9108132426645864,-0.9407546199826408,-0.9613383998981908,86.2,86.14461090744614,0.0553890925538667,0.0553890925538667
-0.6301086632030072,-0.6531389887818099,-0.6331506147290504,-0.6361905273306472,-0.644793899849445,92.8,93.66387916010933,-0.8638791601093345,0.8638791601093345
-0.9634720242824836,-0.9635513245475726,-0.8810636753857789,-0.765299218780949,-0.7452491727507037,83.0,83.30115550524783,-0.3011555052478343,0.3011555052478343
-0.2571377740744835,-0.2634724396290442,-0.2794613148587844,-0.3117635590709151,-0.3064472938688336,104.8,104.96768555605745,-0.1676855560574495,0.1676855560574495
-1.0063801796689509,-0.9899693956765736,-1.0000619445010084,-0.9473755785185538,-0.9698936566562648,82.6,82.1609866971719,0.43901330282810136,0.43901330282810136
-0.1911252273260723,-0.2073340384799169,-0.180296090596093,-0.238933015175873,-0.2449046404155901,107.2,106.98644517138317,0.21355482861683583,0.21355482861683583
-0.1713214633015491,-0.1578001551130399,-0.1505465233172859,-0.265416849319525,-0.2545638012714805,107.8,107.58515772095454,0.21484227904545605,0.21484227904545605
-0.7357287380004648,-0.7092773899309373,-0.7455378688934342,-0.7917830529246005,-0.7488368610686064,91.0,90.41218182594902,0.5878181740509802,0.5878181740509802
-0.1350145625899232,-0.1181730484195387,-0.0712143439071326,-0.0237518627587037,-0.0423382384663487,109.7,108.47548966488641,1.2245103351135924,1.2245103351135924
0.9871987321330672,0.9748746445428802,1.0030755856053573,0.9230452078768412,0.9591787542772392,142.0,142.6227973951345,-0.622797395134512,0.622797395134512
-1.049288335055418,-1.0626190912813267,-1.1421987659441997,-1.1128995419163763,-1.1015342203208265,79.8,80.9992473727967,-1.1992473727967052,1.1992473727967052
0.5152090228819277,0.5389764709143631,0.5369990315707079,0.4926829030425025,0.519272971297554,128.6,128.25078747338964,0.3492125266103585,0.3492125266103585
-0.742329992675306,-0.7356954610599382,-0.7587598987951261,-0.692468674885907,-0.7165476662074873,89.8,90.17273042489064,-0.3727304248906478,0.3727304248906478
-0.399064749583568,-0.3823537597095494,-0.3753210316460529,-0.3680417066261748,-0.3472917454880266,100.8,100.53783322070404,0.2621667792959528,0.2621667792959528
0.7858604645504133,0.7668323344019974,0.7683845548503212,0.7575212444790186,0.7372940306162183,135.8,136.53903542007396,-0.7390354200739466,0.7390354200739466
-0.5673967437920163,-0.5870938109593072,-0.5967900324993971,-0.6626743614742993,-0.6508653723874342,95.9,95.6377477032582,0.2622522967418064,0.2622522967418064
-0.7885387753991939,-0.7885316033179407,-0.7852039585985103,-0.7851620943886876,-0.791061192810069,89.4,88.82552501828181,0.5744749817181969,0.5744749817181969
-0.6136055265159044,-0.5936983287415576,-0.60009553997482,-0.5898438175792572,-0.5945662633988168,93.4,94.06875379419286,-0.6687537941928525,0.6687537941928525
0.8551736386362447,0.9022249489381275,0.8939938389163963,0.8800089773934069,0.8954282926283633,139.2,138.46370026708811,0.7362997329118741,0.7362997329118741
-0.2439352647248016,-0.2733792163024195,-0.2298787027274387,-0.1561710334769617,-0.1957809080627774,106.0,105.27965354533443,0.7203464546655738,0.7203464546655738
-0.9832757883070068,-1.0097829490233248,-1.0331170192552388,-0.9606174955903798,-0.9914197865636776,82.0,82.95870255615462,-0.9587025561546199,0.9587025561546199
-0.151517699277026,-0.1445911195485396,-0.1141859410876321,-0.1462395956730925,-0.1323064224383554,108.4,108.08002544774786,0.3199745522521482,0.3199745522521482
0.4458958487960956,0.439908704180609,0.4213062699309013,0.4397152347551994,0.4679414307491084,126.2,126.16657753651897,0.03342246348103117,0.03342246348103117
0.4888040041825628,0.489442587547486,0.4576668521605546,0.4330942762192865,0.4466912768661495,128.2,127.5234868083079,0.676513191692095,0.676513191692095
-0.0855051525286148,-0.0983594950727876,-0.0745198513825555,-0.0336833005625734,-0.0682799847650262,111.1,110.08722669588784,1.0127733041121587,1.0127733041121587
-0.8644532041598667,-0.8611812989226937,-0.8579251230578174,-0.9308231821787716,-0.8940002499314134,86.3,86.56907822831721,-0.2690782283172126,0.2690782283172126
1.5516060068319828,1.5131428437962773,1.5121237368205065,1.4593428492857858,1.4879488171311153,160.3,159.7673188493918,0.5326811506081981,0.5326811506081981
-1.379351068797474,-1.4093562748494657,-1.3768897966992355,-1.3545645284771972,-1.3653672996988555,71.3,70.96842053023173,0.3315794697682719,0.3315794697682719
-0.8083425394237171,-0.8182519333380666,-0.8182590333527409,-0.8017144907284698,-0.7883014325655291,88.3,88.21809122246293,0.08190877753706616,0.08190877753706616
0.3732820473728432,0.3540499730113557,0.3485851054715942,0.3635742115922007,0.3387846513046328,123.6,124.03552549831429,-0.4355254983142913,0.4355254983142913
-1.1516077825154556,-1.1616868580150803,-1.168642825747584,-1.1857300858114184,-1.1724600586055058,76.7,77.87650241030555,-1.1765024103055453,1.1765024103055453
-1.0294845710308949,-1.0130852079144497,-1.0099784669272778,-0.977169891930162,-0.9996990672972976,80.6,81.47187327804305,-0.8718732780430543,0.8718732780430543
-1.1120002544664087,-1.1055484568659533,-1.102532676239123,-1.1029681041125072,-1.100706292247464,78.7,79.01621939650559,-0.3162193965055877,0.3162193965055877
1.1885369997157211,1.186219213574889,1.20140603413074,1.144847318829923,1.1556736836884918,148.5,148.6983139419981,-0.19831394199809438,0.19831394199809438
-0.5244885884055491,-0.5210486331368046,-0.5108468381383977,-0.5170132736842151,-0.5170170005272405,97.0,96.80332476822228,0.19667523177771784,0.19667523177771784
-0.7390293653378855,-0.672952542128561,-0.729010331516319,-0.6825372370820377,-0.6889500637620872,90.2,90.17203400294491,0.027965997055090952,0.027965997055090952
1.1621319810163573,1.1664056602281383,1.1650454519010869,1.1117425261503584,1.1346995058299876,147.5,147.88597778358155,-0.3859777835815521,0.3859777835815521
0.5053071408696657,0.5059538820031116,0.5072494642919003,0.552271529865719,0.5159612590041052,127.4,127.95211790264582,-0.5521179026458185,0.5521179026458185
-1.131804018490932,-1.1121529746482035,-1.089310646337431,-1.0996576248445504,-1.0010789474195678,78.3,78.29835068357146,0.0016493164285407147,0.0016493164285407147
0.9640943407711235,0.9154339845026284,0.903910361342666,0.9395976042166234,0.934892864125287,141.4,141.9491330606452,-0.5491330606452038,0.5491330606452038
-0.1614195812892875,-0.1478933784396646,-0.1174914485630554,-0.0568566554382682,-0.0873223304523528,107.1,107.69505429600449,-0.5950542960044913,0.5950542960044913
0.0333174316185256,0.0304286016810923,-0.0150207168249407,-0.0270623420266604,-0.0180523483143966,114.8,113.75117790268627,1.0488220973137317,1.0488220973137317
-1.102098372454147,-1.095641680192578,-1.089310646337431,-1.0996576248445504,-1.0805600424623214,78.9,79.31010883136358,-0.4101088313635728,0.4101088313635728
-0.4551754143197171,-0.4616079730965522,-0.5042358231875514,-0.5070818358803459,-0.5010103911089085,99.9,98.9665825010488,0.9334174989512007,0.9334174989512007
-0.6994218372888388,-0.6828593188019363,-0.6695111969587038,-0.69908963342182,-0.6834305432730066,89.8,91.48954259807984,-1.6895425980798393,1.6895425980798393
1.954282541997292,1.9358319818602947,1.9418397086255024,1.8863946748521685,1.8897699087361493,171.7,171.92226173120918,-0.22226173120918702,0.22226173120918702
-0.1482170719396051,-0.1578001551130399,-0.1670740606944011,-0.1694129505487877,-0.166527449470653,109.0,108.23250339484416,0.7674966051558414,0.7674966051558414
0.284165109262488,0.264888982950977,0.2956969858648252,0.2642598335535072,0.2777939499002978,121.1,121.325351149022,-0.22535114902200348,0.22535114902200348
-0.0392963698047267,-0.0422210939236602,0.0015068205521744,-0.0700985725100942,-0.0666241286183023,112.2,111.54033280008508,0.6596671999149208,0.6596671999149208
0.5119083955445064,0.4960471053297364,0.4874164194393622,0.4893724237745462,0.5079579542949387,127.2,128.20470184251934,-1.0047018425193386,1.0047018425193386
2.175424573604469,2.20991946982368,2.245946396364422,2.2406159565235093,2.227564562667853,179.5,178.41574924763609,1.0842507523639142,1.0842507523639142
0.8518730112988244,0.8394820300067499,0.8179671669816668,0.8071784334983654,0.8209147660257816,139.3,138.5151660850977,0.7848339149023218,0.7848339149023218
2.1721239462670483,2.163687845347928,2.176530739380538,2.167785412628467,2.1999669602224508,179.2,178.4065939883195,0.7934060116804744,0.7934060116804744
-0.1713214633015491,-0.1677069317864156,-0.1439355083664397,-0.113134802993528,-0.1204394533868335,107.7,107.44043373721199,0.2595662627880131,0.2595662627880131
0.0465199409682075,0.0568466728100937,0.0180343579292896,0.0391472433324685,0.0572891063615467,115.2,114.06738997330667,1.132610026693328,1.132610026693328
0.5416140415812916,0.5984171309546158,0.5403045390461308,0.5853763225452835,0.5526660702564885,128.6,128.97242653142786,-0.37242653142786253,0.37242653142786253
0.7231485451394224,0.7305074865996212,0.7518570174732059,0.7641422030149311,0.7359141504939477,135.2,134.53969439703002,0.6603056029699701,0.6603056029699701
1.8090549391507869,1.7971371084330383,1.7666478124280809,1.7672174212057363,1.7669605778541162,168.2,167.48623646675122,0.7137635332487662,0.7137635332487662
-1.2275222112761284,-1.2112207413819576,-1.2281419603051986,-1.1956615236152877,-1.2094408458823425,75.0,75.49193478752876,-0.49193478752876274,0.49193478752876274
2.059902616794749,2.058015560831924,2.0674489926915776,2.104886306537294,2.086264838147401,176.0,174.98743651491827,1.0125634850817278,1.0125634850817278
-1.135104645828353,-1.1319665279949542,-1.122365721091661,-1.1393833760600278,-1.139618911695479,78.3,78.33961059512379,-0.03961059512378995,0.03961059512378995
0.7627560731884697,0.7833436288576231,0.7915231071782821,0.7244164517994541,0.7353621984450402,135.8,135.77846512127405,0.021534878725958606,0.021534878725958606
0.2280544445263383,0.2450754296042259,0.2461143737334795,0.2609493542855509,0.2559918439684314,120.3,119.53250803895861,0.7674919610413866,0.7674919610413866
-0.7357287380004648,-0.7489044966244389,-0.7554543913197033,-0.6825372370820377,-0.7024728889603331,90.1,90.39235238926528,-0.2923523892652895,0.2923523892652895
-1.049288335055418,-1.0328987612612002,-1.0860051388620078,-1.1062785833804634,-1.0824918746334995,79.7,80.94983078848674,-1.249830788486733,1.249830788486733
-0.8413488127979227,-0.847972263358193,-0.814953525877318,-0.8149564078002958,-0.8377011409427965,86.9,87.22831022083221,-0.32831022083220773,0.32831022083220773
-0.6598143092397919,-0.6465344709995601,-0.6397616296798966,-0.6295695687947347,-0.6580407490232375,93.1,92.69302829187485,0.40697170812514116,0.40697170812514116
-1.0228833163560536,-0.9932716545676992,-1.0099784669272778,-1.0599318736290733,-1.0101861562265495,81.2,81.69488534700872,-0.49488534700871867,0.49488534700871867
-0.0425969971421471,-0.0422210939236602,-0.0216317317757869,-0.0270623420266604,-0.0172244202410349,111.7,111.3739024202191,0.3260975797809067,0.3260975797809067
0.5845221969677592,0.5819058364989901,0.5568320764232461,0.6780697420480636,0.6321471652992416,130.6,130.3030050440419,0.2969949559580982,0.2969949559580982
-1.2737309940000163,-1.297079472551211,-1.2810300799119672,-1.285044463850112,-1.26298019462642,72.6,74.16781753809445,-1.5678175380944595,1.5678175380944595
-0.0855051525286148,-0.0455233528147856,0.0246453728801358,0.012663409188817,0.0039863084955721,106.8,109.95640564528934,-3.1564056452893396,3.1564056452893396
1.0829169249182635,1.093755964623386,1.0328251528841648,1.0223595859155348,1.040591681491171,143.6,145.48586140208107,-1.8858614020810762,1.8858614020810762
-0.0954070345408763,-0.0917549772905372,0.0246453728801358,-0.0038889871509652,-0.0136367319231332,110.1,109.71781678965867,0.3821832103413243,0.3821832103413243
-0.1548183266144463,-0.15119563733079,-0.2596282700062464,-0.2985216419990895,-0.3000998453063916,107.9,108.14328490695898,-0.24328490695897642,0.24328490695897642
1.142328216991834,1.126778553534637,1.1452124070485483,1.1647101944376623,1.1515340433216816,148.1,147.26072465360483,0.8392753463951692,0.8392753463951692
0.1917475438147124,0.2054483229107247,0.1733932092741729,0.1748768933186833,0.186997837854929,118.6,118.4750234772077,0.12497652279229499,0.12497652279229499
1.7496436470772163,1.7839280728685378,1.756731290001812,1.76390694193778,1.759785201218312,166.3,165.57143592655973,0.7285640734402818,0.7285640734402818
-1.3925535781471563,-1.39284498039384,-1.386806319125505,-1.3678064455490233,-1.3526724025739718,70.3,70.5065975184508,-0.2065975184508062,0.2065975184508062
-0.329751575497736,-0.2634724396290442,-0.2662392849570925,-0.3051426005350021,-0.2989959412085761,102.6,102.59248265433163,0.007517345668361486,0.007517345668361486
-0.9040607322089136,-0.89750614672507,-0.8612306305332408,-0.8745450346235119,-0.903935386811758,85.3,85.31700304855474,-0.01700304855474144,0.01700304855474144
-0.8578519494850255,-0.9008084056161948,-0.8744526604349326,-0.90433934803512,-0.892344393784689,86.4,86.82702123726347,-0.4270212372634603,0.4270212372634603
1.4954953420958337,1.5098405849051524,1.4823741695416988,1.462653328553743,1.4763578241040474,158.0,157.94435755867934,0.0556424413206571,0.0556424413206571
-0.2043277366757547,-0.2238453329355426,-0.2397952251537078,-0.2554854115156553,-0.2468364725867683,106.9,106.5751168375907,0.32488316240930715,0.32488316240930715
-0.9931776703192688,-0.999876172349949,-0.9570903473205088,-1.0003432468058568,-0.9836924578789652,82.6,82.64168505904762,-0.041685059047622985,0.041685059047622985
-0.8809563408469696,-0.8909016289428197,-0.900896720238317,-0.9275127029108152,-0.917734188034458,85.6,86.08304317041245,-0.4830431704124578,0.4830431704124578
-1.220920956601287,-1.214523000273083,-1.2016979005018145,-1.2320767955628085,-1.2160642704692386,75.3,75.73382777650556,-0.4338277765055665,0.4338277765055665
-0.2043277366757547,-0.1578001551130399,-0.1538520307927088,-0.1396186371371795,-0.1422415593186995,106.4,106.37441218219261,0.02558781780739139,0.02558781780739139
1.2446476644518711,1.239055355832891,1.1386013920977018,1.264024572476356,1.2141806008727407,149.9,150.35744269253263,-0.4574426925326236,0.4574426925326236
-0.8446494401353436,-0.8578790400315682,-0.8480086006315484,-0.8712345553555555,-0.8840651130510693,83.8,87.18498969946029,-3.3849896994602915,3.3849896994602915
0.2676619725753852,0.2880047951888531,0.3056135082910947,0.2741912713573769,0.2822095662915626,121.2,120.74948881219724,0.45051118780276056,0.45051118780276056
-0.564096116454596,-0.5672802576125566,-0.5273743755155129,-0.5434971078278666,-0.5382671544101995,95.5,95.59875069382012,-0.09875069382012214,0.09875069382012214
2.248038375027721,2.279266906537308,2.27569596364323,2.316756979686507,2.2816558634608377,181.0,180.62420075972767,0.3757992402723289,0.3757992402723289
-0.6730168185894744,-0.6663480243463107,-0.6893442418112423,-0.7024001126897762,-0.6743233344660241,93.1,92.31804852467613,0.781951475323865,0.781951475323865
-0.5938017624913807,-0.6267209176528089,-0.5736514801714357,-0.573291421239475,-0.5901506470075525,95.4,94.756788145501,0.6432118544990004,0.6432118544990004
1.2446476644518711,1.2456598736151416,1.2906547359671618,1.2706455310122686,1.2690998297390887,150.4,150.32773650374173,0.07226349625827311,0.07226349625827311
1.1885369997157211,1.176312436901514,1.1716564668519325,1.1282949224901409,1.156501611761853,148.8,148.71153139139287,0.088468608607144,0.088468608607144
2.277744021064506,2.285871424319559,2.252557411315269,2.3134465004185505,2.29214295239009,182.4,181.5725219742934,0.827478025706597,0.827478025706597
-1.2077184472516052,-1.2112207413819576,-1.2347529752560449,-1.2618711089744168,-1.2748471636779422,76.2,76.21223119769272,-0.012231197692713636,0.012231197692713636
-0.9007601048714928,-0.8809948522694443,-1.019894989353547,-0.9407546199826408,-0.965478040265001,84.2,85.44558477879042,-1.2455847787904162,1.2455847787904162
-0.8314469307856611,-0.8248564511203169,-0.8413975856807022,-0.8712345553555555,-0.8454284696275082,87.3,87.5388991122631,-0.23889911226309835,0.23889911226309835
1.6539254542920208,1.6155128694211562,1.5980669311815054,1.5288629139128722,1.5842644496655636,163.0,162.87611934639153,0.12388065360846667,0.12388065360846667
-0.5739979984668576,-0.5573734809391814,-0.5934845250239738,-0.5997752553831265,-0.5920824791787302,94.1,95.31263325901875,-1.2126332590187587,1.2126332590187587
0.2907663639373292,0.294609312971103,0.2527253886843257,0.2212236030700733,0.2408131626234616,121.1,121.53595733371768,-0.4359573337176812,0.4359573337176812
0.00031115824432,0.017219566116592,0.0345618953064049,0.0424577226004253,0.0249999115004282,112.0,112.64357302132109,-0.6435730213210888,0.6435730213210888
-0.3066471841357919,-0.3097040641047963,-0.2860723298096306,-0.2124491810322215,-0.2396610959509641,104.3,103.32861101265824,0.9713889873417543,0.9713889873417543
-1.4090567148342592,-1.4093562748494657,-1.4066393639780437,-1.410842676032457,-1.4004162548045147,70.1,70.04095089167478,0.05904910832521182,0.05904910832521182
-0.9139626142211752,-0.9140174411806956,-0.900896720238317,-0.8281983248721217,-0.8600551989235704,85.6,84.95881824873621,0.6411817512637867,0.6411817512637867
-0.1218120532402407,-0.1412888606574142,-0.1406300008910164,-0.132997678601267,-0.1381019189518908,108.3,109.04047996997657,-0.7404799699765761,0.7404799699765761
2.149019554905105,2.157083327565678,2.183141754331384,2.197579726040075,2.2099020971027965,178.4,177.6453429446466,0.7546570553534195,0.7546570553534195
0.247858208550862,0.2252618762574753,0.20314277655298,0.2344655201418994,0.246332683112541,121.5,120.21524355396002,1.284756446039978,1.284756446039978
-0.6961212099514184,-0.6795570599108114,-0.6761222119095499,-0.6361905273306472,-0.6475536600939863,92.0,91.54157740355856,0.45842259644143724,0.45842259644143724
-0.0095907237679415,0.0007082716609663,0.0312563878309815,0.0424577226004253,0.0296915039161467,112.3,112.33911064772857,-0.03911064772857742,0.03911064772857742
0.5779209422929176,0.591812613172365,0.5832761362266308,0.6052391981530221,0.6224880044433517,128.1,130.10989709315086,-2.009897093150869,2.009897093150869
0.4095889480844691,0.393677079704857,0.3717236577995557,0.4066104420756349,0.3821128871439119,126.1,125.11925754499508,0.9807424550049149,0.9807424550049149
2.1820258282793104,2.19010591647693,2.1798362468559613,2.1942692467721185,2.195551343831187,178.6,178.68844988399601,-0.08844988399602016,0.08844988399602016
-1.0195826890186332,-0.9932716545676992,-1.029811511779816,-1.056621394361117,-1.0598618406282714,81.1,81.83898768737946,-0.7389876873794634,0.7389876873794634
1.4789922054087308,1.5065383260140277,1.4989017069188142,1.462653328553743,1.4689064714437894,157.3,157.4195849397665,-0.1195849397664972,0.1195849397664972
-1.366148559447792,-1.3763336859382145,-1.3801953041746586,-1.410842676032457,-1.3868934296062685,70.9,71.38834949142958,-0.48834949142957385,0.48834949142957385
0.5251109048941888,0.5356742120232381,0.5369990315707079,0.5290981749900233,0.5391432450582413,129.4,128.5503555261946,0.8496444738053981,0.8496444738053981
0.2643613452379648,0.2847025362977277,0.27916944848771,0.2675703128214639,0.2617873404819659,121.1,120.66070449416708,0.43929550583291643,0.43929550583291643
2.086307635494114,2.091038149743176,2.0443104403636165,2.041987200446122,2.05038795496838,175.8,175.84859798771694,-0.04859798771693136,0.04859798771693136
0.0498205683056284,0.066753449483469,0.0676169700606353,0.1020463494236413,0.0810230444645904,114.2,114.13018494886596,0.06981505113404296,0.06981505113404296
0.1158331150540396,0.142705403979347,0.0841445074377505,0.0490786811363378,0.0694320514375237,115.3,116.20746893168081,-0.9074689316808104,0.9074689316808104
-0.9469688875953808,-0.943737771200822,-0.9372573024679708,-0.9076498273030764,-0.9185621161078202,84.7,83.9908452415501,0.7091547584498983,0.7091547584498983
-1.2572278573129136,-1.267359142531085,-1.3438347219450053,-1.410842676032457,-1.366195227772218,74.3,74.77930814525209,-0.47930814525209087,0.47930814525209087
1.82885870317531,1.8136484028886644,1.7930918722314653,1.8003222138853008,1.8058731973021305,168.8,168.0712374054831,0.7287625945169225,0.7287625945169225
-0.1812233453138107,-0.1412888606574142,-0.1439355083664397,-0.1098243237255717,-0.1386538710007978,108.4,107.09439231774168,1.3056076822583265,1.3056076822583265
0.9739962227833848,1.031013045692008,1.0658802276383952,1.065395816398969,1.062117811398584,141.8,141.99389232748507,-0.19389232748505947,0.19389232748505947
-1.4090567148342592,-1.4093562748494657,-1.409944871453466,-1.146004334595941,-0.7722948231471967,70.0,69.43669745853799,0.5633025414620079,0.5633025414620079
-1.2770316213374369,-1.3003817314423365,-1.2942521098136597,-1.2949759016539812,-1.3063084304656984,74.2,74.10134848380555,0.098651516194451,0.098651516194451
-0.2043277366757547,-0.200729520697667,-0.160463045743555,-0.18596534688857,-0.1775664904488122,107.3,106.4773234805132,0.8226765194867909,0.8226765194867909
0.5944240789800204,0.6017193898457407,0.6097201960300146,0.5953077603491523,0.6048255388782954,129.9,130.65698741703565,-0.7569874170356456,0.7569874170356456
-0.1086095438905583,-0.1214753073106636,-0.1538520307927088,-0.1528605542090055,-0.1461052236610563,109.9,109.45422032913625,0.44577967086375736,0.44577967086375736
-1.2176203292638668,-1.214523000273083,-1.1488097808950457,-1.1658672102036791,-1.1768756749967697,75.6,75.79723563085443,-0.1972356308544363,0.1972356308544363
1.9014725045985628,1.9160184285135435,1.9385342011500797,1.975777615086993,1.9543482984583864,169.5,170.14417709192168,-0.6441770919216765,0.6441770919216765
-0.7819375207243527,-0.77532256775344,-0.7984259885002027,-0.752057301709123,-0.7515966213131462,88.4,88.97687222952982,-0.5768722295298119,0.5768722295298119
0.1125324877166187,0.1327986273059717,0.1733932092741729,0.1219092250313798,0.123799328254962,116.3,116.06112798653041,0.23887201346958875,0.23887201346958875
-0.9139626142211752,-0.89750614672507,-0.9207297650908556,-0.9440650992505976,-0.9409161740885942,85.2,85.0362788787336,0.1637211212664056,0.1637211212664056
0.247858208550862,0.2847025362977277,0.2725584335368642,0.2741912713573769,0.2681347890444069,120.3,120.11369062330766,0.1863093766923356,0.1863093766923356
-1.1714115465399788,-1.1848026702529566,-1.178559348173853,-1.1195205004522897,-1.1517618567714554,77.7,77.22247667139746,0.477523328602544,0.477523328602544
-1.036085825705736,-1.0362010201523255,-1.046339049156931,-1.1095890626484202,-1.088563347171488,82.3,81.39833695794485,0.9016630420551479,0.9016630420551479
-1.102098372454147,-1.0725258679547018,-1.0595610790586236,-1.1162100211843329,-1.1092615490055384,79.1,79.31209665157486,-0.21209665157486768,0.21209665157486768
1.1588313536789367,1.136685330208012,1.0989353023926258,1.068706295666925,1.0819880851592725,147.4,147.86545742494525,-0.46545742494524234,0.46545742494524234
-0.3693591035467827,-0.3163085818870467,-0.3158218970884382,-0.2919006834631765,-0.3216259752138042,101.7,101.37961509686619,0.32038490313381374,0.32038490313381374
1.9509819146598717,1.9424364996425447,1.9616727534780405,2.088333910197512,2.034105369525593,172.5,171.6246878467002,0.8753121532998023,0.8753121532998023
-0.5211879610681284,-0.5210486331368046,-0.4910137932858596,-0.573291421239475,-0.5603452363665206,97.9,96.96842436834424,0.9315756316557611,0.9315756316557611
-0.9040607322089136,-0.8809948522694443,-0.890980197812048,-0.831508804140078,-0.8708182638772772,83.3,85.24745290391292,-1.947452903912918,1.947452903912918
-0.5046848243810256,-0.5111418564634292,-0.5637349577451667,-0.6097066931869957,-0.5746959896381285,97.9,97.50371897501664,0.3962810249833666,0.3962810249833666
0.637332234366488,0.591812613172365,0.579970628751207,0.472820027434764,0.4980228174145946,132.6,132.19317496265563,0.4068250373443618,0.4068250373443618
-0.5905011351539604,-0.5573734809391814,-0.6166230773519352,-0.626259089526778,-0.5923584552031844,95.4,94.7788179636835,0.6211820363165117,0.6211820363165117
-0.8479500674727639,-0.8809948522694443,-0.9042022277137404,-0.9175812651069456,-0.918838092132274,88.2,87.14326096033864,1.056739039661366,1.056739039661366
-0.976674533632166,-0.9899693956765736,-0.9769233921730474,-1.036758518753378,-1.0231570293758885,84.0,83.20708834414013,0.7929116558598679,0.7929116558598679
0.7132466631271612,0.7007871565794948,0.685746867964745,0.6515859079044125,0.6743714970407056,134.1,134.33347090696682,-0.23347090696682926,0.23347090696682926
-0.7687350113746704,-0.7819270855356903,-0.8017314959756255,-0.7553677809770798,-0.7681551827803866,88.7,89.43102370644762,-0.7310237064476155,0.7310237064476155
2.096209517506375,2.0844336319609256,2.077365515117847,2.0452976797140785,2.083229101878407,176.1,176.15860779745316,-0.05860779745316336,0.05860779745316336
2.3371553131380765,2.335405307686436,2.3550281430533837,2.3763456065097235,2.3735558796040213,183.1,183.3725132423083,-0.27251324230829255,0.27251324230829255
-1.0987977451167263,-1.0824326446280772,-1.049644556632354,-1.0698633114329426,-1.051306583870197,80.2,79.37263912547135,0.8273608745286509,0.8273608745286509
0.165342525115348,0.1327986273059717,0.1304216120936729,0.1152882664954668,0.1196596878881519,118.6,117.78215580871984,0.8178441912801588,0.8178441912801588
2.3569590771626,2.375032414379937,2.3880832178076137,2.3895875235815494,2.379903328166464,183.4,183.95965144693196,-0.5596514469319516,0.5596514469319516
-0.5805992531416988,-0.5870938109593072,-0.5967900324993971,-0.5666704627035619,-0.6075371365481541,94.7,95.14028700623977,-0.440287006239771,0.440287006239771
2.2942471577516086,2.2990804598840597,2.312056545872883,2.3465512930981154,2.336851068351639,182.4,182.05552685416154,0.3444731458384638,0.3444731458384638
1.4195809133351602,1.433888630409274,1.4427080798366227,1.4659638078216994,1.464214879028071,156.2,155.57547005387715,0.6245299461228342,0.6245299461228342
0.366680792698002,0.3738635263581064,0.3783346727504014,0.3470218152524184,0.3462360039648903,125.2,123.79690649460024,1.4030935053997666,1.4030935053997666
-0.2175302460254372,-0.2040317795887919,-0.2067401503994773,-0.2323120566399605,-0.2415929281221432,106.6,106.11072013893812,0.48927986106187404,0.48927986106187404
-0.8413488127979227,-0.8644835578138187,-0.887674690336625,-0.8877869516953378,-0.8768897364152655,87.3,87.29428796512434,0.005712034875656968,0.005712034875656968
0.9706955954459644,0.9583633500872546,0.9766315258019724,1.0422224615232731,1.0323124007575502,142.6,142.00396637236295,0.5960336276370413,0.5960336276370413
-0.1614195812892875,-0.1611024140041653,-0.2199621803011697,-0.2124491810322215,-0.2167550859212826,107.9,107.85227333714431,0.04772666285569471,0.04772666285569471
0.0036117855817404,0.0106150483343416,0.0246453728801358,-0.0634776139741812,-0.0550331355912347,112.4,112.85891294097001,-0.45891294097000923,0.45891294097000923
-1.405756087496839,-1.4093562748494657,-1.3967228415517738,-1.3909798004247185,-1.3979324705844292,70.0,70.14195550762676,-0.14195550762676135,0.14195550762676135
-0.7093237193011004,-0.7059751310398124,-0.7058717791883575,-0.6825372370820377,-0.6850863994197305,91.8,91.1883517825213,0.6116482174787023,0.6116482174787023
1.1456288443292544,1.130080812425762,1.1352958846222792,1.1481577980978803,1.1741640773269104,147.4,147.34870118431317,0.05129881568683459,0.05129881568683459
0.6076265883297027,0.591812613172365,0.5700541063249384,0.631723032296673,0.6111729874407373,131.5,131.07760192418812,0.42239807581188415,0.42239807581188415
-0.0062900964305211,-0.0058962461212839,0.0246453728801358,-0.0038889871509652,-0.005357451189513,112.4,112.49871741709894,-0.09871741709893911,0.09871741709893911
-0.0855051525286148,-0.0950572361816626,0.0147288504538663,-0.0071994664189214,-0.0208121085589375,109.5,110.05074251023693,-0.5507425102369297,0.5507425102369297
2.2018295923038336,2.173594622021304,2.166614216954269,2.1644749333605104,2.1894798712932,178.8,179.36995421675448,-0.5699542167544678,0.5699542167544678
-1.0624908444051004,-1.0593168323902018,-1.029811511779816,-1.0466899565572474,-1.0797321143889598,80.1,80.54447483189928,-0.44447483189928505,0.44447483189928505
-0.7885387753991939,-0.8050428977735663,-0.7984259885002027,-0.7884725736566442,-0.8164509870598375,88.5,88.86827559190016,-0.3682755919001579,0.3682755919001579
1.2974577018506,1.2621711680707677,1.3104877808197009,1.316992240763659,1.365139486249083,151.6,151.93709480226406,-0.33709480226406185,0.33709480226406185
-1.0294845710308949,-1.0626190912813267,-1.0529500641077774,-1.0797947492368118,-1.078076258242236,81.9,81.63122305208408,0.2687769479159243,0.2687769479159243
0.554816550930974,0.5653945420433645,0.5667485988495156,0.5456505713298055,0.5697765837726364,129.2,129.4527276378245,-0.25272763782450625,0.25272763782450625
-0.8446494401353436,-0.8545767811404433,-0.877758167910356,-0.8579926382837295,-0.8661266714615588,86.7,87.15602624802872,-0.4560262480287207,0.4560262480287207
-0.0227932331176239,-0.0257097994680345,-0.0084097018740946,-0.0303728212946167,-0.0175003962654882,112.8,112.00062874015725,0.7993712598427436,0.7993712598427436
-1.3100378947116424,-1.3234975436802123,-1.3206961696170438,-1.3082178187258071,-1.2936135333408143,73.8,73.04581556446578,0.7541844355342135,0.7541844355342135
2.5880029907820385,2.632608607887698,2.576497143906727,2.608079155266675,2.621658325588174,192.8,190.90175321634152,1.898246783658493,1.898246783658493
-1.11860150914125,-1.118757492430454,-1.122365721091661,-1.1294519382561587,-1.1122972852745323,78.3,78.83387201678377,-0.5338720167837749,0.5338720167837749
