Probability_falling,Probability_falling_rapidly,Probability_rising,Probability_rising_rapidly,Probability_stable
0.7746939655220939,0.00045320794572317356,0.00042109260998069684,1.2383151000588295e-09,0.22443173268388708
4.891855816801099e-15,0.9999999999999951,5.300139799915231e-53,3.3809562081415192e-74,5.8935541614881884e-33
1.550851794396994e-09,9.813026422194369e-19,0.5885689271197275,0.41083513188187787,0.0005959394475428533
1.3592895987244822e-20,5.7525481833131245e-34,0.0004927349387745901,0.999507265005447,5.57783536394581e-11
0.006082838580816318,8.39103771773319e-09,0.3644546588241893,0.00026454770997353175,0.6291979464939831
2.7799370802883583e-24,5.378540370741581e-39,2.9577875761987324e-05,0.9999704221240722,1.6578453255975254e-13
0.005642952159890882,8.401784272296638e-09,0.3241086153774511,0.00016539275061252232,0.6700830313102611
1.719316884695279e-07,7.368226391179999e-16,0.9112933986253214,0.08038207768840593,0.008324351754583311
0.12245558711661486,2.6379819707816988e-06,0.012744231517570885,5.29248269327183e-07,0.8647970141355742
0.3852946821456321,4.869195896333118e-05,0.004130621809447589,4.287502474236006e-08,0.6105259612109322
4.846779329900471e-21,2.0762285313492767e-34,0.00031225104527788354,0.9996877489333403,2.138182600043785e-11
0.00603074111176783,6.3198883472714e-09,0.2501153614104072,0.000136871381577396,0.7437170197763593
0.686406004447104,0.0003109181778197868,0.0005348102393322139,2.6522324786431996e-09,0.3127482644835115
3.0156679021914036e-08,5.144444817291607e-17,0.8423125381299881,0.1545724251998861,0.003115006513446723
0.9693686058622257,0.0101649156478749,1.9119523056998264e-06,2.932266350482652e-13,0.020464566537300367
2.641237835142225e-06,0.9999973587621624,7.363780487231998e-27,4.4192701837023165e-40,2.4898088583154494e-15
0.11092955916190106,2.840080594758336e-06,0.01825740675985016,8.286576685693114e-07,0.8708093653399854
0.005806710367578615,7.664437736351515e-09,0.28798480603787846,0.00014827310553712988,0.7060602028245679
2.1224959202833128e-07,8.603604746719512e-16,0.8903228961635885,0.09959525186086758,0.01008163972595091
4.58138763011715e-05,5.668788793806683e-12,0.9062704889548053,0.004145840231809993,0.08953785693141482
3.6331833720446977e-28,4.156149748352624e-44,1.6529567605683895e-06,0.999998347043239,4.766807770998129e-16
1.8853219362149265e-13,2.3672496717159433e-24,0.06563020144135365,0.934368065881183,1.7326772748847218e-06
1.3351942526105273e-09,0.9999999986648058,1.4408469613514026e-36,5.722683616859891e-52,1.175757643801775e-21
0.8608829551217734,0.13809290803308685,4.752927449893271e-09,7.491044916228978e-17,0.001024132092212263
1.2474287370112926e-05,3.554568045049971e-13,0.9360556742227424,0.011856154544450685,0.05207569694508123
4.0563266933095225e-06,7.026173429692423e-14,0.9386427736471674,0.024406038475820412,0.0369471315502486
0.7468219208369313,0.00032181548684910946,0.0003903227593134136,1.6070526820391895e-09,0.2524659393098534
3.5456300509325266e-24,6.727067011715358e-39,3.5245193285532835e-05,0.9999647548064641,2.5015920454950575e-13
6.254342025178957e-05,6.029819145953325e-12,0.8543653735279515,0.006542818886616595,0.1390292641591503
0.11379202154637323,3.4899715944582238e-06,0.022814973635820503,1.1861298734571689e-06,0.8633883287163384
0.01215029765338719,2.6650018244178757e-08,0.13709638643782573,5.0259848834879096e-05,0.8507030294099339
6.345209845237088e-05,4.8041508677528275e-12,0.866778517309924,0.011060786581894095,0.12209724400492554
6.159230407224226e-28,8.354833813141037e-44,1.9541595852663903e-06,0.9999980458404139,8.86220944010634e-16
4.8146870321036156e-05,3.807807884792429e-12,0.8742934886182886,0.00769912583363753,0.11795923867394514
8.45740342975928e-11,1.2974825288789579e-20,0.341946201160586,0.6579355038101029,0.00011829494473704733
6.957947478752277e-05,6.228584705778228e-12,0.8812648631320853,0.00475869500859528,0.11390686237830325
0.8570044607548709,0.14201180203761193,4.4706115530291745e-09,6.816795884835708e-17,0.0009837327369055318
0.9575356922232587,0.0036267802278348,5.987676357051269e-06,3.4719340758721134e-12,0.03883153986907736
0.00031222398724411077,4.648238593466234e-11,0.7019643554846886,0.0021814218852739616,0.295541998596311
2.0650319533017826e-07,9.753543124680192e-16,0.9340931053153406,0.05884081766673463,0.007065870514728417
4.703380832381875e-05,3.447657122943914e-12,0.8958433946489105,0.00932045499605381,0.09478911654326429
0.9713313650958255,0.009848136848387153,1.9125657098226898e-06,4.695788355603317e-13,0.018818585489607725
7.974948210001782e-09,8.541544813582261e-18,0.80499278439192,0.19371349808145508,0.0012937095516767244
7.623138690676405e-21,3.164092046121424e-34,0.00030463448502389694,0.9996953654719487,4.3027298324156614e-11
0.15239786249136048,2.674550238037652e-06,0.02266976001738391,1.101306864854053e-06,0.8249286016341527
4.2151211818076205e-24,9.321755151384095e-39,3.8653091687785555e-05,0.9999613469080322,2.800268535712749e-13
0.0052243895048774995,7.70582303354136e-09,0.2891286809776177,0.0002142646057003419,0.7054326572059815
7.203169046152732e-05,4.3992047919711705e-12,0.8444318689741679,0.004660534229826932,0.15083556510114443
1.4084989422884688e-05,4.251100622311028e-13,0.9261061971960679,0.00902304665775839,0.06485667115632589
0.0006080759747117392,2.0212850492504424e-10,0.6778613476644128,0.0013200428032364756,0.3202105333555105
6.906072641547599e-14,8.376582620881067e-25,0.04539268744916159,0.954606397450208,9.151005614648724e-07
0.9748047078005174,0.007804315805689508,1.6230786248740602e-06,5.422369032131236e-13,0.017389353314625922
0.6978252971827827,0.0003697892656848289,0.0005670110970735642,1.530679094185147e-09,0.30123790092377967
0.9676600206661482,0.010080229342695179,1.45351768871132e-06,3.995716071849363e-13,0.02225829647306856
0.9674343634791636,0.006157705206593171,1.9486494272891496e-06,6.142188277126701e-13,0.02640598266420178
0.026850781280687637,3.1207988803785156e-07,0.11447494443336474,7.317199404310787e-06,0.8586666450066552
0.006814931596316514,1.0075345562719263e-08,0.2759567714099601,0.0001451819988519441,0.7170831049195259
5.353549550745655e-07,0.999999464645045,8.327704646115673e-29,1.4014165731844198e-42,9.709316479384758e-17
4.711612881304727e-17,3.6454605951021737e-29,0.006086772577905182,0.9939132156307166,1.179137835321004e-08
7.176290890004283e-05,4.955938661415839e-12,0.8501849071109744,0.005694966753190047,0.14404836322197945
5.913166602942825e-35,1.9205354821023422e-53,1.4662271411131394e-08,0.9999999853377286,1.930162270592399e-20
2.201962366923098e-15,6.429836489910534e-27,0.01891407461073041,0.9810857991560725,1.2623319483369112e-07
0.660990342934858,0.00040038254878388256,0.0004296018455893809,2.3226742836407555e-09,0.3381796703480945
0.9504013288367414,0.0042592617082275784,6.0916731385247964e-06,2.780623875052759e-12,0.04533331777911183
4.874222476741176e-10,0.9999999995125777,6.303205074458215e-38,1.0962812356940593e-54,8.828631734759563e-23
1.961737877496986e-42,1.8956526869965053e-63,5.409891379009756e-11,0.999999999945901,2.2858672933967337e-25
6.67806580940194e-17,5.000954370759098e-29,0.0067665853735137055,0.9932334023736236,1.2252862802670106e-08
0.8651682173355186,0.133805118650329,6.733890480211236e-09,1.8355900887271717e-16,0.0010266572802616984
0.013768793231329766,4.729298111670295e-08,0.20404203559349518,5.0324522102646626e-05,0.7821387993600913
2.26825205527941e-13,2.9098657852886753e-24,0.0647828892840127,0.9352140590911063,3.0516246542457336e-06
0.9707873308297241,0.0076565149969417,2.303170683374357e-06,1.1428282166889338e-12,0.021553851001507855
0.7304014241364876,0.0002738260837389111,0.00026547702815993084,6.873572379736041e-10,0.26905927206425634
0.010526846782123614,2.6213840006608747e-08,0.21869276058684903,0.00011570284106244045,0.7706646635761251
2.062286368591851e-07,7.209249871815556e-16,0.9116624038185424,0.07898008755279984,0.009357302400019987
6.946309402707063e-07,0.9999993053690595,1.4937032284113751e-28,3.9646704399437455e-42,1.178087764858719e-16
0.9738644261808301,0.007838074396510691,1.3228564683315386e-06,3.145747056121798e-13,0.01829617656587611
0.22687844527560147,0.7731056442943263,6.117826552784686e-12,7.947358303965145e-21,1.5910423954630298e-05
7.525804330177105e-05,6.998965608834384e-12,0.8101972268687463,0.004738343989254168,0.1849891710916989
1.2225436990366209e-08,1.3408900338216528e-17,0.8069123930154968,0.1912946395563143,0.0017929552027521004
4.29226010261559e-10,9.177070370600254e-20,0.4727123019847131,0.526989774348756,0.00029792323730483953
7.974678723321228e-09,8.64227876106494e-18,0.7310165665963181,0.2679292530300137,0.0010541723989894657
0.24829861280500318,0.7516847645739096,4.722547513647114e-12,7.489219282085147e-21,1.662261636463479e-05
1.9028176177500321e-07,9.001110819752895e-16,0.8912144016947576,0.10237930107301474,0.006406106950464863
0.7149123887939841,0.00039468362534927464,0.0004154429597103768,1.1034937986501606e-09,0.28427748351746224
4.3198376529798385e-35,1.6784858777555282e-53,1.4748616976662001e-08,0.999999985251383,1.8658018795158046e-20
0.005365909165746877,8.508088487329015e-09,0.24948165361436048,0.00011334727647382217,0.7450390814353303
0.9669105233992408,0.008624175177522408,2.598054073393599e-06,7.050014530774263e-13,0.024462703368458433
0.033296382710103684,1.9410766263104754e-07,0.07731876766395465,1.123024633092314e-05,0.8893734252719482
0.0007649057330751015,2.4137837885871225e-10,0.6089314537786554,0.0014019879358478102,0.38890165231104334
2.2384679240974567e-07,1.1293065609826194e-15,0.8917832177810265,0.09932886966393538,0.008887688708244627
5.947577285908357e-35,2.559466267008477e-53,1.3101147915763283e-08,0.9999999868988521,2.3451538663712296e-20
0.0065539285508163765,8.032096731325619e-09,0.28898631982519424,0.0002601509044541265,0.7041995926874386
0.006128783931041458,8.086494387354375e-09,0.2577507898238826,0.00013789606600881808,0.7359825220925726
0.005534866833723062,7.320688459931666e-09,0.28558354414857423,0.0001702811062066126,0.7087113005908076
7.231240231346351e-17,3.9307299254901614e-29,0.005964990723908629,0.9940349931870696,1.608902178285441e-08
3.1326030384900307e-10,6.678170834002901e-20,0.45569267293141025,0.5440851619658904,0.00022216478943901547
0.21794419481768815,0.7820315971537489,6.33538559442123e-12,1.0462476927534729e-20,2.4208022227442708e-05
0.9226301511415963,0.002158951910614139,2.3853919439980813e-05,1.713461826388337e-11,0.07518704301121483
2.8544023832000557e-11,0.9999999999714559,1.3648503267709275e-41,3.2462419207484254e-59,2.122910516312564e-25
0.9714736264202514,0.006477849414839931,1.0486513907522109e-06,2.4723380109929034e-13,0.022047475513270635
4.182869619695901e-09,0.9999999958171304,8.386683911154191e-35,1.4112862411730276e-49,1.5326246585724868e-20
0.7287791731192363,0.00033686691971681265,0.0003771173863088889,9.941395107991559e-10,0.27050684158059846
4.956489851811975e-05,0.9999504351009043,3.1926797763328946e-23,2.0019851855501846e-35,5.774126447383937e-13
0.9768129783017598,0.006865864061797455,1.6024568168993366e-06,6.499849743573715e-13,0.016319555178975802
0.247448829670921,0.7525349621964648,3.2550946423818336e-12,4.451626422048378e-21,1.6208129359097552e-05
0.8460529387290803,0.15283063421509205,7.629036076502834e-09,1.3959820410161256e-16,0.0011164194267914524
0.9731904151285719,0.007994242674771553,2.4559700121023397e-06,7.231405959966379e-13,0.01881288622592159
2.5343700389549657e-24,5.179607589027188e-39,2.6450631132763716e-05,0.9999735493687029,1.6424302876856264e-13
5.295371290268792e-05,4.7224859950520355e-12,0.8596783716385523,0.00898783050447223,0.1312808441393501
0.7150227226019937,0.00034178927180342894,0.00032550945297777365,1.2420207114539909e-09,0.2843099774312042
5.331035502695484e-05,8.080381811023343e-12,0.846921188409215,0.003892100377273458,0.14913340085040422
5.072382806357689e-05,0.9999492761713835,3.353999494315987e-23,2.1793213169356645e-35,5.52843540103965e-13
0.13520117350113792,3.6996435454584392e-06,0.025328632657306224,8.808517509444501e-07,0.8394656133462594
5.088199785552902e-24,9.959976518346593e-39,4.03145195087891e-05,0.9999596854801615,3.2962968115574134e-13
0.10689929036016631,3.0506131907307394e-06,0.0142002767030275,5.566754235861377e-07,0.8788968256481918
1.674997830478054e-24,3.3221461103155385e-39,2.4599121095180578e-05,0.9999754008788014,1.0329362448243348e-13
3.904817209608469e-06,7.279459028938477e-14,0.9403850230213983,0.024932300153944358,0.03467877200737484
0.3650511051286482,5.322092581732006e-05,0.003689291924002878,4.404444623342778e-08,0.6312063379770855
0.005575276883789235,6.806458968407635e-09,0.21711505860238836,0.0001077980276106021,0.7772018596797529
0.07782696405685964,0.9221717452862547,1.0838454912142263e-13,6.269454685276906e-23,1.2906567774530754e-06
0.013551084532044712,5.918036826808818e-08,0.14980096416323238,3.4841676765726177e-05,0.8366130504475888
0.006029356866484958,8.544363992494863e-09,0.282045700531715,0.00016617941402665147,0.7117587546434094
4.070671889950589e-05,3.152685682593109e-12,0.8934086553298147,0.006290933018731882,0.10025970492940099
2.7830675338807342e-06,0.9999972169324646,5.9548087131797674e-27,2.298230125707556e-40,1.5740124240483001e-15
0.11898754305976088,2.9223292535901614e-06,0.02169411482948689,1.1484852065880103e-06,0.859314271296292
1.9302556987453427e-13,2.3056264643676857e-24,0.0625706581791428,0.9374270828187663,2.2590018979201788e-06
0.0427538709257135,4.399278446300454e-07,0.06325806994530378,7.122299364676085e-06,0.8939804969017733
3.401344161604597e-17,2.4301372104332804e-29,0.003942636377481658,0.9960573574570755,6.1654428334973115e-09
4.93167526064516e-05,3.4892020518768365e-12,0.8766482229354774,0.007044610954145187,0.11625784935428184
0.8296478906970683,0.16940532714964204,3.744286622352204e-09,7.559501716901748e-17,0.0009467784090029805
0.9563912026196836,0.004883818585264877,4.909872149354139e-06,2.3282888539051727e-12,0.03872006892057393
0.025892425503261637,1.5423845710551518e-07,0.09834708611499715,2.3537606308253497e-05,0.8757367965369759
7.529792903114584e-09,0.9999999924702071,2.746679163886506e-34,8.025095740331817e-50,1.7199442397464917e-20
2.1835991742297076e-20,6.538192745945328e-34,0.0004964628996977586,0.9995035370168832,8.341893320263105e-11
0.3262471265888478,0.673732528303886,9.606453122305968e-12,3.7483531025013657e-20,2.034509765983667e-05
0.9044325363677017,0.0018056528357063395,4.645426776360634e-05,4.4103599063745057e-11,0.09371535648472473
0.004312801873889962,6.764474661851596e-09,0.36768611582507527,0.00023624949449024856,0.6277648260420698
5.2529742481576775e-05,0.9999474702569806,3.9964058921514713e-23,2.833425427492026e-35,5.376947076174907e-13
2.2931551607600222e-10,5.864583374786224e-20,0.4386333576660365,0.5612063978669865,0.00016024423766149132
0.005122358889159593,4.0718263754653475e-09,0.3125250194829885,0.00011368904691900831,0.6822389285091066
0.0009335610898308404,0.9990664387106672,2.85428110950182e-19,3.9880376750662564e-30,1.9950187070544366e-10
0.2547009017208113,0.7452791824638808,7.0434136979229296e-12,1.486322595002828e-20,1.991580826452443e-05
2.0247789138112063e-15,5.962232729411407e-27,0.018478834220010874,0.9815210519708856,1.1380910150865706e-07
0.879055995819919,0.11987295320734273,4.078682685083237e-09,7.44199320443607e-17,0.0010710468940554976
0.9579205485705773,0.03626333704786483,1.194157386514696e-07,6.817874263006405e-15,0.0058159949658123595
0.000898073725874524,0.9991019260761684,2.4031355312886685e-19,2.177644918836395e-30,1.979571039130498e-10
1.0294527411206136e-27,1.1684615368172501e-43,2.825771373379352e-06,0.9999971742286257,1.0048574663510257e-15
1.0915842447578683e-11,5.91515233334344e-22,0.24813590993203358,0.7518362351557553,2.7854901295370827e-05
0.9741834276406998,0.007681405375708043,1.1835770101821367e-06,4.1050992905589645e-13,0.018133983406171637
3.807146474062323e-17,2.8390855217835074e-29,0.005578275873575741,0.9944217150583027,9.068121482430028e-09
3.0322273293541307e-10,7.907743417173219e-20,0.46738205437684527,0.5323882002990348,0.00022974502089721785
0.8540230271140081,0.1449376075610327,9.360910665298106e-09,2.5449357463147704e-16,0.0010393559640484232
0.9737064394745321,0.008377457078418535,1.6669951842310536e-06,4.261755576453102e-13,0.01791443645143914
0.22390868232506997,0.7760778285956017,4.260564924510034e-12,3.916931542573629e-21,1.348907506783311e-05
5.049649626267522e-10,1.200858696825394e-19,0.4823453895241142,0.5172818817263561,0.0003727282445647376
0.25803126674329363,0.7419531190285552,5.168917552079087e-12,1.1761594062551245e-20,1.5614222982299525e-05
0.7260334329169599,0.00031974114433770993,0.0004492156228093042,2.0811887566744653e-09,0.2731976082347042
0.9134244541109816,0.0019553323201942923,2.7242883595035905e-05,2.897878654984565e-11,0.08459297065625032
1.9739181678117435e-13,3.084901376147675e-24,0.06022980616090664,0.9397678076943418,2.3861445542455967e-06
0.0168455839186747,7.036714128339889e-08,0.1276276441144988,3.240915662709475e-05,0.8554942924430581
0.9013848776744684,0.0020379340435455833,4.0265280687389206e-05,4.2142708692402125e-11,0.09653692295915593
4.6469269492051435e-05,3.588172990851429e-12,0.8744949253893907,0.006896860714481368,0.11856174462304782
0.002110114679761034,0.9978898839391606,2.439879796654112e-18,4.059809747418332e-29,1.3810784162391178e-09
0.2741797399669504,0.7257971050177432,6.008070542208625e-12,8.584247201620958e-21,2.3155009298326748e-05
4.3512969039119225e-42,4.399563236319606e-63,1.1141874715720531e-10,0.9999999998885813,5.631168403594095e-25
0.9617914561938369,0.010238108251920841,2.195978619113576e-06,6.368407040843955e-13,0.02796823957498624
2.8404895249947634e-07,1.2951487614934931e-15,0.920526782195799,0.07016444725566877,0.009308486499578515
0.020839185402550895,0.979160733488826,1.201623435815845e-15,1.600277190712706e-25,8.110862168213307e-08
0.7235910811231835,0.0004082639983542451,0.0004439022004666596,1.2979958965913411e-09,0.2755567513799998
0.22126195034576476,0.7787237386406803,4.384089008423879e-12,6.0523557350725486e-21,1.4311009170861176e-05
0.9676867307436432,0.012191958565223137,1.3664353725296562e-06,2.5677441810942324e-13,0.02011994425550443
0.0039035298606600625,0.996096466931723,1.5614467700819824e-17,4.78510598586157e-28,3.2076168646682e-09
0.7079038870589752,0.00028129836184944356,0.00027989241635529004,9.236698055177516e-10,0.2915349212391502
5.021693099006816e-21,1.8078550480094443e-34,0.000279690904349723,0.9997203090698442,2.580611385739304e-11
1.9237444205359814e-38,2.999468437991334e-58,1.3858595726443214e-09,0.9999999986141404,1.5189153622899098e-22
3.155251109487966e-07,9.889428679362607e-16,0.901722398722244,0.08542306435936636,0.012854221393277665
0.004700221521086174,8.4526341537431e-09,0.25751470842241064,0.00012173835250939917,0.7376633232513596
0.30601269364922945,0.6939651612817517,5.275676834004779e-12,7.97628727065691e-21,2.2145063743380348e-05
0.35322401580823265,3.130307657478926e-05,0.0023937809626389424,2.7182195397091657e-08,0.6443508729703582
0.14022680459595582,3.4154002285923237e-06,0.021427131568049186,1.1135552193083286e-06,0.8383415348805471
0.9691042392958645,0.013535714343709017,2.1718491171779103e-06,3.170998515400296e-13,0.017357874510992282
0.752540167020853,0.0004336855605348176,0.0004421126082681613,1.0746158399509151e-09,0.24658403373572835
0.9556137576354525,0.038615710866836635,1.3504489195730793e-07,9.4948004873501e-15,0.005770396452809178
1.77244842363448e-38,2.388226215660676e-58,1.0021811592040684e-09,0.9999999989978188,1.2296565978162435e-22
2.0035362065213284e-13,2.9201764019534812e-24,0.07789725380244726,0.9221006106188999,2.1355784525243105e-06
0.9759733736444556,0.008124435290393408,1.838323223007337e-06,5.482146820379995e-13,0.01590035274137976
6.870169390088758e-35,2.0568652509498308e-53,1.835488118305667e-08,0.9999999816451187,3.0630008023690675e-20
5.609468180404227e-10,1.5243411301679947e-19,0.5537860033558937,0.44593535690039354,0.00027863918276584647
1.6305100854871273e-07,0.9999998369489914,6.879531556322823e-31,1.0507009241128887e-44,1.3515625484783984e-17
5.6092870207528836e-05,4.73405095839097e-12,0.8729250405466704,0.004574381570345451,0.12244448500804261
0.966117290270602,0.004688463727334258,1.6710592371694255e-06,3.790894435353331e-13,0.0291925749424476
0.6593030570315878,0.0003274842343630887,0.00040290496395938366,1.479281100963365e-09,0.33996655229080863
0.7818730021962863,0.00041315577616015797,0.000365478906388872,9.546319319537456e-10,0.21734836216653253
1.9007697587908655e-10,4.126660287473293e-20,0.35109196588380476,0.6487661685740241,0.0001418653520941075
0.01705531806358732,0.982944598286373,1.2500974782870035e-15,1.7814110740538896e-25,8.365003836557803e-08
0.006327634777122028,9.982338492566384e-09,0.3369625445976949,0.000211103485168809,0.6564987071576758
0.005699127212039133,1.535207961623921e-08,0.28202276409459526,7.913807879468105e-05,0.7121989552624912
2.643862576234935e-10,6.364694619337365e-20,0.4649164798943592,0.5348668084934126,0.00021671134784201883
2.5458484548952173e-13,3.1075428402006064e-24,0.07175026515457437,0.9282467366880138,2.998157157382872e-06
0.31134209302280647,0.6886349924238768,5.399688804308e-12,8.742246042787352e-21,2.2914547916998324e-05
0.13970621852452295,2.2481075964753076e-06,0.013926039731048504,6.433749753530729e-07,0.8463648502618567
2.3027590798326236e-07,1.1480522250507681e-15,0.8770495013275587,0.11312543295501645,0.009824835441515673
0.0019563841024054555,9.579627041096414e-10,0.4112851702362643,0.0004869015898732086,0.5862715431134944
0.0006156483628894829,2.005101736307272e-10,0.674717552826225,0.002018924526031254,0.322647874084344
0.006149278601781526,6.093026787971627e-09,0.2504609149313173,0.00015037014044375562,0.7432394302334306
0.20964993122067072,0.7903315856428766,6.413841108568194e-12,1.4053216186522313e-20,1.84831300387851e-05
6.766576898929227e-05,2.8903939586573555e-12,0.8610274237951329,0.008545063877976426,0.13035984655501098
0.001118712431791291,0.9988812873332552,2.372838169098235e-19,2.6075116585364073e-30,2.3495356177673736e-10
0.0003989675344694524,1.0727909396339446e-10,0.7352751146246347,0.0012960252418543982,0.26302989249176234
0.778673158397112,0.00042254406041247267,0.0003407815723907017,1.1138368898514456e-09,0.2205635148562478
0.02955938469223093,1.6268521094497658e-07,0.11993590172972854,2.5783962388606063e-05,0.850478766930441
0.10645043259960156,3.584972504621292e-06,0.017852256848351837,8.102557146271543e-07,0.8756929153238274
0.11142692998101761,2.190637007434535e-06,0.018322884877355346,8.142435695830694e-07,0.8702471802610501
7.123915447891691e-05,5.4601260194127865e-12,0.882438157485381,0.00508807811275217,0.1124025252419278
0.2780226063363081,0.7219567030190369,4.697843868693229e-12,6.633350438840621e-21,2.0690639957187466e-05
3.047083877246596e-06,5.1066753153759247e-14,0.9462637116574202,0.02360568964282932,0.03012755161582214
0.006601380772268932,1.1944708142314191e-08,0.26575048669378365,0.00010693648409491329,0.7275411841051443
0.005742662921144512,8.439230740117015e-09,0.2873083205831593,0.00014247101429353456,0.7068065370421719
0.1233985311595964,3.4466720763927182e-06,0.030467455733494197,1.2665717075254576e-06,0.8461292998631255
2.0025415713534727e-17,1.2521064175377477e-29,0.0027878979310307934,0.9972120978567204,4.212248662432124e-09
5.338617521340809e-05,0.9999466138241472,4.4225615145823483e-23,2.708841817064452e-35,6.394345509694155e-13
0.8627518943433783,0.13630797013096072,5.021094800980802e-09,8.534183152924427e-17,0.0009401305045662521
0.14641319198011665,3.5824535749968705e-06,0.024169864648644207,9.613642750917044e-07,0.8294123995533891
9.733958161998583e-30,2.5293532116091124e-46,6.007056517422205e-07,0.9999993992943483,4.7169583444948516e-17
4.6441260065519905e-05,4.524344260457021e-12,0.8908181349350422,0.004138502338091417,0.10499692146227672
0.02795316472949913,1.7037270448224352e-07,0.09252448723175108,1.3358681334524993e-05,0.8795088189847109
0.9638998643714971,0.009151005564345073,1.874480293141653e-06,4.919759418955145e-13,0.02694725558337261
1.3907576834544236e-20,5.441740095757029e-34,0.0005053766493704901,0.9994946232931428,5.7486718479520607e-11
0.7469562682151727,0.00032814316096864003,0.0005089392500214789,2.196380871394386e-09,0.2522066471774564
7.114888567356719e-05,4.441569410682097e-12,0.830148002877793,0.004994822606280192,0.16478602562581163
0.006139334734899602,7.722919266708528e-09,0.27211128806217627,0.00018912168038705873,0.7215602477996178
0.9710343254927721,0.008834080299652337,1.9576784299213596e-06,5.217360841022965e-13,0.02012963652862393
0.5691281537933681,0.43075490465840577,1.5638230700042613e-10,6.502992478315399e-19,0.0001169413918437242
0.8727200121342634,0.1263697787611063,5.1264031181036205e-09,1.3201977574740115e-16,0.0009102039782270432
0.9638984326110291,0.015063141296451917,1.82389567344495e-06,2.747437815345238e-13,0.021036602196570615
7.903115932621885e-05,7.059656820188147e-12,0.8303204051781089,0.005876838438957777,0.16372372521654743
0.20434244443488797,0.7956405412865518,5.17449335071217e-12,7.134244143285746e-21,1.7014273385850105e-05
0.8460336148075223,0.1531144741891543,5.687326048070738e-09,1.0478792985182001e-16,0.0008519053159972539
1.7062132591046303e-07,0.999999829378674,1.745026394500913e-30,8.52703230627857e-45,6.5747632643549756e-18
0.8559983995662539,0.14252975025770243,6.98970058387125e-09,1.8415358017644717e-16,0.0014718431863429233
0.9615689215989235,0.03410974981968146,6.827221858201933e-08,3.7073443122579755e-15,0.004321260309172937
2.1831024237560213e-07,1.0715170693654894e-15,0.914461487855689,0.07857266327815093,0.006965630555916624
7.728853903754874e-14,1.0773136164465279e-24,0.04778956058612043,0.952209401307181,1.038106621275661e-06
0.6921655819538586,0.0002904869720002813,0.00027102964586155813,8.816436096201186e-10,0.30727290054663586
2.1306816600555106e-07,9.086563805924246e-16,0.927303758805525,0.06433974885216062,0.008356279274147343
0.10226651909753696,2.82500270643602e-06,0.0277459102813576,1.285785871859019e-06,0.8699834598325272
2.9633367414362205e-07,1.55048091224198e-15,0.710724544964088,0.2697574046626835,0.019517754039552873
7.063171863909942e-05,4.38233079045053e-12,0.8485179852939941,0.00474310035787395,0.14666828262511034
0.8653482511947277,0.13361117485680274,6.011230822101218e-09,1.1280974846124062e-16,0.0010405679372385201
0.24715781411946552,0.7528259637277902,5.660323081661884e-12,1.027137104022628e-20,1.622214708381823e-05
5.9348011551106454e-05,5.207105178988505e-12,0.8609475141323779,0.0043069568368237394,0.13468618101404006
4.253261093526279e-10,1.0952697742922232e-19,0.547342584534721,0.45240533190184784,0.00025208313810515573
0.847717768843207,0.1510267035268126,5.50194020458908e-09,1.1199718591549286e-16,0.0012555221280399229
2.0567982784447777e-07,9.907988688510677e-16,0.9214786279087995,0.07013442242814286,0.008386743983228653
6.937329887941365e-05,7.131286727950017e-12,0.8424837889495321,0.006940608365638304,0.15050622937881883
0.00516450632609362,6.8314901897376565e-09,0.3053720387400579,0.00020565078585325585,0.6892577973165052
7.255550278807794e-05,6.117168240365813e-12,0.867509607582055,0.003953010540106882,0.1284648263689329
0.9634748741779393,0.009800234043689194,2.09020123984098e-06,9.33234828597126e-13,0.026722801576198517
0.00032848518153441635,7.017797801741744e-11,0.7464375482118903,0.0019613624791773856,0.25127260405722
1.3327630237723845e-13,1.9205498814896262e-24,0.05845517770407069,0.9415426597645409,2.1625312550985726e-06
0.23151570450051892,1.4517458939342049e-05,0.005596355093002348,8.72560233978097e-08,0.7628733356915159
3.238460172530586e-05,2.6953805029021568e-12,0.91860833355293,0.009720352614058025,0.07163892922859129
4.738306855156235e-17,3.0099074584867315e-29,0.005271495670085444,0.994728495959191,8.370723500564738e-09
1.023989247261217e-20,3.920077966082597e-34,0.00040542713515900295,0.9995945728293193,3.552177432459004e-11
0.0007027768264198443,2.4220821824001367e-10,0.641083799045246,0.0013028882912105167,0.3569105355949155
0.00040443352790818125,1.0726072959533449e-10,0.6626689582012782,0.0022039784296521495,0.3347226297339007
5.3650753479429284e-05,5.037398929161429e-12,0.8232408205758834,0.005894055675917621,0.1708114729896821
6.139216064433542e-05,0.999938607838526,4.132839440373407e-23,3.2683339726711723e-35,8.297055892130313e-13
0.005522895018641568,8.742843455676259e-09,0.29453383467180816,0.00012320526564125884,0.6998200563010656
9.292160023704369e-28,7.761549287825031e-44,2.5604649601000556e-06,0.9999974395350387,1.175452129646519e-15
6.671505828456883e-14,0.9999999999999334,3.726104141251932e-49,4.2704450120631043e-69,1.3850907001949841e-30
3.158667751888461e-10,6.975164944023847e-20,0.3975260496135421,0.6022824227852949,0.00019152728529622513
0.8659380410011099,0.0010835924855925438,4.441500531223572e-05,7.7613442385995e-11,0.13293395143037182
0.9677518785890874,0.007045654925270483,1.5187432712031101e-06,4.160484113870613e-13,0.025200947741954877
0.9394202383830826,0.05758696795004619,3.6518401122858816e-08,2.1168815099441146e-15,0.0029927571484680113
0.23233655638374442,0.7676436938248151,1.0979870623973677e-11,2.1650544473438416e-20,1.9749780460385867e-05
0.9674902542956397,0.009442960578094128,2.2841264403044936e-06,4.91306864274019e-13,0.023064500999334544
0.052405831752273216,4.7672262011215513e-07,0.043041955223741095,4.004272433945615e-06,0.9045477320289316
1.0807677584570282e-27,1.072998173519627e-43,2.938564451350804e-06,0.999997061435547,1.4961957901261046e-15
0.0013626930807461037,0.9986373065969427,2.636907621481054e-19,2.6520566534793005e-30,3.2231115197184323e-10
0.30247782152541663,0.6975053612408156,3.970668302577223e-12,7.070136179004349e-21,1.6817229797006146e-05
0.9603663147076863,0.010850055791597592,2.000906435064446e-06,4.959766225066268e-13,0.028781628593785063
6.908399781972164e-05,4.525160246170023e-12,0.8637231410434899,0.009076585663774795,0.12713118929039033
1.1198136165864796e-08,1.4284197881396274e-17,0.7568473133390561,0.24136709669134018,0.0017855787714675868
0.0070118755860779525,9.478735616496475e-09,0.28651406702265814,0.00012884375911205532,0.7063452041534162
0.5210916935829955,9.993681934863813e-05,0.0010346113095513474,6.699992494453138e-09,0.4777737515881119
2.1374005476641814e-07,9.776466308898444e-16,0.9021199925456312,0.08682399253041066,0.011055801183902482
9.591158835512288e-23,1.0,1.95048083105618e-75,4.0874700451159397e-103,3.660912387887259e-48
0.12845861449524434,2.9963202018547256e-06,0.020959512564159757,1.1241873003367185e-06,0.8505777524330937
0.13721592450281792,3.3266440617749637e-06,0.028342881795126895,1.9068133162749273e-06,0.834435960244677
2.042620281831358e-13,2.266540899843739e-24,0.0657961674734788,0.9342019889047316,1.8436215853085852e-06
0.8481871525882637,0.15073582037565578,4.781351686243745e-09,1.1879352208504855e-16,0.0010770222547286988
6.248261509069416e-14,0.9999999999999376,2.6406712630363433e-49,4.0553162773841623e-69,1.7164944191370367e-30
0.13026946952881183,3.692303202578621e-06,0.021860228201703545,8.564150637622564e-07,0.8478657535512183
0.14607475221449506,3.8360854537309836e-06,0.02672255820524399,8.423550448485033e-07,0.8271980111397624
0.0053324510410816366,1.0103272353300458e-08,0.2945659674062238,0.00013044987611882255,0.6999711215733033
0.9662210670464498,0.009591329969908812,2.3260869871552653e-06,5.757864418057288e-13,0.02418527689607817
0.7357433481246011,0.00033233151140840537,0.00037549463499524766,1.0720152083253033e-09,0.2635488246569802
9.615140187092687e-21,3.824784383471799e-34,0.00042128573311495663,0.9995787142300461,3.6838949373748564e-11
0.057992662744615855,5.456251137236118e-07,0.050057680923283526,3.525382313169098e-06,0.8919455853246738
2.6877898024118322e-11,4.274900907401545e-21,0.3019694234386215,0.6979786103500331,5.196618446752395e-05
0.0805762647930995,0.9194223926213708,1.2149070578674829e-13,7.88381844294582e-23,1.3425854082433497e-06
1.4978360401922906e-08,1.5103171921797485e-17,0.7746896769098945,0.22274772339411383,0.0025625847176312787
0.7367019430648456,0.0003587405743358773,0.0004610481098536767,2.2939411285442356e-09,0.26247826595702395
2.1781008719637642e-07,8.750472204125677e-16,0.9007096398399774,0.09203159240698444,0.007258549942950017
0.7056108035670207,0.0004062720541843294,0.00033526936591667187,1.3125764555533198e-09,0.2936476537003018
0.001404813640168262,0.99859518600598,3.1017447069358512e-19,3.8405729869736994e-30,3.538518607705614e-10
0.8526832405234754,0.0010217952322159874,9.655864503999068e-05,1.548104437771305e-10,0.14619840544445825
2.1267971273824118e-24,4.397722663055943e-39,2.6859271375483227e-05,0.9999731407284278,1.9663023204527718e-13
0.97010340520656,0.0076575982916234,2.4432170120510994e-06,9.093163768386848e-13,0.02223655328389527
0.0003166306706829202,0.999683369303424,1.1881128242349155e-20,7.409230075231987e-32,2.5892973957881832e-11
1.9506921705519208e-08,1.6455777530528433e-17,0.7847367553814428,0.2129708265233917,0.0022923985882437633
0.005952149252427832,6.6350214154310044e-09,0.1997489418098279,0.00011211029021463555,0.7941867920125082
1.1754204814780033e-45,8.322775822467518e-68,8.311660915788835e-12,0.9999999999916884,3.46661822711211e-27
0.0009228106952637067,0.9990771891153291,1.9835092284993551e-19,2.4351504358807304e-30,1.8940722742615785e-10
2.9656116337825535e-15,1.1430617565540366e-26,0.016492100015407556,0.9835077464662197,1.5351836970054053e-07
1.9928131194138272e-07,8.448791622445325e-16,0.9101198985231319,0.08334563792450253,0.0065342642710528405
0.9717830268126167,0.008089153611221252,2.452666276956162e-06,1.1206053588278536e-12,0.0201253669087646
4.1957664120728156e-05,3.3868858578651523e-12,0.8950587736375515,0.006162336718370315,0.09873693197657066
0.0016699891264666997,1.2957420058741269e-09,0.5728845035370712,0.0006665291084742486,0.42477897693224576
4.07958657569338e-05,3.1521648741920975e-12,0.8934766059970085,0.008566232115538225,0.09791636601854414
1.8904186916462992e-11,1.1186083099270944e-21,0.2810583963705791,0.7188930960015938,4.850760892293982e-05
3.041149263422619e-10,4.418773143212443e-20,0.482711442190643,0.5170396854537919,0.0002488720514502638
4.6839832660185617e-05,0.9999531601667326,4.349201454137844e-23,2.8825617279550067e-35,6.070618458787979e-13
6.852984259359258e-05,6.547936422895047e-12,0.8255124435187493,0.006209502159920416,0.16820952447218876
2.2194115952171354e-24,4.2607265775384856e-39,3.023942569479091e-05,0.999969760574126,1.7924428512227915e-13
2.201415217959806e-06,0.9999977985847802,7.419613915973223e-27,5.402171885199188e-40,1.8851751581583057e-15
1.5531854506654067e-45,7.182398212664318e-68,8.224706977216496e-12,0.9999999999917752,2.3430800444058967e-27
9.860581118694224e-09,1.0990670106864362e-17,0.7956171041797953,0.2027159605792562,0.0016669253803675028
0.11742024869166848,3.364239883704172e-06,0.02225224253590985,7.640343982840586e-07,0.8603233804981396
0.04748605906231108,4.824942180968019e-07,0.05446734301959355,5.42861852821213e-06,0.8980406868053491
0.013527624960846755,4.040280880873884e-08,0.23098710004624662,7.891772120253845e-05,0.7554063168688953
0.03928261107332042,2.2512255512004294e-07,0.10672220371015365,2.0151456955151114e-05,0.8539748086370158
0.006986099569456503,8.339892557539348e-09,0.23030960189502836,9.31970056484059e-05,0.7626110931899742
0.7151674412849086,0.0003385394793580128,0.00038320524373593797,1.3651372319374842e-09,0.28411081262686017
0.16788105478717996,0.8321065990579753,5.231296836581039e-12,4.4645603720747295e-21,1.234614961332905e-05
0.09784599531478853,2.953718310666142e-06,0.017871079144587153,6.352482162089822e-07,0.8842793365740973
2.7530245884986496e-07,1.320965408773522e-15,0.9363558798210124,0.056342981472207676,0.007300863404319656
0.9679118418540216,0.024332612920613967,1.9507369883298745e-07,1.4254233184837012e-14,0.00775535015165144
1.0282867167615433e-20,4.259905307058445e-34,0.000344123604944587,0.9996558763424648,5.259061135495839e-11
2.9851778648234384e-15,7.520247605470118e-27,0.01613104335245619,0.98386881662842,1.4001912084234625e-07
0.005952311258926675,8.803891932758916e-09,0.2869960537933613,0.00019508315383051216,0.7068565429899896
0.9115865667503614,0.0022142930435101664,3.112047560992861e-05,2.311460254465859e-11,0.08616801970740391
3.86798773334854e-15,1.5529601142968676e-26,0.020888486309157513,0.9791113212321079,1.9245873071076273e-07
1.0527239743440057e-45,6.384913215632661e-68,7.271137475503722e-12,0.9999999999927289,3.093160503730414e-27
0.004845574031087161,7.494447896782783e-09,0.2537083009121755,0.0001554478372350891,0.7412906697250543
5.73128542869677e-05,5.066436708964554e-12,0.8161402160539859,0.006975793338508846,0.17682667774815186
0.028390268859829343,2.2584386600612316e-07,0.0992451918339957,8.086682586575043e-06,0.8723562267797224
0.24388041707057265,0.7561052099066558,5.4080539481015026e-12,8.626718379206954e-21,1.4373017363485574e-05
0.12286586558879217,3.4575684521623106e-06,0.023662375633750572,8.832707131770866e-07,0.853467417938292
1.981159874759502e-42,1.9921603224668227e-63,5.818308814553205e-11,0.999999999941817,2.3676192505407207e-25
0.9718648923667499,0.008896291685862385,1.447064681366277e-06,2.728061912622371e-13,0.019237368882433624
0.9739025993745987,0.008935731316290288,1.695706399560748e-06,3.723061534743902e-13,0.01715997360233928
1.3737217655414417e-07,6.070623738943031e-16,0.8848992917145971,0.10973305041986,0.005367520493365859
7.5409464085144275e-06,2.1322048615938666e-13,0.9302717910547549,0.020999009679638424,0.04872165831898487
0.030726627575217647,1.9861290591150923e-07,0.10102742206405496,1.562143261084856e-05,0.8682301303152106
5.609373586017686e-05,4.635217464595725e-12,0.8601216243440829,0.00480909190705702,0.13501319000836476
0.22406570137308038,0.775915988785326,4.140188469272441e-12,5.238467114996271e-21,1.830983745334819e-05
0.0010478947063261058,0.9989521051210988,2.6845572303111665e-19,2.612067223618458e-30,1.7257512220742973e-10
4.4447505537924974e-10,8.620099730833943e-20,0.4762310915989004,0.5234318766157183,0.000337031340906221
0.6940642963958341,0.00017222556745162743,0.0004202338133909742,1.5288610662673854e-09,0.3053432426944621
2.2772121423342514e-13,3.1814032147777896e-24,0.07601898335465834,0.9239788218977513,2.1947473627820977e-06
0.971205945940406,0.008473468371095867,2.2833867948214722e-06,9.32172585860472e-13,0.020318302300770794
0.7175486642331,0.0004037829317150418,0.00036663228999348526,1.528234817510841e-09,0.2816809190169568
0.9081264351035677,0.0030481595578228443,5.20825456125857e-05,4.637943332646179e-11,0.08877332274661737
2.4846261185129907e-07,1.1371049700492042e-15,0.9122586768274864,0.07714687174453344,0.01059420296536714
0.0010281631407489849,0.998971836670679,2.5997850057113237e-19,2.0475259131648554e-30,1.88571925857551e-10
0.7085199783774014,0.0004834941997460108,0.0003671550435683051,1.3635483250668804e-09,0.29062937101573594
0.8450636885124954,0.15372167770485418,5.149041681337051e-09,1.0896001678032863e-16,0.0012146286336087494
0.015537170627225965,0.9844627704018383,7.492826891552518e-16,1.2083253297708422e-25,5.89709353103435e-08
0.0006688647034851495,2.78717196452017e-10,0.5894513564579075,0.0010473756370132593,0.4088324029228769
0.01734713343947797,0.9826527968346751,1.940160616155949e-15,3.4520359983590995e-25,6.97258449019693e-08
1.537917988260914e-13,1.9216126603436016e-24,0.06313549410896914,0.9368626153537338,1.8905371434396794e-06
0.8668647249576442,0.13208975472223514,4.446322954344831e-09,8.175240757173909e-17,0.001045515873797772
0.9596098583722256,0.0110863257679209,2.5717915371759412e-06,6.676338121134864e-13,0.029301244067648658
1.0173848119689246e-13,1.3592121213982244e-24,0.05214511086394705,0.9478535250705836,1.3640653676005737e-06
0.005677514792551983,9.173021077539378e-09,0.34421537330525204,9.900073741562274e-05,0.6500081019917593
0.8306963680428396,0.16823997655655695,4.7551369529495e-09,9.584883894284939e-17,0.0010636506454662598
0.6913065135852882,0.00043197513668546066,0.0003821869359061279,1.420533162995391e-09,0.30787932292158693
0.006492239805228522,9.759346650897572e-09,0.2677377371054859,0.00010283713132534812,0.7256671761986137
0.9717153582770663,0.008755430041601257,2.135443097543567e-06,6.618017873131245e-13,0.019527076237573292
0.9718193534611117,0.009433116076803073,2.0956612010567274e-06,7.026368479260945e-13,0.01874543480018172
1.6464524952216847e-22,7.533066108270022e-37,9.452883591845506e-05,0.9999054711613015,2.7800225464638125e-12
0.27465584017216643,0.7253271991888905,5.676532890172061e-12,9.923016678623269e-21,1.696063326647877e-05
0.13947903743066892,3.6581844597704362e-06,0.02624437804780657,1.4072459075686268e-06,0.8342715190911573
0.017450222956178204,0.982549714401486,1.2064994197528251e-15,1.1405432645967331e-25,6.26423344643143e-08
6.652590472965799e-12,3.9165019745698577e-22,0.18816671612583152,0.8118164026809117,1.688118660422962e-05
5.51618360200747e-05,4.639475829883479e-12,0.8577467437395209,0.006246571151248661,0.13595152326857096
3.7872839483285797e-06,8.267268585986636e-14,0.9422052087712816,0.02551190360512387,0.03227910033956361
0.24470307734534763,0.7552778564191308,5.7592484090536005e-12,1.1396487471916047e-20,1.9066229762412475e-05
0.6922304340052496,0.00047502025358094855,0.00045928559423472586,1.7021210411010245e-09,0.3068352584448137
0.13069372324693043,3.3146270640262588e-06,0.026510517460029706,1.4154727088743349e-06,0.842791029193267
1.0246256685516611e-20,3.60055818841233e-34,0.0003803522528805495,0.9996196477026756,4.44437261160681e-11
0.004672971056123833,7.568563496611421e-09,0.3258292904054152,0.0001724689016196067,0.6693252620682778
1.480701147727769e-38,2.7166162672659877e-58,1.1749357535287504e-09,0.9999999988250643,8.044646834802165e-23
9.99331818484737e-15,4.1015812454635864e-26,0.0275324287895549,0.9724672113834377,3.5982699736702353e-07
0.005702412266585665,7.87364985682448e-09,0.3092779260233867,0.00014896236724338323,0.6848706914691344
1.742916084272984e-07,7.901355372341702e-16,0.9016297930322946,0.0920455954380968,0.006324437237999284
0.9656302003125194,0.011363882934114554,1.777634503145307e-06,5.132653398986236e-13,0.023004139118349573
0.006285393805282418,1.2682992614471956e-08,0.23013586796118382,9.54277230599047e-05,0.7634832978274813
0.005376790477886648,7.648338662517934e-09,0.3559516156658872,0.0002703495908796954,0.6384012366170079
0.005807425146992007,7.520783115501613e-09,0.2964051636251469,0.00015732346913640226,0.6976300802379415
8.674602050168676e-06,0.9999913253979351,1.3157740355190612e-25,1.783451468047717e-38,1.4655315723870248e-14
1.4607491272427789e-13,1.6052845310250992e-24,0.06080825430418133,0.939190225192716,1.5205029565694952e-06
0.007020277989562701,1.1436875964709747e-08,0.2513803608530605,8.754620623830578e-05,0.7415118035142626
0.7248830857794882,0.0003071319600891696,0.00041363911482858104,1.4211068297137955e-09,0.2743961417244871
0.9680992393406088,0.008861481943533112,2.018379891579216e-06,6.110462696810219e-13,0.02303726033535556
0.930602039673447,0.06646172291974158,2.1546819450320235e-08,7.605081349136182e-16,0.0029362158599910296
6.560930751785863e-05,4.27898479168381e-12,0.8337381787935776,0.004644549105037822,0.16155166278958777
0.9695788110125548,0.011938948662232851,1.1929609270991764e-06,2.6627419175091654e-13,0.01848104736401886
0.1284545351445181,3.531792245438514e-06,0.018993194340511915,6.915601104263008e-07,0.852548047162614
0.0009645376006939815,3.298191109111683e-10,0.6411808303855554,0.0007804280944275152,0.3570742035895039
0.0064268827084844144,5.407161663445641e-09,0.23081222652019207,0.00010064507241306614,0.7626602402917488
3.7686364647757194e-07,1.1686962983862552e-15,0.9069537876766333,0.07799567782804626,0.015050157631672804
0.00708251862309818,0.9929174623236493,3.4132868362520463e-16,3.401091902101935e-26,1.9053252048637055e-08
0.8571866689033216,0.14195442940619482,5.096217939076754e-09,1.5766466712328259e-16,0.0008588965942652645
2.70588597976249e-07,1.1374980757523773e-15,0.9092722462599957,0.08320280622040606,0.007524676930999041
9.00581785031828e-16,1.704348762346091e-27,0.014202787295790612,0.9857971541586348,5.854557377870297e-08
0.00037173106762989207,8.01297173486991e-11,0.751496618454607,0.002103126520464361,0.2460285238771689
1.8008096278443307e-10,4.5629188931964375e-20,0.3856099726508905,0.6142534173612942,0.0001366098077343052
0.27359289630287864,0.7263907849377018,6.0425248575793295e-12,1.2641710750974933e-20,1.631875337715674e-05
5.545152062755832e-24,1.3691353028387715e-38,4.8235671667703825e-05,0.9999517643280094,3.230770910165233e-13
0.12102838102708113,3.017123371123048e-06,0.022622025742090487,8.983003945069668e-07,0.8563456778070626
0.026173182516190857,1.816616597173863e-07,0.07247161141232686,1.1804080345741639e-05,0.9013432203294768
3.135232990866788e-06,0.9999968647670072,1.2559503713548129e-26,1.0387439439841035e-39,2.0535245537671404e-15
3.2327719631371353e-06,6.22132017987507e-14,0.9474168561084844,0.020943732265029512,0.03163617885446084
0.006054228291193939,9.376478742965822e-09,0.3293534685716386,0.0001924797496836929,0.6643998140110049
8.104668759477586e-10,0.9999999991895332,6.783410986144556e-38,1.7029515273589856e-54,8.883202061661481e-23
2.6445998134944666e-06,5.6751848329512684e-14,0.9563570332612319,0.017575195624014318,0.02606512651488336
0.22742249249921379,0.7725620096885006,7.549223603746739e-12,1.4562539330101933e-20,1.549780473611603e-05
0.9725997039883717,0.009121161153720574,1.3419986596694425e-06,2.6410383828170133e-13,0.018277792858984024
0.005473729540679045,6.233218596566733e-09,0.2571601992983342,0.00011515063251541349,0.7372509142952527
0.247528328955332,0.7524587454212078,4.542383448652599e-12,6.186155576955264e-21,1.2925618917741999e-05
0.0009076637387986387,0.9990923360315118,2.4023686315402803e-19,4.2226828026852786e-30,2.29689513282482e-10
0.9735829998999972,0.007251647621058819,1.872992588653782e-06,5.966533345919615e-13,0.01916347948575854
1.381207710531294e-05,5.855342310710203e-13,0.9400409156118338,0.008338098433269036,0.05160717387720654
0.0012417451126028648,0.9987582545859744,2.465481685264257e-19,2.2978429908007187e-30,3.0142282211231584e-10
0.9716800818410788,0.007930204202135988,2.1553807377938232e-06,6.528112467850341e-13,0.020387558575394496
1.376459876421014e-07,5.736866273297815e-16,0.8753466765318754,0.11918288338768285,0.005470302434453635
1.4449868682332397e-13,2.094180271788196e-24,0.0657681356629182,0.9342298083239635,2.056012973907251e-06
9.356350265615217e-28,9.922797061651128e-44,2.6410364614294565e-06,0.9999973589635376,8.839996019606918e-16
0.054330625271991145,0.9456684183324991,6.727341788745557e-14,3.6144679926204216e-23,9.563954427206658e-07
0.8815316278966735,0.11711272767109947,5.687168955169753e-09,1.2732110889588214e-16,0.0013556387450578793
0.006456657621904059,8.083050016036471e-09,0.2688341047999274,0.00019812855593844206,0.72451110093918
5.429304586716736e-09,6.8616257244631195e-18,0.6780862977724627,0.32087955292210224,0.0010341438761304219
0.7202272461466693,0.0003007229300493612,0.00032899576432372237,1.0554947140036651e-09,0.2791430341034628
0.003672926878668749,0.9963270698606955,1.5674897623691002e-17,4.353185326810562e-28,3.2606357161947384e-09
0.017440265113643282,0.9825596654797837,1.2993007873128633e-15,1.7889179179075677e-25,6.940657178277946e-08
9.150172978464179e-23,1.0,1.940651228280994e-75,1.3287674981769405e-102,3.939016221044753e-48
0.1306200554223317,3.632610036389078e-06,0.016558501865137815,5.817206302786266e-07,0.8528172283818637
0.9057454928688842,0.0021283745907437826,2.8367659186933694e-05,3.4845337044925443e-11,0.09209776484633983
0.0009895816714526775,0.9990104180657582,3.3973530200980916e-19,4.017152738458622e-30,2.627889651725344e-10
0.9694534029857668,0.006780161804398514,1.8599136565984694e-06,4.418873087693459e-13,0.023764575295736116
2.040883929899406e-20,7.100076945584801e-34,0.0005311793331589131,0.9994688205921464,7.469471260600497e-11
0.10912430075403401,0.8908727392700171,4.28416722120041e-13,4.003329056437156e-22,2.9599755204729207e-06
5.5558374958376264e-05,0.9999444416243911,4.984306137786954e-23,5.905325113339594e-35,6.504591075036596e-13
0.7585622707311658,0.0004294224927235339,0.00039172888633122054,9.49725466801755e-10,0.2406165769400541
1.2798986505696067e-13,1.5365520443982294e-24,0.05965183369510606,0.9403467590761443,1.4072286217031835e-06
5.259519823402345e-05,3.924520302070175e-12,0.8742580489756093,0.007158502512089068,0.118530853310143
0.9745165655673752,0.006154666931776585,1.196283494493946e-06,2.7099067656721173e-13,0.019327571217082798
7.313648532596918e-05,5.735529609155515e-12,0.8674135780019371,0.005177922563427402,0.12733536294357395
0.005660319912603622,9.305858310901663e-09,0.25052352512571346,0.0001810767013869278,0.7436350689544377
0.7465089336490655,0.00039248685323166956,0.0005161474992296949,1.8352319603099015e-09,0.25258243016324117
2.004993065431942e-45,1.2697422668911995e-67,1.0963611265529982e-11,0.9999999999890363,3.619317410069354e-27
2.0834403349557668e-13,2.876249380672213e-24,0.07898911240314875,0.9210086889361585,2.1986604842934398e-06
0.13080464014922305,2.7256407472914216e-06,0.014052186073392274,4.855278598581924e-07,0.8551399626087776
1.154467432650062e-07,5.04349886557824e-16,0.8931601890375259,0.10224901738694567,0.004590678128784592
0.0045616904719448055,0.9954383058857462,1.6939363632020605e-17,7.205159429960511e-28,3.6423090672721728e-09
0.9658548468117198,0.02757177140877824,2.276365676293008e-07,1.7019649782178688e-14,0.006573154142917316
4.216724623682133e-10,0.9999999995783275,4.023612717393401e-38,9.355829493291304e-55,4.388986757547332e-23
5.5458421543162095e-05,4.900034019670304e-12,0.8822509132475822,0.006891077033735609,0.11080255129223923
2.2347519975125345e-13,1.9260357321509877e-24,0.05567591537737887,0.9443212264120414,2.8582103562034453e-06
2.0459254997623737e-38,3.445151644750999e-58,1.203512881776211e-09,0.9999999987964872,1.2215969029308349e-22
0.8452307694527955,0.1538204927139982,6.2980557008986465e-09,1.2334012202531863e-16,0.000948731535150466
1.3990610551841373e-20,2.9879041691986572e-34,0.0004599944957820208,0.9995400054464968,5.772125061731428e-11
0.7292922986895979,0.0003779002088828825,0.00044118197707789664,1.235741309200733e-09,0.2698886178887001
0.007182252267326331,1.0330811118050402e-08,0.3131546943391319,0.00020160789323215417,0.6794614351694985
0.13943585263211958,3.864051902480893e-06,0.021986287587919845,7.592033539337641e-07,0.8385732365247043
0.0008022460132591977,2.650546439646183e-10,0.5934560182410632,0.0009358430405446842,0.40480589244007836
0.004064434715591046,0.9959355617551783,1.423014226687861e-17,3.6927839370465033e-28,3.529230626077246e-09
1.56022604660585e-07,7.331823264890892e-16,0.9398411623382188,0.054424957819982744,0.0057337238191931105
0.12816050175017474,2.578789152821372e-06,0.015443277981191501,5.176630756953681e-07,0.8563931238164053
0.7255465753328524,0.00029979641860538827,0.00045453247849360634,2.1563284252381673e-09,0.2736990936137202
0.3811031925862415,3.218883842669072e-05,0.0028795111698300645,3.353760720721303e-08,0.6159850738678945
0.11913583123875586,2.37668566202209e-06,0.015694728213189547,5.841097317024659e-07,0.8651664797526609
4.250393207702177e-24,1.0,2.7207327884430486e-79,1.1405652312577619e-107,1.044478973670581e-50
0.24050311634744898,0.7594798638587568,4.547339732281047e-12,5.307274888597577e-21,1.7019789246814263e-05
0.005850665783798118,8.419792175007924e-09,0.31340888577417886,0.00023886749584341836,0.6805015725263874
3.6449462906096926e-06,7.207716708607882e-14,0.9481633213141974,0.023252530809984785,0.02858050292945504
4.7568531590240424e-17,3.096847174727464e-29,0.004396929754462423,0.995603058644911,1.1600626460769185e-08
0.7390370646822487,0.0003876115367711976,0.000396871101442964,1.06159828546901e-09,0.26017845161793896
2.1886606811296275e-07,1.213849217761464e-15,0.8962167555552228,0.09356198355760788,0.010221042021099839
0.020586537293445457,0.979413379559833,1.886925129336225e-15,4.615997696316027e-25,8.314671962742611e-08
0.000376082210756545,7.004753983275376e-11,0.6843015722822915,0.0020162715157666915,0.3133060739211378
5.573959256172451e-05,4.6787922404097974e-12,0.8777412989858502,0.004592511844583909,0.11761044957232528
0.1299231265234706,3.7228066862629517e-06,0.025927940336274522,9.572472452241252e-07,0.8441442530863233
4.1489152116747016e-05,3.5079381669904273e-12,0.8931426216847179,0.005742904408376317,0.10107298475128111
0.8092290441696441,0.18957870244240127,6.0785412671658295e-09,1.4034382140082284e-16,0.0011922473094130813
0.0059442237388383605,8.558027976595421e-09,0.2937650953114912,0.0001252696750158813,0.7001654027166265
6.425348368060898e-05,5.594897997978129e-12,0.857157553856678,0.004536047381694244,0.13824214527235223
0.005426171103020042,7.327519310013299e-09,0.2586069472715992,0.00017210042062884318,0.7357947738772326
0.1255567818821851,0.8744402240406914,3.6171377680893827e-13,2.7019634302662824e-22,2.994076761706189e-06
5.4098188229599404e-05,0.9999459018112038,5.886987480054348e-23,4.792087247756633e-35,5.665937315661965e-13
0.20401215911715306,2.9032522193011494e-05,0.0068699371930687585,9.039507136667714e-08,0.7890887807725137
0.025596662394095693,1.5949205688789067e-07,0.1255024614438082,2.7629504897972158e-05,0.8488730871651413
0.0009999100813781038,0.9990000897315491,2.174110762452506e-19,2.055708127726286e-30,1.8707285009091603e-10
0.0009991072677798724,0.9990008925441136,2.3708683498041194e-19,2.308432178580237e-30,1.8810652085819282e-10
0.12368121380070067,2.64064684538143e-06,0.019487354570500773,5.085508616150675e-07,0.8568282824310915
2.5399782911675962e-24,5.5223857107368024e-39,3.205228687878298e-05,0.999967947712911,2.1017190454609517e-13
0.6802634771898097,0.0003738045209709328,0.0005760509540026912,1.6791356486040038e-09,0.31878666565608094
0.8609335413582263,0.13769375452539168,8.56810372750302e-09,2.1577309893067842e-16,0.0013726955482779967
0.741813339577399,0.0003477421735535432,0.0004204744733446345,1.384749964321827e-09,0.2574184423909528
0.9645896883383138,0.012193525897753587,1.9034887978947867e-06,4.788053663867105e-13,0.023214882274655818
0.9083615830058955,0.0020156113268659827,3.4836796895470744e-05,2.7474363508877692e-11,0.08958796884286861
6.785044935610199e-05,6.8721113262447075e-12,0.8401848148905292,0.005622572630053519,0.1541247620231891
0.9715385859978484,0.008970408581795517,1.5117730123554085e-06,3.673971669790391e-13,0.019489493646976528
0.10682968544665322,2.9239388862536037e-06,0.022713336315309706,1.2692692379122168e-06,0.870452785029913
0.9702368231179394,0.010692454349738296,1.6344108018105608e-06,3.236169010381802e-13,0.019069088121197127
2.467187875315578e-11,0.9999999999753282,1.2177384396250116e-41,2.198744263615499e-59,1.8730936001393682e-25
0.1037392882129133,2.090917449786095e-06,0.01662153189095445,7.445850964682857e-07,0.8796363443935861
9.090219622473583e-28,1.0543407924894606e-43,2.4648068520728147e-06,0.999997535193147,8.608118037946824e-16
0.9572004520993602,0.039567074134527605,8.266115324287645e-08,4.95209306994091e-15,0.003232391104954044
0.9714554112495579,0.008532433563163206,2.41155925844476e-06,8.279323542735541e-13,0.020009743627192364
0.10275692932856902,3.131096937018711e-06,0.01930097449377903,1.0061069146092213e-06,0.8779379589738003
2.7502634912807753e-42,2.650196673826519e-63,6.583602864834557e-11,0.999999999934164,3.5790266348994664e-25
3.9468913754801305e-05,0.9999605310856521,4.1542481439117503e-23,2.0387837957709532e-35,5.930731220586206e-13
1.5045850337987563e-09,7.065715348137833e-19,0.6226227338146355,0.37697150188134443,0.0004057627994350735
0.00045270748710017953,1.651573935659707e-10,0.6952122626337927,0.0015260158833284628,0.30280901383062137
0.569777512692924,0.42999098600623215,1.9771217907584458e-10,1.4783183226391218e-18,0.00023150110313168782
4.688388322635187e-10,9.217267982923629e-20,0.48060931854148886,0.5191305287467263,0.0002601522429459387
0.9745363348720283,0.0074842600251216074,1.968933531773629e-06,4.4743122279925583e-13,0.017977436168870813
5.623915328181475e-12,3.941106480618973e-22,0.16048932537098187,0.8394923860510539,1.828857234025689e-05
1.5820988162837962e-31,9.703314895147754e-49,1.569765842705843e-07,0.9999998430234158,3.08799615051661e-18
0.03499503239575921,1.9308041110757794e-07,0.08112340933110211,1.1321289228533754e-05,0.8838700439034989
0.9705487225407611,0.006426660227456107,1.4866765731715692e-06,3.647043612929275e-13,0.023023130554844985
3.0784548975883476e-11,0.9999999999692155,8.615367908854466e-42,2.3498860686756664e-59,1.5952400426213068e-25
3.790595236552285e-10,1.0844766101838378e-19,0.4591214499483207,0.5405384768168512,0.0003400728557685365
5.9205590496681174e-05,4.412382721758614e-12,0.8724430249404348,0.005415278485083717,0.12208249097957236
1.0861229736843191e-07,4.1357623966844585e-16,0.8626865067117532,0.1326829758142858,0.004630408861663255
0.12304665905193535,2.9484112183350115e-06,0.01750524969884129,7.041307967998997e-07,0.8594444387072083
4.2369175707164445e-10,9.458518904690441e-20,0.5038968865862234,0.4958247161663992,0.00027839682368559486
0.8195235417353892,0.17940870130283967,5.045165883171138e-09,1.0706655790812508e-16,0.0010677519166049669
0.7711799500637211,0.0003482948998714762,0.000346551592615615,1.4267126583835838e-09,0.22812520201707914
0.004586213454818647,6.5838754311299146e-09,0.3580907319963828,0.00017698805794890283,0.6371460599069743
7.404055053912967e-17,6.322235475743217e-29,0.0069348061451583835,0.9930651749283299,1.892651150981318e-08
2.5793430478158854e-06,0.9999974206569505,7.36718696762323e-27,3.641753908808015e-40,1.5254580695804075e-15
0.9748181492380478,0.008648937159141334,1.2778552856093565e-06,3.6755105699860046e-13,0.01653163574715779
0.0010648135074921078,0.9989351863213949,2.3028785543755344e-19,2.8417270112611944e-30,1.7111305579425299e-10
0.8612357854226576,0.13749010334820633,7.661219959785128e-09,2.432805525021037e-16,0.0012741035679159447
3.3726946014337995e-17,2.2503370484839882e-29,0.003836175877737935,0.9961638163023673,7.81989485402323e-09
0.0007560194197250236,2.7150849509334014e-10,0.6933084812925561,0.00162255642093844,0.304312942595272
0.9720828676722607,0.009362687200874126,2.096840412508643e-06,4.873155471001164e-13,0.018552348285964977
0.00033593334725394783,0.9996640666173514,1.132670674853276e-20,7.406574367132582e-32,3.5394638926350225e-11
0.6671900803813203,0.0003696531605524814,0.0005504994801557467,1.813038156215399e-09,0.3318897651649334
0.0009596363566935614,0.9990403634663904,2.358268516414723e-19,3.258606598077204e-30,1.7691590089301497e-10
0.004359282902397576,6.311084956515123e-09,0.42308826875598443,0.00046710194341168426,0.5720853400871214
2.998760868002471e-13,4.0184770933789245e-24,0.09391325294098005,0.9060836893655485,3.0576931714478245e-06
0.3995485301878455,4.344216627966529e-05,0.004125355039567731,7.480015597465245e-08,0.5962825978061511
9.30002129303974e-18,1.0,6.940716473627569e-61,2.0680521825635504e-83,6.988315119228906e-38
2.037039364096948e-07,7.796853934439188e-16,0.8907101617382945,0.10256201795416553,0.006727616603602531
2.0153992599158665e-13,2.0407056898547257e-24,0.06763603461692975,0.9323610542430681,2.911139800533344e-06
1.7618772083943809e-07,0.9999998238122791,1.5283797390236715e-30,9.396225220810015e-45,5.784648138345186e-18
0.968438285020911,0.009229965094851087,1.8778927090803523e-06,5.097007477537661e-13,0.02232987199101924
0.034229255988072804,1.9061520133096945e-07,0.10145003720876887,1.5145068846741167e-05,0.8643053711191102
0.8546610126055463,0.14459294272817508,3.503549621666325e-09,5.788779169367236e-17,0.00074604116272883
2.012362787733015e-13,2.7949856385195746e-24,0.08290316866770966,0.9170943379376945,2.4933943946305016e-06
0.015832105497524326,0.9841678343759261,1.6539616853986554e-15,1.3108794346170627e-25,6.012654776631906e-08
4.551287427952225e-05,3.767153270089296e-12,0.8932204119806658,0.005761011413770501,0.1009730637275169
1.5991829268460683e-13,2.0053400217308832e-24,0.06915775757342225,0.9308404493494139,1.7930770038492282e-06
5.033749373628441e-05,0.999949662505404,4.375945634560525e-23,3.73121156184576e-35,8.596653859383184e-13
3.8857464115348205e-24,7.995732332878915e-39,3.147741486765802e-05,0.9999685225848717,2.605915832162183e-13
2.8271983558158256e-06,0.9999971728016422,8.381840449437516e-27,3.6729801608204284e-40,2.0922062896792882e-15
0.10289910140252759,3.651494681930487e-06,0.020440923621526625,1.2881179743066452e-06,0.8766550353632895
0.12489674260463424,3.685461668321736e-06,0.01908836848153866,5.063812377757053e-07,0.8560106970709209
0.01854076907971175,6.152824782513765e-08,0.09999043547494185,1.5010004928574872e-05,0.88145372391217
0.1376971297845166,2.849940583202377e-06,0.013828484675522343,4.1693204322957326e-07,0.8484711186673347
4.699952417188298e-05,0.9999530004753407,4.4652154227750784e-23,2.9761899955901575e-35,4.873256736178263e-13
1.4789407962830126e-07,6.261006974391086e-16,0.8898131121400303,0.10306629827036556,0.007120441695523864
0.005922307351181015,9.523253016480998e-09,0.3280818751602388,0.00013839739924650053,0.6658574105660806
0.09300678476047407,2.5914886148056622e-06,0.017264106525359278,9.968992806251762e-07,0.8897255203262712
0.024859007951957123,1.597223569844228e-07,0.08202400773983533,1.468063428088202e-05,0.8931021439515696
0.9223826597219791,0.00166971727551379,3.97364777988859e-05,5.6391283555664486e-11,0.07590788646831714
0.13362970986445707,2.451579877896738e-06,0.013992882176734335,5.106083141034185e-07,0.8523744457706166
5.673050726689497e-05,4.6811237124617856e-12,0.8411813082679539,0.005911260532717396,0.15285070068738066
8.704291008113186e-09,0.999999991295709,2.9273972346562372e-34,9.740996923765196e-50,1.9826726632385364e-20
0.687920932442119,0.00044695567182261926,0.00045829489385700327,1.9141443006704033e-09,0.3111738150780569
4.618796882150848e-05,0.9999538120306249,3.7270202118826843e-23,2.136523748967135e-35,5.534208201889394e-13
0.9152903178987594,0.0018867161952144885,3.003992573671602e-05,2.171911094933789e-11,0.08279292595857023
0.8805497278132982,0.0010777161319104056,6.408940600025874e-05,1.4448673456385896e-10,0.11830846650430449
0.7304265489397429,0.00032712107638042975,0.000443132628175356,1.994945802984392e-09,0.2688031953607555
2.415539274371566e-06,0.999997584460723,7.343906354046479e-27,4.813442305715114e-40,2.6108758859391045e-15
0.4493716821685001,0.5505426473799295,7.753245730768774e-11,2.053612222774489e-19,8.567037403790297e-05
1.1947797668627367e-20,5.212437180337242e-34,0.00048597006985785275,0.9995140298792353,5.090669819949791e-11
8.51789135153811e-28,1.1426682562216063e-43,2.8999375270139056e-06,0.9999971000624719,1.081349023351617e-15
0.12119914423782574,3.679250751664383e-06,0.015038897505905096,7.941954122425874e-07,0.8637574848101054
0.9702582292216828,0.007742537228581691,2.4100572812656807e-06,9.608243291366042e-13,0.021996823491493175
0.14027745145379727,3.985626600012982e-06,0.025169629973626793,1.053017534542857e-06,0.8345478799284413
1.1126320522556283e-20,4.605440120315702e-34,0.0003274398516173473,0.9996725600969475,5.1435025127163894e-11
0.30710292356468205,0.6928777202683536,3.5983495780302514e-12,3.849281483575468e-21,1.9356163365972394e-05
2.9877189088319906e-15,8.879923711215598e-27,0.020810910897592436,0.9791889696950911,1.1940731348139043e-07
2.6036854401904213e-11,0.999999999973963,1.25774762096856e-41,1.064776096861098e-58,1.7449765086604035e-25
1.6045737985845753e-07,0.9999998395426202,1.4870940432367856e-30,5.773889181508163e-45,5.262211355718588e-18
0.9695741858766654,0.007578103753595033,1.847221395195101e-06,5.874092756686201e-13,0.02284586314775724
0.019418161299900264,0.9805817783720696,1.505963240967063e-15,2.0124278969664252e-25,6.032802850017901e-08
1.1749552687018276e-27,1.1488793722106874e-43,3.0968930184913454e-06,0.9999969031069804,1.1652957084084867e-15
2.410254892712824e-13,2.5021154855443772e-24,0.06489173144346022,0.9351051694160571,3.0991402417137187e-06
3.569358545764611e-24,6.708322089483414e-39,2.9392329175619985e-05,0.9999706076706235,2.008208339213481e-13
7.294807026726593e-07,7.987017845519606e-15,0.9258036031216994,0.06273806924132856,0.011457598156261371
1.7620223371797234e-10,3.5198755477982104e-20,0.33565696314585103,0.6642169983991056,0.00012603827884101425
4.8232423689896144e-05,4.2399222689689454e-12,0.8468711122217388,0.00753773476625025,0.14554292058408105
5.504162616754253e-21,1.8706179401787386e-34,0.0002497646049853577,0.9997502353732498,2.176486217415263e-11
2.7383631679821637e-13,3.817818957927246e-24,0.0984204314364312,0.9015764979635479,3.0705997469998695e-06
0.9570646220162496,0.03948538531280102,7.990586395144271e-08,4.91777730347788e-15,0.0034499127650806163
5.114801657189758e-05,0.9999488519827753,3.900332220047122e-23,2.0071034218533227e-35,6.527431643006912e-13
4.266959459128352e-06,7.604165446509964e-14,0.9397548409208932,0.02259885004007927,0.037642042079492316
0.7445272296316284,0.0003775426446460251,0.0003625028931816553,1.0964082189248572e-09,0.25473272373413564
5.7818204682401495e-05,4.161127739178532e-12,0.8748512651887304,0.006649458343079198,0.11844145825934697
1.3249160335659521e-11,7.366622856528461e-22,0.23187911573876546,0.7680826309748624,3.825327312292175e-05
0.9705476056327171,0.008823217805429981,2.402591658400998e-06,7.080990950360313e-13,0.02062677396948639
3.435633530995929e-17,2.2679794199912722e-29,0.005028769222772512,0.9949712227060182,8.071209167220542e-09
0.004236752656823246,7.381652802578165e-09,0.3600803872926674,0.00016964550634576052,0.6355132071625109
3.816835911833135e-06,0.9999961831640853,7.715064975215299e-27,4.575063939342543e-40,2.866445364161244e-15
1.0483696389012736e-05,2.9197615975164515e-13,0.9281660827273033,0.020367103483314487,0.05145633009270124
0.7558887889708605,0.0003289701079716435,0.00037743168937105743,2.0041795859827076e-09,0.24340480722761698
0.00619990843109538,9.231266136232134e-09,0.25148105524851727,0.00010777963975688573,0.7422112474493644
0.0007650900543630534,2.2220089917847546e-10,0.609828349511175,0.0013111911294682195,0.3880953690827928
2.0160857096253403e-07,7.072574822140537e-16,0.8687207614991513,0.1248164314879865,0.006462605404290616
1.0894333963353155e-27,1.2797211494307568e-43,3.117807778799879e-06,0.9999968821922202,1.187051223148268e-15
4.4539981497914113e-10,0.9999999995546003,5.165864178245509e-38,1.0857140816903694e-54,5.488698242460237e-23
2.356840726698395e-07,9.338782626618082e-16,0.925836361860817,0.06573350002874136,0.008429902426368143
0.9534386911324273,0.04263878208978586,1.023271913847304e-07,5.102952502719855e-15,0.00392242445059035
2.514096408647655e-07,1.2037484812423194e-15,0.9356504322207083,0.05503988730481967,0.009309429064830246
9.19259504633541e-21,3.2548674922934635e-34,0.000315170787331281,0.999684829179379,3.328971851252292e-11
0.867610512007579,0.13147932462924194,5.762716754440525e-09,1.3369244656955425e-16,0.0009101576004619025
4.17863264176419e-10,7.520400362141215e-20,0.4547860359946875,0.5449329460464897,0.0002810175409595683
2.407168527748227e-10,5.349374492305902e-20,0.3724441355934926,0.6274107920305975,0.0001450721351930019
0.7241546969693397,0.0002681454266930459,0.0002480474996061368,6.563453209344873e-10,0.2753291094480159
5.753322180890884e-14,0.9999999999999425,2.42307070646745e-49,7.205925692860201e-69,1.6517635599430275e-30
0.03434022685070802,1.8508514676207908e-07,0.0623719425799401,5.915302106320137e-06,0.9032817301820988
0.0009633937749975977,0.9990366060360044,3.182382732566293e-19,3.108505769678186e-30,1.8899799674751767e-10
0.017049072766606683,0.9829508780959305,9.534629508912611e-16,8.664377105648614e-26,4.913746190305908e-08
5.175041541196369e-05,4.861446468502483e-12,0.84760527295687,0.005167330451478614,0.1471756461713779
0.017098020805939352,0.9829019110820099,2.128277314435043e-15,3.3667846523333767e-25,6.811204846217691e-08
8.451639032020192e-05,6.9451440515132655e-12,0.849107971049524,0.0032934406064133305,0.14751407194679758
5.880268053564355e-10,1.0311323988112821e-19,0.5036368080504642,0.4959473026663846,0.0004158886951244099
9.922212062223188e-14,1.2433143087690984e-24,0.05498524581057399,0.9450134790155756,1.2751737510508527e-06
1.7309229635099744e-20,7.733301913771011e-34,0.0006086250666178902,0.9993913748773986,5.598344762645658e-11
0.9712363745956585,0.024996642288600494,8.055430014255276e-08,8.937050344030578e-15,0.0037669025614318536
1.6932658276583426e-05,0.9999830673416961,6.351232405618738e-25,1.1015635249188362e-37,2.7324951330681463e-14
7.716639841617076e-06,1.3882400334207606e-13,0.9324455216126042,0.011981626053970037,0.055565135693445254
3.410899123136514e-06,0.9999965891008744,7.663201452539303e-27,3.708983195723049e-40,2.456024205985707e-15
0.1613773526681569,0.8386169352072048,8.698023891521231e-13,1.11283137666322e-21,5.712123768494524e-06
4.6478040099945196e-24,1.0646742545312504e-38,4.6145273664420524e-05,0.99995385472602,3.1545395109616617e-13
0.8620562320867483,0.13700224990535667,5.668879646157242e-09,1.3518514190234685e-16,0.0009415123390151114
8.13466807101584e-14,1.0974306783902404e-24,0.05001742385357817,0.949981415375325,1.1607710154329056e-06
2.7388070283991318e-24,5.71221359425282e-39,2.646644630265192e-05,0.9999735335535159,1.8139269796706616e-13
0.06885634005834976,0.9311425357039443,7.026483697760317e-14,4.6334383009364236e-23,1.1242376356001127e-06
2.0796067582679543e-07,8.79591181151137e-16,0.9012227248399951,0.09126934030197537,0.007507726897352734
5.43499612337711e-05,4.797699680785922e-12,0.8541878297520555,0.008565441694707005,0.1371923785872059
0.7180859970621412,0.00038387783610084304,0.00043765365577542195,1.3749529097766321e-09,0.28109247007102967
5.4601643296136726e-17,4.004247636032354e-29,0.005656885157085706,0.9943431057206815,9.122232759873456e-09
0.017520707510566873,6.523496313443338e-08,0.16523284852452605,5.051981636836018e-05,0.8171958589135756
0.7272526292915884,0.2725830611836553,1.2685487285258465e-10,8.503832312163031e-19,0.00016430939790141447
0.10683380475989959,1.3976183463691762e-06,0.015381276300952311,6.356434900262668e-07,0.8777828856773117
0.7210012082105984,0.00028830906584642623,0.0003093032392758597,8.780194234845944e-10,0.2784011786062599
0.14209638404861238,3.6865316504498147e-06,0.027394554777306103,1.0619184745636912e-06,0.8305043127239564
8.129871321096485e-09,8.635955417862693e-18,0.8100573860257135,0.18850318908751093,0.0014394167569041706
0.650344225829282,0.00034161543298288785,0.00035682534463618224,1.429619812285102e-09,0.34895733196347917
5.09367994746134e-05,3.798568553139563e-12,0.8791773817863499,0.009955247273951135,0.11081643413642575
0.0008369822624441381,0.9991630175133402,2.0771321199357784e-19,1.716074207851861e-30,2.242154524026519e-10
7.497307603640177e-14,7.841347339798456e-25,0.03709432308308411,0.9629046438146373,1.0331022036455271e-06
0.06096827415865869,2.5649772771284645e-06,0.009268735244281973,2.6401529141036097e-06,0.929757785466868
0.9177807325495043,0.0012488621476755112,2.1056403419206298e-05,1.2977244241872224e-11,0.0809493488864237
3.233535601213638e-10,7.025136888155608e-20,0.4107135200000471,0.5890478538735588,0.00023862580304037613
0.09580193475735103,0.90419473571931,2.4340455172262347e-13,1.6562147177278569e-22,3.329523095588515e-06
8.685212633160133e-09,9.331282616680523e-18,0.7634291933464503,0.2349826183756397,0.0015881795926971371
0.248402860976855,0.7515842743394886,5.1402586077052885e-12,6.420531083268069e-21,1.2864678516232846e-05
1.764640839842311e-05,0.9999823535915146,1.849344781768218e-24,6.0683928030716e-37,8.709533245892181e-14
2.41355053067477e-05,0.999975864494068,1.2423544080700643e-23,3.8406318688649427e-35,6.253649132049656e-13
4.6345834050024606e-05,0.9999536541652958,5.419643261425253e-23,3.987312370968263e-35,6.540716128170826e-13
1.9865072095208247e-31,1.1165386132277963e-48,1.5614474462247363e-07,0.9999998438552553,4.633516098117365e-18
9.127141350968333e-09,0.9999999908728586,2.6114693307320563e-34,2.588240222753033e-49,3.3632784573948825e-20
0.9172698004778489,0.002157116580285535,2.9727179866941327e-05,1.7506176306232582e-11,0.08054335574449238
2.9566639422932644e-07,1.2671524201511852e-15,0.9224225089955546,0.06747805056446796,0.010099144773582007
1.9613893061875375e-07,1.0368931709416538e-15,0.8866338377733001,0.10276239845525674,0.010603567632511492
0.8670021796100292,0.13222540378286707,4.686221069322013e-09,1.0316152466294714e-16,0.0007724119208823077
0.006687785888324901,8.841333607479921e-09,0.3239211997200429,0.0001709740276810153,0.6692200315226177
6.908879817608981e-05,5.8796384105421e-12,0.8286839651514202,0.007695261827253828,0.16355168421727026
1.1142527388905681e-13,1.0255745838600998e-24,0.03390790143360171,0.9660906111362964,1.4874299905986447e-06
0.09705807817938183,2.8669352694100922e-06,0.026940291059665816,1.287070475960716e-06,0.875997476755207
0.1301835923363144,5.715517160729885e-06,0.023308529809090806,5.194933716692796e-07,0.8465016428440624
2.2555774657335e-07,1.0316959354357694e-15,0.922033273118556,0.06998281776551508,0.007983683558181262
0.8580079516095124,0.14095550860363715,6.60904918847209e-09,1.4092189808032864e-16,0.0010365331778010862
0.12888722169238842,3.5447581007351924e-06,0.02168736360658342,6.956391946666093e-07,0.8494211743037328
0.9809963876427895,0.01264139169709898,2.1890099132368734e-07,3.741275992290918e-14,0.006362001759082895
1.690597717510421e-13,2.988210562540947e-24,0.06830088802017176,0.9316969521247016,2.1598549575702554e-06
0.12116903874080552,3.3363676898383546e-06,0.020341874410524326,7.966455018306588e-07,0.8584849538354784
0.9131394776720946,0.002042000272703243,2.7779943993373216e-05,2.130270168794697e-11,0.084790742089906
0.11790366807724034,3.648238118564787e-06,0.018128461043017186,7.260158311249063e-07,0.8639634966257927
2.5010344056713888e-11,0.9999999999749896,6.953585947523286e-42,1.4590866542226974e-59,1.9219644926456124e-25
0.7058381221775465,0.0003925249947364762,0.00037293863830915847,1.2219877946451094e-09,0.29339641296742025
2.07943938743429e-09,9.167353366379842e-19,0.6477105404450161,0.3516797507022964,0.0006097067732481353
7.518205226859922e-05,6.609556675317254e-12,0.8229423231105614,0.0064574696292119095,0.17052502520134868
0.2409882521273869,0.7589928842465776,6.615586278575793e-12,1.3023743981877612e-20,1.8863619419948922e-05
1.1844174492767453e-08,0.9999999881558256,3.4465436090277057e-34,1.4326806354579393e-49,2.82972044054389e-20
0.008129125885818206,9.89191379467469e-09,0.3158342748656759,0.00018640847998635144,0.6758501808766059
2.2908348982628505e-07,8.779490575371288e-16,0.8919464667406972,0.10122302627906278,0.006830277896749315
9.290249147147936e-12,5.127291337759122e-22,0.21392303741048277,0.7860558249301303,2.1137650096647326e-05
0.10299173017699616,2.441585092838541e-06,0.022078060419531417,1.2779218710129218e-06,0.8749264898965086
0.8597429913036377,0.13917826460227634,4.382130257898084e-09,1.440261946533995e-16,0.0010787397119553697
0.017533027705075636,0.9824669029148104,1.664659024721008e-15,2.414062872631824e-25,6.938011233748728e-08
0.3031766933136237,1.936571445613562e-05,0.00562313378627248,8.984638160076409e-08,0.6911807173392661
3.0447450994060955e-15,9.545800477526697e-27,0.01784628008541125,0.9821535869847408,1.3292984495955932e-07
0.11364187484949899,3.125025890974551e-06,0.020007883157920167,7.989986363297151e-07,0.8663463179680534
0.7031518763458228,0.0004386932381422821,0.00035408206098744684,1.7156328734341466e-09,0.2960553466394148
0.8976556415780181,0.10126775119359437,3.448309056599746e-09,1.1593401156921455e-16,0.001076603780078156
0.26140817307015773,0.7385744730450434,4.8801036951983065e-12,7.150854000556008e-21,1.735387991869101e-05
0.8238080254399768,0.0006805831807856451,0.00022096568340428813,4.12154420846972e-10,0.17529042528367864
4.679673802447591e-05,3.945330089183942e-12,0.8816621208591681,0.005509138325982607,0.1127819440728794
0.010999380159579993,3.4392915673945694e-08,0.18099300911557442,5.8922016603483477e-05,0.8079486543153265
1.717013684084472e-22,1.6001788572984718e-36,0.00011255067063018125,0.999887449327208,2.1617363983635136e-12
5.020481419131162e-10,9.005576976144366e-20,0.4898518441278323,0.5097946064984321,0.0003535488716874323
5.335548094754156e-19,1.0,3.1161443823481835e-64,2.674860721315764e-88,1.8433987598740897e-40
1.2350817627279827e-13,1.7461564925659263e-24,0.04346315443754386,0.956535109536828,1.7360255047284777e-06
1.7969945651885937e-13,2.1533815955738812e-24,0.069000518819417,0.9309975166776403,1.964502762812288e-06
0.9676808761918817,0.00973358170669142,1.9093278911346026e-06,3.524206536583021e-13,0.022583632773183357
0.6883699226614006,0.00023488712037490194,0.00040178020586031964,1.3834885488558052e-09,0.31099340862887553
0.001644710291322381,7.563682046194346e-10,0.4455735614849901,0.00045355384433759066,0.5523281736229817
1.0964368587089762e-20,5.659729247682882e-34,0.00037957049407509266,0.9996204294606484,4.527630000338538e-11
0.7482285559724874,0.25095008922534895,2.4746469401273266e-09,4.92104144951462e-17,0.0008213523275167439
0.0008762677741859599,0.9991237320066612,1.9382262710043953e-19,2.021566635556134e-30,2.1915279295875126e-10
0.15760294993291563,4.220066541981574e-06,0.021921123029687347,8.225154132944365e-07,0.8204708844554417
1.9965323107059907e-07,9.713425174372659e-16,0.9241293246929728,0.06883770130180562,0.007032774351989533
1.3474313618351379e-12,0.9999999999986526,1.5750274988784765e-45,5.605097529931884e-64,4.4181821224618805e-28
1.6007367044211398e-07,6.664624732989576e-16,0.9171682845307862,0.07592395986601416,0.006907595529528419
3.452837199409506e-24,7.940647033918261e-39,2.8777542643152315e-05,0.999971222457111,2.4589061994274606e-13
0.4171922602833079,0.5827523749698624,3.5908315492218404e-11,1.173021937231491e-19,5.536471092138076e-05
1.1814990549379733e-20,4.8266413497366735e-34,0.00042096402492908556,0.9995790359115391,6.353185915211799e-11
0.7062924849153315,0.0004093047515516075,0.0003216591153403897,1.2488002861307075e-09,0.2929765499689763
0.9659082002862728,0.010529774030140738,2.0561449344363014e-06,6.473957859477372e-13,0.023559969538004624
0.029087514270988584,1.8613626548129175e-07,0.11971133657713678,2.3640752345618365e-05,0.8511773222632635
7.347954821230405e-05,0.9999265204508407,5.394169731214993e-23,4.0902274922047146e-35,9.470334132272408e-13
2.8731651767760882e-24,5.499455474119979e-39,2.760019686069318e-05,0.9999723998029543,1.8486796498965593e-13
1.9281959009055182e-07,8.269672381885536e-16,0.8969475839100409,0.09485532827304402,0.008196894997324183
0.9748454162162163,0.007545926686899056,1.7322469299535187e-06,7.487262057445616e-13,0.01760692484920598
0.006808733182357867,1.0436406102335657e-08,0.32250395219393535,0.0002064877373435672,0.6704808164499572
0.9708484165918592,0.009320851870316274,1.6004073300480088e-06,2.6958526084065086e-13,0.019829131130224876
2.606718209270622e-13,2.3156800461865306e-24,0.0665464575987144,0.9334501328009854,3.4096000395292158e-06
1.6134294864195805e-07,0.9999998386570512,2.3389307276922072e-30,2.3112422765050775e-44,6.570940246562874e-18
6.524536813450907e-10,0.9999999993475464,6.471492243404482e-38,1.6801239270265458e-54,7.852727461858242e-23
0.9702751514671264,0.02348820240071348,9.110004158723536e-08,5.70917433654699e-15,0.0062365550321130375
0.0009268990379024648,0.9990731007906429,1.5488150955128139e-19,1.2777656230354013e-30,1.7145462239179607e-10
0.9723235886048978,0.007812030276177425,1.752107975264094e-06,6.894882216523908e-13,0.019862629010260025
3.9900940002724786e-10,9.415446208943595e-20,0.4574981373883697,0.5422351595695053,0.00026670264311563085
0.5608523726827268,0.4390245090069412,1.573511149973487e-10,5.322556686732562e-19,0.00012311815298094415
0.968916666561831,0.009287825406784044,1.5913663140769306e-06,6.425261628580984e-13,0.021793916664428276
5.62287841440629e-17,4.5571283760419624e-29,0.004580732794255207,0.9954192553363871,1.1869357550521492e-08
0.9699196258304075,0.0068127175123202585,1.2296584925042487e-06,2.770925320895216e-13,0.023266426998502576
4.871762844792424e-17,2.6603791123783265e-29,0.004713511818644894,0.9952864757143088,1.2467046224937968e-08
0.1295306935100128,3.5084910532928028e-06,0.02344784895018328,9.05144600980992e-07,0.8470170439041497
0.02016893680325743,0.9798309822450622,2.3879911533502845e-15,5.002602848710788e-25,8.095167801990286e-08
0.09964464570063056,2.5821498301352457e-06,0.02528895539803947,1.2982525972163922e-06,0.8750625184989026
1.2490863972893382e-22,1.3557415424808844e-36,8.319977975678316e-05,0.9999168002178513,2.3918273435217234e-12
2.290816894358026e-09,0.9999999977091831,3.351811789696414e-36,2.5256015953555638e-52,1.226655156130942e-21
1.5560194486621677e-13,2.23689051007618e-24,0.05983192840403624,0.9401659617634155,2.1098323925959e-06
1.4233812477462315e-13,1.675224463667285e-24,0.05921480265641303,0.9407836354406471,1.561902797485872e-06
0.04030530047339125,4.3196006952068e-07,0.046918524640962016,5.494960099528085e-06,0.9127702479654777
5.231054915750842e-05,4.898194731291605e-12,0.8779537582409686,0.0071643022713881975,0.1148296289335876
0.4274663586214108,4.688941536645375e-05,0.004172587929403455,6.096456849889596e-08,0.5683141030692507
0.24318787986315243,0.7567917961506156,4.40478347692281e-12,8.173551074506727e-21,2.0323981827175912e-05
0.4645996110712306,9.791332208146913e-05,0.0019066740307066214,1.2117013185503615e-08,0.533395789458968
7.066416697705409e-05,6.474675898770344e-12,0.873406556485166,0.0029314774409102567,0.12359130190047188
8.41967511093065e-09,8.501424469646911e-18,0.7598946400963221,0.23894183884534825,0.0011635126386543553
4.5630567679586046e-05,2.5000482586996413e-12,0.8846316308708723,0.004794030473721741,0.11052870808522634
0.381883979860068,3.735087208394031e-05,0.0032741619494435154,4.533235592131582e-08,0.6148044619860487
0.9552275695856378,0.03816336811191197,1.2911438405490758e-07,1.1771592633492731e-14,0.006608933188054566
8.901832272995533e-21,2.825805149341651e-34,0.00028831542103999544,0.9997116845481485,3.081147863564819e-11
3.433750300016298e-49,9.697078744656467e-73,6.221168178601783e-13,0.9999999999993778,1.2088738723411456e-29
1.2479313350882344e-13,1.710809209635125e-24,0.061868911757743325,0.938129667481615,1.4207605168969828e-06
6.340708929001591e-19,9.047617158599008e-32,0.001453279754028156,0.9985467197779982,4.67973508590917e-10
5.226226635218567e-10,9.064530537376968e-20,0.5042410212510631,0.4953842673289417,0.0003747108973726963
1.4538325690424786e-13,1.7281613936576057e-24,0.059078019596398176,0.9409200735780022,1.906825454036948e-06
0.9070359903432965,0.002328024249155207,1.8981604061487472e-05,1.4897162553360896e-11,0.09061700378858971
4.943435089337781e-17,3.335123983924422e-29,0.00594197263311222,0.9940580186405457,8.726342263932981e-09
7.239864217337832e-05,6.433872630833412e-12,0.8234411632109441,0.00796203220271294,0.16852440593773566
1.475376642834785e-13,1.8709640023650378e-24,0.06423804636985203,0.9357604260794878,1.5275505126233388e-06
1.517793033802299e-13,2.2197399783851368e-24,0.07335817221099032,0.9266397179405534,2.1098483045199397e-06
0.7153325442382488,0.00035581056298770097,0.00035098052868528563,1.0978365545787333e-09,0.2839606635722416
1.2228264310350109e-07,0.999999877717357,9.166165336268782e-31,3.546995090827914e-45,4.221474820943008e-18
0.8577564903762476,0.14133729775640314,4.12512863072791e-09,5.891333935467301e-17,0.0009062077422206912
0.9741776676707837,0.008609507608064497,1.7000843257915703e-06,6.233998946129056e-13,0.017211124636202623
5.0678452350001984e-05,4.4973236419030216e-12,0.8878984270387636,0.005050803188789411,0.10700009131559957
1.5157364102319352e-31,1.0,1.479010358043895e-101,1.893036842952639e-136,8.700395473122607e-66
5.428500790429817e-05,0.9999457149916832,3.178392581602868e-23,1.6382015420801425e-35,4.1264274657270665e-13
2.7273628217224655e-10,7.02387756341244e-20,0.4052028218456344,0.5945179501602053,0.0002792277214239675
4.8103232123820934e-17,3.682551878056358e-29,0.006747441249587858,0.9932525471076754,1.1642736787090486e-08
0.00061449907627515,2.330142642523334e-10,0.6575660909008345,0.0016362531504407387,0.3401831566394354
0.6423272473117824,0.00037898893120475206,0.0004190773270293098,1.5163826324705064e-09,0.356874684913601
0.028116478501040255,1.3561801809449505e-07,0.07403967113381431,1.30164707327872e-05,0.8978306982763945
0.8913528539771516,0.10764384334693979,3.766115117261232e-09,6.463865183326674e-17,0.001003298909793652
4.5879723216733536e-05,3.78654628819003e-12,0.8905721749034682,0.008572562735113289,0.10080938263441533
5.0847543110792867e-05,3.348023730780189e-12,0.8865271678066894,0.01066637711448482,0.10275560753236677
0.731196118430428,0.00028829039200853075,0.0003684082732396875,2.553648591864759e-09,0.2681471803506752
2.4102095416095475e-10,5.523211720440893e-20,0.38377056896363215,0.6160672280338096,0.0001622027615371529
0.005963243226592581,6.522919582375833e-09,0.2393313719560049,0.00011101302100313943,0.7545943652734799
1.726075651801711e-07,7.4503314655045545e-16,0.920953290688623,0.07169280068349734,0.00735373602031378
0.23644910053566365,1.4027926694285794e-05,0.00978347484463399,2.3606477997915157e-07,0.7537531606282282
1.544891564326023e-07,7.756780083654694e-16,0.9292247819767814,0.06391852025653641,0.006856543277525076
0.8690661916870284,0.12954237992348208,4.972442207672453e-09,6.660534845967252e-17,0.0013914234170473315
0.7310089254023657,0.000312530462000484,0.0004881934699692996,2.3614464451177034e-09,0.2681903483042181
5.56577392693863e-05,4.831513702598955e-12,0.8717395814975587,0.004170656314863804,0.12403410444347643
1.8677336835392467e-13,1.9216342523868996e-24,0.06322076915683185,0.9367764218378699,2.809005111383499e-06
5.302925926792697e-05,3.913581940268915e-12,0.8675133838768659,0.00790998323003265,0.12452360362991982
0.9718575846837887,0.008485743203456837,1.7798064844284584e-06,5.433378593311794e-13,0.019654892305726607
0.5462742171543096,0.4536264308636104,4.4428673047702154e-11,1.3474258363388943e-19,9.935193765136744e-05
0.006087900610468925,9.904282509161217e-09,0.32111726897736487,0.0001350421715368799,0.6726597783363468
2.133228502118608e-07,1.0828066429586326e-15,0.8985085222204501,0.09273171018399304,0.008759554272705701
6.316399315621306e-09,0.9999999936836006,2.2716572911387736e-34,1.0582226493911665e-49,1.6993864530170117e-20
5.058038530763821e-06,7.613010889236645e-14,0.9363204721925245,0.019815371699533214,0.043859098069335405
4.290663769918769e-24,7.674850424853573e-39,3.352209995332603e-05,0.999966477899803,2.43664531947557e-13
0.0009342262606870338,0.9990657735604815,2.101738579383729e-19,2.003137628660618e-30,1.788312643473204e-10
0.0065464817052927945,7.256439824916684e-09,0.23897210748439063,0.00011933910628643314,0.7543620644475904
0.026498025364904327,1.4945309324157202e-07,0.11466064333364492,2.4225056497572387e-05,0.85881695679186
1.1692450412858218e-07,4.823548375831271e-16,0.8486447410842598,0.14590091380798906,0.00545422818324638
0.0009780662469451083,0.999021933584637,1.1637958978261502e-19,7.508134948894588e-31,1.6841774197796748e-10
1.4908955220194547e-06,1.7379538580137507e-14,0.9459802582345921,0.032683688397158954,0.021334562472709692
0.7527843821793335,0.0003687597264706536,0.0005162578792191904,1.6347036506610632e-09,0.24633059858027304
3.0386941182662337e-24,6.592729998953332e-39,3.257338686177659e-05,0.9999674266129066,2.316167606444886e-13
2.4117709177554615e-07,9.674678820037879e-16,0.9108526739811003,0.08113889923260065,0.008008185609206414
0.0010528660968140322,0.9989471337165435,1.6772752932711269e-19,1.1481345241516958e-30,1.866422972500853e-10
1.1280928394045998e-20,4.792110927571905e-34,0.0004132435065030619,0.9995867564340919,5.940508386224288e-11
0.9665963702842794,0.009213603277675165,2.6035883428750822e-06,7.340640408170095e-13,0.024187422848968507
0.9719618281991649,0.0082135432646211,1.7083313416075753e-06,4.241184977388041e-13,0.01982292020444841
0.4734450835576791,6.894701859700937e-05,0.0014680999861014898,9.380706358078037e-09,0.5250178600569161
0.0302501451914673,1.9665322318998628e-07,0.07329639566086628,9.916604661334521e-06,0.8964433458897818
0.9748088578144976,0.01645447713509747,4.2211391311079823e-07,6.379508900034573e-14,0.008736242936427933
0.29996031618654934,4.299550333374963e-05,0.0033107011531038925,3.731575480572681e-08,0.6966859498412583
1.3911685465333463e-39,1.0580728884568416e-59,6.970624835432753e-10,0.9999999993029376,2.0172231124430355e-23
0.07898053830625333,8.92615952598197e-07,0.03263075243142115,2.1653973085251e-06,0.8883856512490644
5.1643216341114875e-06,8.46620769313775e-14,0.9344984562486088,0.023413740470480615,0.042082638959191766
0.016597915542651897,0.9834020151088713,1.1924185345949422e-15,1.054121302752941e-25,6.934847578787101e-08
8.182593951788889e-05,5.067892616931322e-12,0.8227130823176861,0.00485840022703743,0.1723466915106906
0.23802519493315658,0.7619562726163052,3.5498369786071452e-12,5.052696056096818e-21,1.8532446988460105e-05
4.86876328152886e-05,4.0243685575562465e-12,0.84894831010594,0.008630692365206232,0.14237230989201413
3.0706980942820826e-24,7.502194118109495e-39,2.7969297212183805e-05,0.9999720307025713,2.1648814484713072e-13
2.9986353130556464e-10,6.636994628022775e-20,0.3721116661779806,0.6277098427178337,0.00017849080432221038
0.016304544323372347,0.9836953953509663,1.2117297093411747e-15,1.6390138724199266e-25,6.032566013810131e-08
0.9034377308471777,0.002128706766078107,2.654817730437232e-05,3.7983893553535216e-11,0.09440701417145593
1.4523262550916108e-08,1.3274733137772554e-17,0.7767188509782377,0.22112141004710886,0.0021597244513909667
1.5194012575771998e-31,8.304754450411243e-49,1.4758815214364237e-07,0.9999998524118479,2.9690666588175547e-18
0.006274127124864722,6.7943216185963845e-09,0.23565578123611353,0.00013672418078538275,0.7579333606639148
0.1604892181765665,4.144894245069371e-06,0.02157851232157299,7.299076963801135e-07,0.817927394699919
8.686954767704982e-17,6.864364859312684e-29,0.00806915484159707,0.9919308291165405,1.6041862373873055e-08
0.2663872884771703,0.7335970838330168,5.538991096606012e-12,7.182416096040303e-21,1.562768427384761e-05
2.978515776242196e-07,9.244892674696193e-16,0.9119830248311955,0.0759484790640298,0.012068198253196147
6.157012495590972e-35,2.180195412951178e-53,1.78296984257412e-08,0.9999999821703015,2.3892087199990928e-20
2.401377461651591e-06,0.9999975986225361,6.984537573014487e-27,4.07801712710152e-40,2.1233889435884065e-15
6.331630725074417e-17,4.828567506484885e-29,0.007346909820695346,0.9926530768845989,1.3294705670047715e-08
1.4154515511941473e-07,6.190369269212994e-16,0.9209264320979956,0.07328185026350263,0.005791576093345917
0.0060881461409782915,8.753412642363888e-09,0.2851966443480181,0.00013671657884150028,0.7085784841787495
0.04363834375566014,0.9563612394192612,2.2911889806269564e-14,7.136252686555441e-24,4.168250557479319e-07
1.3474423825955459e-15,5.081720818971447e-27,0.012222816079812291,0.9877770931274612,9.079272517404639e-08
1.3576665456789579e-13,1.69139239748452e-24,0.05318067605050753,0.9468176745817811,1.6493675755952226e-06
0.07438218823418075,9.40534876477616e-07,0.045696160394024715,3.4689510685794448e-06,0.8799172418858494
2.98072286447247e-31,2.388686967629111e-48,2.5495549518126454e-07,0.9999997450445047,7.943671408552513e-18
4.746158651196728e-05,3.704924249463364e-12,0.872454158386111,0.013168871393552009,0.11432950863011997
0.8771152048079769,0.1216452789829113,4.048334491451325e-09,7.132505573614382e-17,0.0012395121607772879
0.002335387335334139,0.9976646111836404,3.4107527395629727e-18,1.0520254540521624e-28,1.4810254372157814e-09
2.1093220095342064e-07,8.93632058502114e-16,0.8890120394394512,0.10079263458698312,0.010195115041363903
3.3403007267626296e-20,1.0,6.134155537342357e-68,5.002267732138882e-93,4.5308778132991805e-43
2.3594611832378197e-06,3.9937460649412355e-14,0.9415250982333017,0.036283199084275936,0.022189343221199243
0.13942145272609913,3.6096845716643936e-06,0.02032957205127677,7.137428677146074e-07,0.8402446517951847
5.01887950536663e-05,4.048209593205424e-12,0.8915341729284209,0.007358575183013798,0.1010570630894634
1.249468181660389e-20,5.425037538843621e-34,0.00037538971048833923,0.9996246102373496,5.216203340570826e-11
0.8679367961863124,0.13098827125070125,9.664663706989988e-09,3.152288232156062e-16,0.0010749228983222992
0.8412522210183999,0.15763489993713256,3.6541018125629286e-09,6.18244928111376e-17,0.0011128753903657887
0.12136401798225302,2.8649820262570494e-06,0.016943918577128885,9.086522221565269e-07,0.8616882898063696
0.9513051656475712,0.045537055021390674,3.804464080979241e-08,1.8318520190663106e-15,0.0031577412863954195
0.13324677838308738,3.236918943496592e-06,0.016714804000040554,8.593514796298954e-07,0.850034321346449
0.004336452141421319,0.9956635440759463,1.3320931488703141e-17,4.070221844238516e-28,3.782632326584677e-09
6.066887484633597e-12,4.578454029629685e-22,0.1652619972119083,0.834717185059948,2.0817722076792697e-05
2.1622496030426266e-07,8.876996180163489e-16,0.9352326925035529,0.057349876532820296,0.007417214738665596
0.8308567780495101,0.16802098811173802,4.7085832274677594e-09,1.1230835669896408e-16,0.0011222291301685732
0.06612182324028715,0.9338769636476343,7.77835736233338e-14,3.07175405203079e-23,1.21311200089428e-06
7.800524697110267e-21,3.2537851541575372e-34,0.0003566282852273105,0.9996433716829692,3.180347298741154e-11
2.7026648435399106e-07,1.0315624305680793e-15,0.9216425449674684,0.06582649243305914,0.01253069233298714
0.9614065284414712,0.009627001033019594,2.4219525423488516e-06,7.463661424256086e-13,0.028964048572220607
0.027595203336283295,1.5146998542079466e-07,0.10736339985515038,2.180485065294195e-05,0.8650194404879279
6.459749026713614e-05,4.716699578230485e-12,0.8798568059419453,0.007518449941254558,0.11256014662181638
0.9769179059897963,0.008242018302839134,1.1205720341437643e-06,3.324234372473954e-13,0.014838955134998352
7.400033572892386e-09,0.9999999925999663,2.4052506000160735e-34,5.443736837626929e-50,1.4865791743291323e-20
0.6233932913013279,0.376456365129793,1.7240702300585276e-10,1.0723628058695566e-18,0.00015034339647213772
1.9335189403208716e-31,1.2392139716668952e-48,1.9366333258298225e-07,0.9999998063366675,4.444212304190973e-18
6.022201796809492e-05,5.9285679298952004e-12,0.8556708750834174,0.006338128410797553,0.1379307744818883
1.2498508537872166e-20,4.474588528281337e-34,0.0004263159888402679,0.9995736839677744,4.3385507318530803e-11
0.29303345036179623,1.8521468504071477e-05,0.006434962777325636,1.253337391584472e-07,0.7005129400586348
0.026723167655085447,1.7071188184527865e-07,0.10580496471657394,1.691976666941081e-05,0.8674547771497895
0.0005463890874626017,2.1887409623434042e-10,0.7191333182505585,0.00113943475058309,0.2791808576925219
5.356352137999774e-05,4.164099289278155e-12,0.8851831779920178,0.007113090772442891,0.10765016770999536
7.932022546009994e-17,6.452523423334928e-29,0.01085787561339653,0.9891421033334608,2.105314270853264e-08
1.8759018201630022e-16,0.9999999999999998,9.309808687499809e-57,1.3571533431601577e-78,1.1208183385633727e-35
0.9386143404007229,0.003523133037623442,1.5912273894306943e-05,7.938107434888438e-12,0.05784661427982103
0.8834028832532522,0.0013712092727124663,4.753256210217291e-05,5.88914314039688e-11,0.11517837485304194
5.4085575351004295e-05,4.123474208877174e-12,0.8653370409310405,0.006429335154815586,0.12817953833466947
0.00498699824474894,5.499593469866603e-09,0.2415615167912997,0.00016822063009393372,0.753283258834264
0.25272086125043874,0.7472623706840752,4.964978997635109e-12,6.2034341494256116e-21,1.676806052103791e-05
0.018800637644713056,0.9811993062053053,1.0498534990374588e-15,1.348778835639011e-25,5.614998040047611e-08
0.0010746307992162485,0.9989253689800692,1.748786801681812e-19,1.3700075028178631e-30,2.2071457359971745e-10
2.8376592158488476e-06,5.193393985090426e-14,0.9413703276970671,0.03380300940922419,0.02482382523444077
2.5271900987084695e-17,1.54691785990806e-29,0.0033016617304838453,0.9966983324817669,5.787749274099521e-09
0.886506834256845,0.0012551821014183087,5.7043506785286624e-05,5.822942975477187e-11,0.11218094007672219
0.969175436612534,0.0098033091358924,2.436293129167969e-06,4.961429570139024e-13,0.021018817957948462
5.803036536290239e-09,0.9999999941969635,2.151420345375381e-34,2.5138933075682822e-49,2.280394218824927e-20
2.234343409145322e-07,1.1470077260732144e-15,0.9192585363626146,0.07076205149515233,0.009979188707891022
5.3657421956550895e-05,4.04604251017528e-12,0.8809534142679272,0.009584725844054356,0.10940820246201582
0.8548670302621415,0.14400417130351642,4.7525847212692335e-09,8.067515496440365e-17,0.0011287936817573588
0.3129063389944903,2.1453409934703983e-05,0.007088456211165939,1.7719511152096348e-07,0.6799835741892976
0.006832061836730339,9.517479844085586e-09,0.2618916562735517,0.00012101143494090332,0.7311552609372972
1.788345609959266e-22,1.5132493601376033e-36,0.00010570853082895392,0.9998942914667238,2.447076442825936e-12
2.7992808565484314e-13,3.618686729649422e-24,0.07224208365404852,0.9277547668993739,3.1494462977312207e-06
5.386433163149228e-05,4.273494608350621e-12,0.8870962202546937,0.006788780775921802,0.10606113463347959
6.124512471177663e-05,4.6534919729468886e-12,0.8720657727205681,0.005720392360120919,0.12215258978994571
8.612469122215012e-21,3.261816517672366e-34,0.0002979308053763413,0.9997020691636719,3.095171324390115e-11
0.8738717067978264,0.12522484781772866,4.166969512466584e-09,9.114930133071683e-17,0.0009034412174753654
0.04619252985596245,3.2330431628217937e-07,0.08039222132842044,1.3009982473905052e-05,0.8734019155288268
3.458493130435558e-24,7.74807428801429e-39,3.8054706851314736e-05,0.9999619452928913,2.572441469579482e-13
0.0053622420771250665,9.961980131254083e-09,0.2568758874023887,0.0001566444940650199,0.7376052160644411
0.21876853917998082,1.4812649992954247e-05,0.00766593865829089,1.8096787681328105e-07,0.7735505285438584
5.805518303413647e-24,1.238709874423621e-38,5.3011865175018336e-05,0.9999469881344992,3.2572846396405616e-13
0.2855873998499463,1.8459910144170794e-05,0.006672516260258042,9.795443015168005e-08,0.7077215260252213
6.646621532664578e-05,5.349985487383077e-12,0.8570078734392662,0.005656516988280425,0.13726914335177684
0.9737091750844344,0.00799226894783263,1.755096493110854e-06,4.786307145809209e-13,0.018296800870761198
4.1715753436274545e-15,0.9999999999999958,5.55844380466876e-53,9.346913377731828e-74,4.6894272721748226e-33
0.29621355078870326,2.105967297212656e-05,0.00468565982597757,6.296405590258053e-08,0.6990796667482913
3.3908052334455956e-11,2.2858327823761563e-21,0.30040652901462017,0.6995007530326298,9.27179188419504e-05
1.5265927582378779e-06,1.8210015857243467e-14,0.9577312604905688,0.02163950741542269,0.020627705501232028
0.942197717587602,0.0036526075202518507,1.0657926837759877e-05,7.3074583222758e-12,0.05413901695800108
0.1589602037258844,4.130007016988017e-06,0.022178237856320632,8.701477649728618e-07,0.8188565582630131
2.821780234876689e-10,6.881144602992901e-20,0.3651265161835516,0.6346914565818544,0.00018202695241605494
0.0018287792337167632,9.906116189243386e-10,0.4303342025688649,0.00047618174883460636,0.5673608354579721
0.7052823980663396,0.00043843810095377966,0.0004547672662378119,1.6404082145734173e-09,0.2938243949260605
3.6214829806565894e-13,5.492024609519966e-24,0.10591041373533491,0.8940856374719856,3.948792317365386e-06
9.474511234709866e-12,5.453849183502948e-22,0.1914556608349148,0.8085173290352111,2.7010120399667247e-05
0.8713652490634778,0.12753516418748026,6.7871910738082295e-09,1.9819362579618342e-16,0.0010995799618506285
0.8671401916119886,0.13170519501362418,4.531721379586553e-09,8.742390647196031e-17,0.0011546088426659358
0.004720475940067782,6.455656288356274e-09,0.34402576582052546,0.0003486160050675718,0.6509051357786829
0.30591460304581164,2.0311640082804457e-05,0.005445458740619058,1.0194971678979994e-07,0.6886195246237696
1.2100362874303022e-05,0.9999878996370909,4.585385753942259e-25,9.45335536229935e-38,3.478504237424172e-14
2.7709891890050704e-07,1.3066255418317706e-15,0.9268190685739042,0.06289496631182367,0.010285688015351927
8.844155567743555e-21,3.46330730367198e-34,0.0003200452859427538,0.999679954667385,4.667219385801953e-11
0.9702467586765082,0.008645211313714868,2.165968386495973e-06,5.583154753804252e-13,0.02110586404083202
4.314506908524718e-24,8.175167945632923e-39,3.840677194974926e-05,0.9999615932278095,2.406146964197783e-13
5.9601052431621164e-15,2.220943855998805e-26,0.023308641128820397,0.9766910844021292,2.744690444887136e-07
0.9734169324160143,0.009587751150868701,1.8021821017666786e-06,4.457166359776224e-13,0.01699351425056951
0.2067460854315696,0.7932397725584994,3.4110038958592495e-12,4.638318441931966e-21,1.414200651992657e-05
0.005368636792206595,5.968245571625443e-09,0.23529029380664135,0.0001106284824448049,0.7592304349504617
0.9681401464521115,0.008848308186182131,2.5691901209615578e-06,6.504416804356049e-13,0.023008976170934992
6.286486120850261e-05,5.7675663699741255e-12,0.864684026962072,0.0040795216236018846,0.13117358654734984
8.802001462737164e-13,0.9999999999991198,9.669635347739277e-46,7.101556598256369e-64,6.745854795537608e-28
0.007079115862153308,9.41446960084999e-09,0.2335292902836362,0.00010431230727320688,0.7592872721324677
3.3798571452616518e-06,6.089855992375448e-14,0.9346826456863907,0.030007832700189446,0.03530614175621381
0.11015640783035469,2.8398118260021123e-06,0.030457452922021688,1.8145541492377176e-06,0.8593814848816483
2.777355530991063e-07,1.3068586410397289e-15,0.9001316053378265,0.08957215185421304,0.010295965072405886
0.0007942585252006952,0.9992057412883176,2.1093523349402594e-19,4.581837555407774e-30,1.8648179033986703e-10
1.9485384162024354e-07,8.82944165453667e-16,0.9138299985502769,0.07986813594462139,0.006301670651259193
0.026422829154142128,1.741048655050648e-07,0.0878190903374722,1.3640354069723002e-05,0.8857442660494504
0.0006669751641092968,2.394356012945521e-10,0.6545142026425653,0.0009527375462501889,0.3438660844076396
5.6009410477517284e-05,4.64521946122072e-12,0.8957185502989168,0.00565601032859245,0.09856942995736784
0.8413258858536031,0.15749768957831892,4.830190282310364e-09,9.605020765306546e-17,0.001176419737887638
6.3476519072311375e-09,0.999999993652348,1.5390734878400957e-34,3.7479151951877636e-49,2.205752123497674e-20
3.9366452273964187e-10,9.593332705914021e-20,0.47823309491747806,0.5215085442860556,0.00025836040280175014
0.14896233019332641,3.825288436269501e-06,0.023616643722274455,7.63948519814557e-07,0.8274164368474431
0.45618257475275353,9.115400491995732e-05,0.0031772681956378102,4.0720889200600125e-08,0.5405489623257995
2.2561250247181328e-07,0.9999997743874975,1.6376534494272378e-30,9.690620979431803e-45,1.0307459723455241e-17
3.2835535564115835e-05,2.444899005101636e-12,0.9071693550238648,0.01019222306436823,0.08260558637375798
1.907223624426056e-20,6.152895559923546e-34,0.0004783260526602194,0.99952167387122,7.611972519336851e-11
1.3267487065703884e-07,5.460221708817714e-16,0.8683760715192944,0.12603380914105755,0.005589986664776796
0.007752467139410759,1.1788960582675011e-08,0.3177840152543644,9.675342727021377e-05,0.6743667523899941
0.8423992831377058,0.15653536757421144,3.822123428791314e-09,6.15466864237418e-17,0.001065345465959369
8.285481229167415e-17,4.403296226117927e-29,0.006362608581263615,0.9936373732127516,1.8205984715143832e-08
1.4896846481096679e-21,1.0,6.468050913996586e-72,9.311420402403936e-98,2.1965348096850396e-45
0.035727741400357414,2.3550109835684156e-07,0.1042321487619584,1.954644606541183e-05,0.8600203278905204
6.345680295829019e-10,1.326405820735863e-19,0.5732024823656431,0.4263833619985749,0.00041415500121405884
0.0061318222338020145,8.898351993837244e-09,0.3092070925478997,0.00019329480467925462,0.6844677815152671
0.8635594937828901,0.13534723704163545,5.5052797293483005e-09,1.011255485796935e-16,0.0010932636701944825
3.396404222612245e-10,8.575009434581775e-20,0.5423800265269658,0.45737760081007917,0.0002423723233146238
0.10244128672769007,2.2072850295658653e-06,0.014769190745325391,1.1316909501542742e-06,0.8827861835510048
0.00645010079286395,9.206974960307146e-09,0.35463341716225016,0.00025647151760134853,0.6386600013203094
0.00026484846931991565,5.410943952162685e-11,0.7191795814926211,0.0026357632026998506,0.2779198067812497
1.6672389946335999e-07,6.875537079717259e-16,0.9130901983837234,0.08114668218514748,0.005762952707229026
0.24850263585347085,0.7514832695157818,4.488031853100073e-12,5.271486170556119e-21,1.4094626259245386e-05
8.802418185341515e-05,7.074344521862898e-12,0.8359889593496417,0.004049373553355115,0.15987364290807524
1.116925633451562e-16,8.553536628688433e-29,0.00869040468139407,0.9913095754694972,1.984910868088736e-08
0.9673979952962855,0.007852618148906644,2.34078938071406e-06,6.755339222172341e-13,0.024747045764751768
0.9709949618236137,0.008806778042290967,1.9187065690421966e-06,3.7735614309850436e-13,0.020196341427148833
6.60742981602928e-17,5.164328757439574e-29,0.007784854252827429,0.9922151320503728,1.3696799627737774e-08
0.778937337925929,0.0003924284249810818,0.00035487203307540526,1.3028219614400014e-09,0.22031536031319274
0.12904886556976436,3.1430106303127297e-06,0.01774909939652882,7.930492362691559e-07,0.8531980989738402
4.2896620657049893e-10,0.9999999995710338,4.842408073522809e-38,1.0829144945941057e-54,5.554870777013715e-23
0.0008557418015419834,2.835273107690196e-10,0.6348165703100567,0.0015071253252777555,0.3628205622795963
3.999516409376417e-17,2.676855528413378e-29,0.0041743666063350894,0.9958256259267375,7.466927464025348e-09
1.976402273436499e-13,2.838150502690546e-24,0.07430753190375816,0.9256901502185588,2.3178774851823686e-06
0.30638308137887527,0.6935971449282696,3.853175773532385e-12,5.053668053530133e-21,1.9773689001905902e-05
0.09244641369680243,2.8010905522331486e-06,0.01663988073061409,7.995650167463948e-07,0.8909101049170144
3.2066693505271114e-10,7.474130276918437e-20,0.41845549769090157,0.5813692426169136,0.0001752593715180018
0.017043380185475722,0.982956559499509,6.845805226414666e-16,6.677988839157084e-26,6.031501466175389e-08
0.0010576577975314819,0.9989423419842632,3.109463807364749e-19,3.230006457151421e-30,2.1820531449617895e-10
2.3204051714454898e-07,1.341949067415103e-15,0.9084949577518049,0.08284303627043271,0.008661773937243907
0.8561145900483593,0.14293091968718052,6.036202110480699e-09,1.0357098183237944e-16,0.0009544842282579935
2.1344326603393671e-10,5.1777492190573883e-20,0.3717898944223818,0.6280710479069183,0.00013905745725672407
1.0279579125247482e-34,2.755430942431081e-53,2.0221135314971094e-08,0.9999999797788648,4.016486000571245e-20
0.005766573153950224,8.838091807586354e-09,0.3015592767836052,0.00011040368660227701,0.6925637375377505
0.004541678261130165,6.995421273058021e-09,0.31971792946882077,0.000212395853070053,0.6755279894215577
3.015194197517007e-24,7.272693969012895e-39,3.019670344120332e-05,0.9999698032963303,2.284519904908884e-13
0.9693100665565529,0.008210335078007013,2.408045846938067e-06,7.200542956669684e-13,0.022477190318872967
0.026648606835052203,1.7275447667083833e-07,0.0991800121571915,1.3784142535945975e-05,0.8741574241107436
0.00011204673438862565,1.1926941714223542e-11,0.8577062449861905,0.005995261370011056,0.13618644689748274
5.302329474533672e-10,1.3736044549152708e-19,0.552910020264553,0.4468401614856785,0.0002498177195355348
2.3685037082842495e-17,1.6631830420766782e-29,0.004654621916298266,0.995345372955668,5.128033768521039e-09
9.643583311210486e-09,9.367059690865647e-18,0.715902675129994,0.28248158072165086,0.0016157345047718042
1.919695875659036e-31,8.291877717962232e-49,1.4578251211816955e-07,0.9999998542174878,4.723921966243187e-18
3.32461367834312e-17,2.2088692967158267e-29,0.004562553035789504,0.9954374388800429,8.084167374889348e-09
0.035244564275136524,1.7033650765160567e-07,0.06980836356248162,7.73987321482578e-06,0.8949391619526593
0.10539717875420666,2.6212432088194887e-06,0.014646828583689504,1.037699987278171e-06,0.8799523337189077
5.960700232140868e-17,4.218543936992618e-29,0.006550705161808961,0.9934492818987923,1.2939398603232545e-08
7.262212035122096e-05,6.848475718357646e-12,0.8403873377910659,0.006800848345020526,0.15273919173671408
0.9596509418126699,0.035504253277328875,1.2707780730746307e-07,1.4398449987610806e-14,0.0048446778321792954
1.0685338210181139e-21,1.0,4.778273141963722e-72,8.322235274473869e-98,1.447965131725678e-45
0.11511017840250756,3.7629423111659895e-06,0.016038991442644212,5.514037344805115e-07,0.8688465158088027
0.015028136136491298,0.9849718052487363,9.236883034376968e-16,7.841619377468532e-26,5.861477149414044e-08
0.02090799314322128,8.056031321112537e-08,0.14943759646045218,4.6989475183150444e-05,0.8296073403608303
2.3623055244518586e-07,1.089630968516285e-15,0.9168658212110741,0.07463907847916018,0.008494864079212147
0.9693099296234159,0.007792531754036623,2.239157072809846e-06,8.056694955245977e-13,0.022895299464668995
0.8588713991568931,0.14019011792329794,4.069721558771158e-09,8.106011287056164e-17,0.0009384788500873488
0.0010125637711928183,0.9989874360253094,2.732210708520736e-19,3.244652966980799e-30,2.0349793807666437e-10
0.8373515650101526,0.001194510863915334,8.168732667102356e-05,1.8131744615448318e-10,0.16137223661794337
0.03146088941405253,2.382347267778446e-07,0.058465416935755736,8.905436414557099e-06,0.9100645499790505
3.687487518880307e-17,2.4806403533069817e-29,0.00453330259208447,0.9954666901029892,7.30492651637083e-09
1.3281863556783028e-11,7.157926535147724e-22,0.22589933940822443,0.774074438934104,2.6221644389694296e-05
0.12592406461679137,3.419389413982709e-06,0.021760245106426324,1.2421332903939366e-06,0.8523110287540779
0.11456037992120456,3.0027028105579697e-06,0.024999242351953947,1.2992396189114393e-06,0.8604360757844121
0.11315097807100627,3.5106454237792047e-06,0.01924660015074866,6.360150336525631e-07,0.8675982751177878
0.0059070314960716986,6.850823509324419e-09,0.24450979995240454,9.668177376703083e-05,0.7494864799269332
3.0377275282554367e-38,6.382796355484582e-58,2.2321109521913846e-09,0.9999999977678891,1.987996647126392e-22
0.28128439791767124,1.9871505440667066e-05,0.008568997307080124,1.4387161933393715e-07,0.7101265893981887
0.7140709703348855,0.0004486365489393776,0.00036083377065738396,1.352850244753561e-09,0.2851195579926676
6.722515372417477e-07,0.9999993277484628,1.1629561087680664e-28,1.6683819643884005e-42,1.0071759413167419e-16
0.00736354639959787,1.0041426147539508e-08,0.3249110244221687,0.0001804110545590104,0.6675450080822483
1.6889553652568685e-07,0.9999998311044634,1.9313995565561177e-30,1.2844188325578745e-44,7.192891493089756e-18
0.7574652513588387,0.00032258606524117523,0.00046111549277855007,2.1235439591710126e-09,0.24175104495959773
0.015894604664676182,0.9841053301033054,1.2436603947832872e-15,1.3215621912677798e-25,6.523201715279105e-08
0.8676641592209443,0.13124295322261334,5.495517804262867e-09,1.1297929155875845e-16,0.0010928820609244782
0.0045145216797798544,3.970716857735372e-09,0.3259981569838024,0.00010457539610880546,0.669382741969592
0.7529231462524785,0.24650721041246282,1.2012596976885976e-09,1.5372093200563242e-17,0.0005696421337991493
2.2358888126475338e-07,1.0513784987078733e-15,0.9239759180393149,0.06680870676480986,0.009215151606992995
0.005611798001152289,6.429304268353036e-09,0.24854145381681317,0.0001562953517002127,0.74569044640103
3.141284958558892e-10,6.832812316527212e-20,0.44200086772015906,0.5577947690479581,0.00020436291775428677
2.162771344988127e-11,0.9999999999783722,7.045676587463217e-42,1.7730654837717188e-59,1.896823130919811e-25
0.8499396186722984,0.14902248660455375,3.9773463661527125e-09,1.0066508952301037e-16,0.0010378907458014298
0.23918102647848274,0.7608046361721026,4.759528038333633e-12,8.8937229882834e-21,1.4337344655130958e-05
0.9681860095324935,0.007929778433200889,2.0333174124842184e-06,6.951905411443414e-13,0.023882178716197935
1.6195277532024475e-13,2.0456364990059845e-24,0.061544287658130505,0.9384539793326437,1.7330090637843518e-06
0.11835647911513664,3.0756516273486426e-06,0.02570067363009431,2.102990444384255e-06,0.8559376686126974
0.6077296738972502,0.39208080898586156,1.6834564516335256e-10,7.163705830215081e-19,0.00018951694854251751
5.7757375416276634e-05,0.9999422426237992,7.025862513904517e-23,9.807641893242715e-35,7.845298708626168e-13
0.016663920583329776,0.9833360128482429,9.971465534510492e-16,1.0020047403104456e-25,6.656842620721058e-08
2.7030527683467503e-24,6.301573236898986e-39,3.862418515425567e-05,0.9999613758146364,2.0931638059089648e-13
0.9770151965054716,0.008984369058027636,1.2127851217825771e-06,1.9912461936611978e-13,0.013999221651179644
0.014617286572623367,0.9853826563430158,1.0329881661509193e-15,1.383397705008844e-25,5.7084359747179015e-08
1.2227212607155993e-13,9.698576370323484e-25,0.05141308386349598,0.9485852626485689,1.6534878126861206e-06
6.733355662653684e-09,6.623187521368796e-18,0.7358800608810171,0.26283127341207363,0.0012886589735535703
0.24092889501549547,0.7590586257965993,4.492541623052232e-12,5.713359610216376e-21,1.2479183412722066e-05
9.465498464114429e-21,3.3476668386794726e-34,0.0003593768908213774,0.9996406230668783,4.230027040370419e-11
0.8447959571352077,0.0007590251408303476,0.00013275728982341337,4.3984180205616815e-10,0.1543122599942966
0.4211423286864745,0.5787606574231934,4.792926148839859e-11,1.96419541648886e-19,9.701384240292857e-05
6.569346899736565e-16,1.4574577856886708e-27,0.010246031003381246,0.989753913740686,5.525593203029092e-08
0.0002835233414767868,3.990478822982805e-11,0.726916708061117,0.0028608104194668416,0.26993895813803465
0.03341741525722875,2.1515805856050626e-07,0.11391114837340863,1.3400224960583348e-05,0.8526578209863435
0.005386632063610429,8.31237397553428e-09,0.25888643264654027,0.000128498920500058,0.7355984280569753
0.0006471907935449546,2.060238019703325e-10,0.6271779294169993,0.0012731468232824023,0.37090173276014954
6.069074050805736e-05,5.434077872312089e-12,0.878847064998103,0.006908704456787889,0.11418353979916712
0.001435632681139495,0.9985643670028688,2.4318123578486803e-19,2.1289913938911747e-30,3.159916282024863e-10
0.9712279188497378,0.007536532634118825,1.568514230506358e-06,4.28713498354604e-13,0.021233980001484295
5.3615079387038834e-05,0.9999463849199359,5.213493926642132e-23,3.528851696056186e-35,6.770194689244188e-13
0.8540333379499888,0.14463970814083346,7.104471403932339e-09,3.3081487772184445e-16,0.0013269468047060098
0.006383078375518036,7.929949066791186e-09,0.27486145159679454,0.00016214895866574293,0.7185933131390726
1.695079176180907e-07,8.300903410470827e-16,0.8815469477303514,0.11109436208208821,0.007358520679641871
8.406659214036022e-06,2.663116793649635e-13,0.9302569795575435,0.01896752533524363,0.05076708844773267
1.2947291571106517e-12,2.8265724726387076e-23,0.11711807126928908,0.8828738978923448,8.030837071444228e-06
0.9708304733115147,0.009345080486553666,1.6186931763889623e-06,2.610892467268063e-13,0.019822827508494286
6.97112520038956e-05,0.9999302887475265,3.9728963230190946e-23,3.2679253057549974e-35,4.696727927348986e-13
4.105644796217793e-17,2.4724057022861245e-29,0.004300078686208394,0.9956999140472274,7.26656414783485e-09
0.0010276610481577924,0.9989723387290295,3.1946981907431143e-19,2.733552897534763e-30,2.2281287816378866e-10
2.5149591681528894e-20,8.015563680313065e-34,0.000588476978660235,0.9994115229254804,9.585927215802401e-11
2.659821995278905e-09,2.0432578579509437e-18,0.6334736043144845,0.36570117124065116,0.0008252217850422053
0.029988334754109686,1.9343828684395906e-07,0.1412600568008457,2.8253049021638784e-05,0.8287231619577361
0.0009440137297569212,0.9990559860694371,2.514200946925089e-19,2.050945669118098e-30,2.0080593849376135e-10
2.6317451580502833e-09,1.647822438665946e-18,0.6480061299405321,0.35129403163539263,0.0006998357923302407
1.659842613879102e-24,3.592898786312428e-39,2.7690274130831344e-05,0.9999723097257188,1.5038872324139324e-13
0.0001389011648039489,0.9998610988306258,8.450946078030765e-22,1.1106287661650729e-33,4.5701298013900874e-12
2.2803070835891828e-31,8.663351667973882e-49,1.4306044084766147e-07,0.9999998569395592,4.747683635877713e-18
0.6551471186645315,0.0003457238232547142,0.00039840422506542993,1.4029990536880732e-09,0.34410875188414936
0.0008799202933201228,0.9991200795044066,2.6447536414138954e-19,1.9735132351281324e-30,2.0227320969294947e-10
3.342744505050983e-10,5.767707208152568e-20,0.4666357109580879,0.5331005852984584,0.00026370340917924664
5.310457436212696e-17,3.04371220553056e-29,0.00582764921081821,0.9941723375400707,1.3249110962692262e-08
0.8783666023051411,0.12049307118166777,4.3121563225994745e-09,6.38121722488361e-17,0.0011403222010348663
0.2548913467896999,0.7450940241670527,3.885104794880984e-12,4.995943312606907e-21,1.4629039362231363e-05
2.3035016093888218e-10,0.9999999997696498,1.6471584566779938e-38,2.0556340583390455e-54,6.023656252455328e-23
3.116302345048963e-17,1.9285877987097228e-29,0.004041727509740512,0.9959582661219184,6.368341133486547e-09
0.8748177721875576,0.12429025754544376,4.437321230988259e-09,7.862446035109308e-17,0.0008919658296773531
9.550412695049294e-18,1.0,1.2497885529986304e-60,3.144265157257713e-83,5.025773912176689e-38
0.6873826691836189,0.00044659887087617167,0.0004852013753835142,2.3377087746862895e-09,0.31168552823241263
1.4134489249174255e-20,4.1893461844667185e-34,0.0004262203720257679,0.9995737795609142,6.705985205886052e-11
0.6110182767970976,0.38881716670539934,2.3660622519001565e-10,1.2121842778227684e-18,0.0001645562608968348
5.920331874317868e-17,3.7896479546667053e-29,0.004929582784644764,0.9950704066725715,1.0542783860702367e-08
2.7151902963007173e-06,0.9999972848097025,5.807533695581505e-27,2.219172592915464e-40,1.378481308020082e-15
0.27740010191825254,0.7225809828749403,4.13181169040751e-12,5.039323445423455e-21,1.891520267531399e-05
0.6259045213298448,0.37373801390140904,6.082642961517581e-10,7.21859173699626e-18,0.00035746416048197715
0.854061875290102,0.1451728698731641,4.35384702255178e-09,6.242986973903197e-17,0.0007652504828867614
2.6256030224263767e-10,6.103099717368837e-20,0.40251146494296774,0.5972923685442479,0.00019616625022396625
9.74833290372213e-14,1.3171249214866412e-24,0.04561112210531678,0.9543871328127087,1.7450818769124323e-06
0.1453234264317768,0.8546663933658194,2.8151351697454908e-12,5.032366531295625e-21,1.0180199588845704e-05
3.867140666990284e-10,8.86071043088879e-20,0.4656485366155879,0.5341305144139201,0.0002209485837778442
0.1960906255053437,0.8038977277119347,4.3608374310981996e-12,6.1581192493583664e-21,1.1646778360887814e-05
0.0008451030597463317,0.9991548967200722,1.881003491793732e-19,4.30688067201842e-30,2.2018143388131403e-10
0.0007669569792185908,3.2578366403102184e-10,0.5878594115397888,0.001178189521820706,0.41019544163338834
0.2410477430085082,0.7589301068373695,5.859556857955006e-12,1.1776994215496789e-20,2.2150148262877476e-05
0.8903028388859595,0.0010908484258591125,7.134640852842287e-05,8.879503420745676e-11,0.10853496619085795
1.4500621249705375e-31,8.949301571657636e-49,1.7281912438448825e-07,0.9999998271808755,3.67114898444456e-18
0.3201579041817317,0.6798189661026733,7.368415019363315e-12,8.657434648786137e-21,2.3129708226503635e-05
0.9146807533210518,0.002023903254590373,3.581312311059337e-05,3.010414489575314e-11,0.08325953027114316
0.016630784497632528,0.9833691380940929,1.010480552171683e-15,1.2956747417038738e-25,7.740827361758894e-08
0.007134854604195625,1.0980432190553968e-08,0.3352917774592519,0.00011559175151356256,0.6574577652046067
0.031145843748934237,1.9794198922369492e-07,0.10036055001980924,1.35926407738399e-05,0.8684798156484934
2.9939332163995636e-24,7.563102828063053e-39,3.0267046010457095e-05,0.9999697329537158,2.738702649365791e-13
0.00038626516051111157,0.9996137348083385,1.4899628232367078e-20,7.736371159378024e-32,3.115027634146656e-11
2.657840757716841e-06,0.9999973421592403,6.815800089704854e-27,6.126417614160958e-40,2.002533371411889e-15
3.377704759577286e-15,0.9999999999999967,4.03432916272566e-53,4.387210405871144e-74,3.9477934618664485e-33
1.873686868929482e-05,8.832940984589272e-13,0.9276840949865964,0.008464667219825788,0.06383250092400508
1.2202560950628662e-06,1.452048651061641e-14,0.9530967820545055,0.02872508462423569,0.018176913065148886
5.14665790017228e-05,0.9999485334202468,6.336103316824257e-23,5.253879386176599e-35,7.514992794612206e-13
9.675010340228824e-24,1.0031358418316637e-38,5.132000551732628e-05,0.9999486799939361,5.467314986644141e-13
0.0010813986691155532,3.8025614328643677e-10,0.5162728786959077,0.0010398834220464665,0.4816058388326742
2.9607972060363357e-13,3.0064239454839784e-24,0.08155933304597685,0.9184379451686264,2.7217851005709363e-06
0.004833636913938002,6.501746032561014e-09,0.3965355129757836,0.0003757277632559933,0.5982551158452764
6.074803909292078e-17,3.2001396358883816e-29,0.005408586571020736,0.9945913999049046,1.3524074559670922e-08
0.9755295247035768,0.008642383273905839,1.5218594387229613e-06,2.841857458305811e-13,0.015826570162794366
2.94501672103598e-06,6.524457773752957e-14,0.9516782671600763,0.019354091080898635,0.028964696742238616
0.9716611220021467,0.009281802426379113,2.1754556657776954e-06,4.5095187235084214e-13,0.01905490011535747
3.3732315786989387e-06,0.9999966267684184,1.1201296791807541e-26,1.2976523143955757e-39,2.962172988904087e-15
1.2474221108174353e-11,6.7528764177553905e-22,0.24156294197389722,0.7584025236043676,3.453440926103251e-05
0.9777166011121667,0.0070853477018671665,1.9509998270144584e-06,5.630989431132069e-13,0.015196100185575906
4.875152168536095e-05,0.9999512484777061,4.329422485613485e-23,3.1784597203272476e-35,6.086965025717108e-13
0.6961660126694676,0.00041807633518794725,0.0004034003492203238,1.951370244176243e-09,0.30301250869475393
3.810591549837866e-24,7.334395238738029e-39,3.7185910816009376e-05,0.999962814088958,2.2607421832649724e-13
0.9239120238035975,0.0020976844806354384,3.318574398142443e-05,2.6874210844954055e-11,0.0739571059449115
0.8214879760354334,0.0006580604412365704,0.00023688623832187423,1.1256643460750193e-09,0.17761707615934377
0.8410951898543069,0.15796305122127463,5.2388086676668995e-09,8.193203695742578e-17,0.0009417536856099921
1.23277316181459e-13,1.7287424471047236e-24,0.06560953456027704,0.934388915145382,1.5502942176822784e-06
7.142184425197237e-05,6.784075378728746e-12,0.8219265896636085,0.007398046907695078,0.17060394157766032
4.7918464796496306e-05,3.6582716028243065e-12,0.8908682229663094,0.010074882659606361,0.09900897590562932
0.5821906510319524,0.00018015467116898277,0.00107480172642216,4.589692018461256e-09,0.41655438798076444
0.9692274350407423,0.019292496097800878,2.9322888758792856e-07,3.890426261007904e-14,0.01147977563253053
3.722127133129047e-05,0.9999627787280461,3.058700350031581e-23,1.574743700485273e-34,6.225151068134584e-13
4.646486912049716e-05,3.316416840323889e-12,0.8809130605570231,0.0070490758358662505,0.11199139873467368
0.9531960848761858,0.04135123118769597,1.0244630746575734e-07,1.1651838683632976e-14,0.005452581489799129
5.738128562276552e-05,3.58628665982583e-12,0.8833489735445937,0.011572813527805894,0.1050208316383913
0.0008750250467626456,0.9991249747379396,3.396569501172634e-19,3.7897811293888045e-30,2.1529774220645606e-10
0.9262174296393215,0.001987222386263272,2.5499237565859367e-05,2.8800542375834568e-11,0.07176984870804849
4.407051227176111e-05,3.1948331590298427e-12,0.8963447838023799,0.011507890478533704,0.09210325520361967
0.4982224172342447,0.0001007229626719764,0.0024232589079172706,1.9812536046176413e-08,0.49925358108262985
9.038843166517003e-09,0.9999999909611569,2.541848805742788e-34,1.0625024506542311e-49,2.1442660538068808e-20
0.9725627065828416,0.008369274750500878,2.6121430927252355e-06,8.862435271475496e-13,0.019065406522678293
0.0013083729234717417,0.9986916267739102,2.728821490461914e-19,2.5824347627913205e-30,3.0261799375070317e-10
1.436614396180067e-07,5.423927856014726e-16,0.8845919543298659,0.10914570311295325,0.006262198895740823
0.2439769471665491,0.7560077213098525,5.4467664978234445e-12,6.581496000953696e-21,1.5331518151463308e-05
1.6526198263564673e-13,2.31122406392245e-24,0.07748066449330258,0.9225174767837515,1.8587227805836728e-06
0.9693494056826644,0.00958440976895278,1.9886097257332103e-06,3.963842457823924e-13,0.02106419593826064
0.9721229214625453,0.007669965373583776,1.6525771921732177e-06,4.179240843762218e-13,0.020205460586260975
0.01711068698386707,0.9828892569207245,9.596547346702968e-16,8.031366888856609e-26,5.6095407659658666e-08
0.0009568245070321326,0.9990431753087021,2.5221205059614776e-19,1.8580849430390983e-30,1.8426568641936486e-10
1.9336776021187702e-13,9.18089183760746e-25,0.07669484963357139,0.9233014406561632,3.7097100721316958e-06
0.12268381518683827,3.527257220198958e-06,0.027728992222405015,1.285978660585962e-06,0.8495823793548759
4.139866555021568e-24,9.926120591664227e-39,4.6594727639144475e-05,0.9999534052720588,3.0192396928473794e-13
4.031486718206335e-06,8.318991151759733e-14,0.9459220925388846,0.01907070795493608,0.035003168019377855
2.1387951587647176e-07,9.123750826605207e-16,0.896205843564294,0.09629629754631877,0.007497645009870507
0.005373184647167685,8.054799968322398e-09,0.3016355603034136,0.00019178954432114194,0.6927994574502976
5.13610682031326e-06,8.266018570496185e-14,0.936192341273996,0.015135660430871244,0.048666862188229756
1.6421256899860196e-07,8.807663691972154e-16,0.9133366683915216,0.07903480477946327,0.007628362616445058
1.795359881726838e-11,1.5446857230696553e-21,0.18289499887608313,0.8170727286126817,3.2272493281542477e-05
0.9284454867303759,0.0018143193160573186,2.371183601497701e-05,2.982400857530457e-11,0.06971648208772778
0.7019880369507898,0.29772292260520167,9.091827344928846e-10,1.1746185931464462e-17,0.0002890395348258065
0.8497960721983637,0.1488761281924937,5.976000743416274e-09,1.4980110097333422e-16,0.001327793633141547
0.0006235901717690853,0.9993764096702653,1.1981149179104799e-19,2.9980431074349762e-30,1.5796562699321757e-10
0.9116065122703562,0.0020181784836829204,2.71004870947959e-05,2.148590687390183e-11,0.08634820873737999
7.5275805803913e-07,0.9999992472419419,1.0059621100758496e-28,2.6494667968482827e-42,1.0629978006081639e-16
2.7596635782036115e-13,3.605022503425837e-24,0.07179748357565506,0.928199510394571,3.0060294979473833e-06
1.4040578519981008e-07,5.875099531124144e-16,0.8785721746290357,0.11656669661960078,0.004860988345577773
0.23317002439324822,0.7668142059635699,4.481664377533777e-12,6.255727584592225e-21,1.5769638700313925e-05
1.7651393979474313e-30,1.0,1.4701258183037186e-98,1.9267241716602427e-132,1.882138179291737e-63
0.7032605501924013,0.0002801831535234918,0.0003209738676276455,1.0590706494353325e-09,0.2961382917273767
0.2820922527415183,0.7178906052809275,6.373822086906438e-12,1.2426967976051028e-20,1.7141971180390747e-05
4.883758525188519e-10,9.368899756358127e-20,0.4826156939452977,0.5170161555135783,0.00036815005274821175
0.2972850305120719,0.7026954686990571,3.315301806998548e-12,6.1991383405821534e-21,1.9500785555738636e-05
0.35923813335536603,6.039522623928897e-05,0.00441732390745729,5.433384038525558e-08,0.6362840931770969
4.922380632692363e-17,3.7198140170046126e-29,0.005954772502380634,0.9940452166565529,1.084106654000479e-08
4.0916030048649367e-10,1.0179701068634379e-19,0.4897981501013999,0.5099730285594501,0.00022882092998964827
0.12977276713895275,2.6098052776605683e-06,0.012995220664959593,4.928421177552196e-07,0.8572289095486922
4.841261558699215e-05,4.827550668275618e-12,0.879013897146182,0.006775519710540141,0.11416217052286326
0.9707597074660783,0.008350942292647726,1.5808619209925432e-06,3.410470160421552e-13,0.02088776937901191
5.840995840024141e-17,4.101000204276468e-29,0.006180920430378116,0.9938190665673647,1.3002257172998635e-08
0.9560398956136884,0.03756520521335483,1.1833161018907625e-07,2.2803980033537974e-14,0.006394780841323861
0.6833945914712032,0.3162191975686985,8.90809216544392e-10,7.946947615095648e-18,0.0003862100692891251
0.9129036052773065,0.0022400764887301576,2.6846300647292364e-05,3.7101863725956165e-11,0.08482947189621434
7.252245319890254e-05,5.356524201257532e-12,0.8507512129542762,0.0053161721101085664,0.14386009247705975
7.639909210510151e-35,2.656571128467513e-53,1.7677385644598757e-08,0.9999999823226143,2.5847773326960656e-20
0.696322181927747,0.00046790579279333447,0.0003600247365404938,1.3146317630798313e-09,0.30284988622828735
4.234538996591042e-12,2.571720244126487e-22,0.08833198803408582,0.911654381987857,1.3629973822657598e-05
0.07360355237156885,0.9263958913421232,2.4904788955784503e-14,8.391133110799344e-24,5.562862830960155e-07
2.654171496139003e-09,1.3022451970925057e-18,0.6776508218011217,0.3215383759165761,0.0008107996281307632
4.613177924945419e-06,1.0178456121979893e-13,0.9332652571963521,0.019894943498510533,0.046835186127110615
0.09134798391109929,2.6679318404403705e-06,0.013881044689619372,5.425210628429395e-07,0.8947677609463781
3.82319420173347e-10,7.684102246163296e-20,0.4913571997316009,0.5084110636474652,0.0002317362386144672
4.8910397958894186e-17,3.745963567920284e-29,0.0065033899812750595,0.9934965990570618,1.0961663208482351e-08
8.152094175974853e-09,1.0653034860303279e-17,0.6841232333140167,0.31423340911018444,0.0016433494237047546
0.20974052978465504,0.7902438088806605,4.545613691313486e-12,4.343740665213077e-21,1.5661330139017935e-05
0.950275900175625,0.04520313950889069,8.572726638190169e-08,3.4141665824498567e-15,0.004520874588214458
5.491186240611895e-05,3.757233466041937e-12,0.8522048142396036,0.005759585673538757,0.14198068822069432
0.7383701733459458,0.0002446176468446383,0.00026447484727557886,9.059253249363796e-10,0.2611207332540087
0.9540750551998295,0.04182694736726054,9.827198985766747e-08,5.328600625415078e-15,0.004097899160914655
0.019901216422021188,0.9800987184201763,1.6382383793403092e-15,3.503372275387081e-25,6.515780085487747e-08
5.748525388753261e-05,0.9999425147455017,5.534949284995008e-23,5.203450486177603e-35,6.10914378996469e-13
0.6474928827619749,0.00034102777669119203,0.0003995849112821754,1.4797576194693291e-09,0.3517665030702941
2.4818952035755202e-11,0.999999999975181,5.752843235857366e-42,7.242293403726295e-60,1.174823678454559e-25
0.6514940593426252,0.0003532260561463632,0.000385575911890705,1.321887962162118e-09,0.34776713736744974
0.8559578943536651,0.14315869911186394,4.281221810079647e-09,1.7166347467252723e-16,0.0008834022532490331
0.6983519691708535,0.0002996132814549405,0.0003105329188363221,9.328013403514315e-10,0.30103788369605394
0.0007993096052166708,2.7253964100225165e-10,0.6505322767143087,0.001205936823259012,0.34746247658467605
1.26511163003364e-13,1.5928242543025617e-24,0.0648546423937171,0.9351436550320978,1.702574058482833e-06
0.8465009249931115,0.15215026764996,4.944937860879705e-09,1.2526844261794863e-16,0.0013488024119903917
1.2654832372846505e-38,1.686852348281219e-58,9.49601696629545e-10,0.9999999990503983,1.0580079443117702e-22
0.9691534865917995,0.0070260569797510495,1.4801520379456066e-06,3.4323209829732373e-13,0.023818976276068604
7.06279441034401e-12,3.6837044103891405e-22,0.19710055107197302,0.802881347221762,1.8101699202097152e-05
5.365673868311947e-05,3.94368550878194e-12,0.8698245852383304,0.006461539204778631,0.12366021881426423
0.9577323467641299,0.003635061494299411,1.7924147029777262e-05,6.821433100131129e-12,0.03861466758771953
0.43942684378261604,8.459876721098767e-05,0.001332481288050687,1.2405254897228618e-08,0.5591560637568674
0.839804002058995,0.15900580583214072,6.5743547858557455e-09,1.6943635497482347e-16,0.0011901855345091777
1.7436380769168043e-07,8.937134981783512e-16,0.9368242268302917,0.0567498959089014,0.006425702896998232
0.8632803791746297,0.13551860556306677,7.757703520943598e-09,1.8331749960158047e-16,0.001201007504599739
1.5607641709695484e-07,0.9999998439235828,1.645673287635686e-30,8.092806675019991e-45,6.379127290767685e-18
0.9513985191340402,0.04175036850072635,1.206803578997943e-07,1.174723654703914e-14,0.006850991684863794
0.4291173978133176,4.519166364984526e-05,0.00415156817300927,5.761090252914529e-08,0.5666857847391207
3.6916738352333595e-06,5.4711951049686597e-14,0.9419987347414366,0.029691136906925222,0.028306436677748296
4.5454931786781273e-05,0.9999545450675452,4.484455491904085e-23,5.275329444774766e-35,6.680799359877091e-13
0.755378483691326,0.0004134805586760727,0.00044536011339364913,2.5910110342464747e-09,0.24376267304559335
4.999211909743271e-10,1.3500086771953365e-19,0.5359106639767961,0.4637841366370318,0.0003051988862509083
0.7829299938167371,0.0004400959013644934,0.00032091572106317267,6.142570101806662e-10,0.21630899394657838
4.873647771018015e-35,1.6553249269485394e-53,1.4658009782312123e-08,0.9999999853419903,1.9303629920426073e-20
7.814548082455261e-05,5.111880195108213e-12,0.8165312321907718,0.004295096591862861,0.17909552573142895
0.9759897008358633,0.00839338079900116,1.5347927334137583e-06,3.498519392932575e-13,0.015615383572052296
1.364541812529648e-22,1.2010088773292652e-36,9.422486906499192e-05,0.999905775128983,1.9520733758677106e-12
0.9402649291454761,0.0029364223647220045,1.1593364267759057e-05,6.889991665083778e-12,0.05678705511864416
0.0020405778881197713,1.0831749213275425e-09,0.4872303681481825,0.0004615471668362924,0.5102675057136866
0.0060477594472502835,9.127393502155577e-09,0.3522008489417909,0.00014218388775687378,0.6416091985958084
3.0955855050838346e-06,0.9999969044144933,5.1174309351378465e-27,2.1619056440962244e-40,1.5902982386072015e-15
0.019802494126579508,0.9801974427290626,1.2925327335783697e-15,1.6722067908642e-25,6.314435674677465e-08
0.016792520020263723,0.9832074172011313,1.2729411611906801e-15,1.4040138440345622e-25,6.277860370812842e-08
2.7475011229542597e-10,0.9999999997252498,3.170538296688237e-38,3.1872383100422805e-54,5.384687813193773e-23
0.11503957836884313,2.8903487130650162e-06,0.019622115719618572,8.916322419650952e-07,0.8653345239305832
0.8654302720719581,0.1336588149716499,5.896309437287702e-09,1.3949721284950133e-16,0.0009109070600825689
0.02173667481209592,0.9782632425208558,1.1117407612125649e-15,1.2956303180101607e-25,8.266704712325467e-08
0.014628975475430765,0.9853709618016196,9.468288990349056e-16,1.090433150670831e-25,6.272294882591509e-08
0.9561080087566592,0.03794327171993647,9.021559754152219e-08,8.06661402974047e-15,0.005948629307798759
3.9011309852375e-15,1.0348494324838334e-26,0.02135995571765157,0.978639880698384,1.6358396039013396e-07
0.018170010783849607,0.9818299183906467,1.6686415007933627e-15,2.283505986334028e-25,7.082550196073565e-08
0.9705216795196601,0.008963550924344463,1.8887770354059736e-06,5.665272622141453e-13,0.020512880778393465
0.23192553097903262,0.7680602971618881,5.349701886642632e-12,5.589832054713895e-21,1.4171853729556573e-05
0.00497696109105181,6.587664103349482e-09,0.30050388607484935,0.0001851281893926809,0.6943340180570421
3.808506001231247e-17,2.984052805142102e-29,0.005015838227242119,0.9949841504315242,1.1341233564461137e-08
2.044505117258684e-07,7.514670302916535e-16,0.9204546195309257,0.07070742728061782,0.00883774873794404
0.04530744450392925,0.9546921010952056,1.9630630791791878e-14,5.8266298846970215e-24,4.5440084540166206e-07
0.12127231587227162,3.3540422540559327e-06,0.019577809588814665,7.344902013188353e-07,0.8591457860064584
2.568687591077989e-06,0.9999974313124068,6.466069506162195e-27,4.525096156019549e-40,1.9429441058554073e-15
0.020880782774045308,8.648156273418491e-08,0.06290397322868291,7.058559252313332e-06,0.9162080989564568
8.534447618994925e-05,7.587231566904002e-12,0.8529001426103713,0.0036472101604013846,0.14336730274545037
0.7183237575212899,0.0002592835016680056,0.0002766635140235485,7.574571520924974e-10,0.2811402947055615
0.02146271489166617,0.9785371951708285,1.2961906661963527e-15,1.2334105124865222e-25,8.993750402988896e-08
0.7222095031573763,0.00041058878532359715,0.0005101218341819209,1.4612386011144749e-09,0.2768697847618796
0.9673560378159426,0.008824037714499272,1.9927056776120424e-06,4.882102016022166e-13,0.023817931763392114
0.4236997321517533,5.306640587717081e-05,0.0037767617571040496,3.385223534860426e-08,0.5724704058330301
0.9702783042687072,0.0069035504304155,1.6716817909757354e-06,4.5315383948934866e-13,0.022816473618633218
0.973304691794251,0.009664493373921921,1.6963773573444581e-06,2.669087285458988e-13,0.01702911845420284
0.210522889214894,1.2104577893905477e-05,0.012589902545927246,2.1765807073935337e-07,0.7768748860032142
0.0012924419260365127,0.9987075577937976,2.7237766761101945e-19,2.656103351571054e-30,2.801658963771698e-10
0.000996316872048372,0.9990036829232061,2.358945022799669e-19,2.216279265016988e-30,2.0474542961474704e-10
0.00625242625392213,7.261863370242945e-09,0.29536993916665966,0.00013366835443616643,0.6982439589631187
0.24594332904089286,0.7540386378038083,5.070736064078363e-12,2.2649276214931937e-20,1.8033150227979e-05
0.37308585834418295,4.222996404171719e-05,0.0035830906549702973,4.366131209527081e-08,0.6232887773754929
2.913874524747926e-06,6.115452170516667e-14,0.9511987721144045,0.018911401423040885,0.02988691258796871
2.7346464357368824e-07,1.2179523812894282e-15,0.941432895260647,0.0507005100366568,0.007866321238051437
0.9078510700898214,0.001592328401329492,2.421096935117093e-05,1.754946845730055e-11,0.09053239052194849
0.0069503539573921,1.1081939067453967e-08,0.2866065705404135,0.00011633700328963004,0.7063267274169657
3.0322885490193625e-10,7.073177483275875e-20,0.5023602255701838,0.49739620212193264,0.00024357200465468886
0.017776674294414856,0.9822232497978267,1.3223151611093154e-15,1.9080571109116361e-25,7.590775698861834e-08
1.4041216159162956e-13,1.7530272408361753e-24,0.06174997194098392,0.9382485144994364,1.5135594393735281e-06
1.3167075347666868e-13,1.717566518146525e-24,0.060034707467010937,0.939963789074069,1.5034587883939945e-06
0.0062173962364469254,9.045954786615694e-09,0.2926276432282259,0.0001049899465571345,0.7010499615428154
0.9081638808666962,0.002540429034076912,2.7918040746415813e-05,1.4558629795946107e-11,0.08926777204392194
0.8785625260636356,0.12037011910392839,3.868668404865286e-09,7.755097864028256e-17,0.0010673509637676294
6.988936650333375e-05,5.3090154471651916e-12,0.8729588820980583,0.005892167797993511,0.12107906073213584
0.7054481629456806,0.00040456682496369786,0.0005317784613128639,1.4417554339249316e-09,0.2936154903262873
0.9134261233033463,0.002096172454087895,3.3387753407529124e-05,2.1611936729714024e-11,0.08444431646754628
0.4605697127529049,8.634238251697645e-05,0.0015628076176755622,7.828623405864357e-09,0.537781129418279
0.005355450972829769,7.852972782579631e-09,0.3369521461250625,0.00021033706778151448,0.6574820579813534
0.9061058567218475,0.0021964561423149288,3.965789943450604e-05,3.118144517025847e-11,0.09165802920522145
0.13159050936049588,2.8135372870545795e-06,0.013898243105159698,4.655268945054024e-07,0.854507968470163
1.7701040443324206e-07,0.9999998229895954,1.3394170797413273e-30,5.922403180507841e-45,5.881753009596329e-18
0.11699642920283426,0.8830005879519678,3.3054152665348936e-13,1.8362150184178374e-22,2.9828448674876435e-06
1.3021382171638868e-20,5.109715143589213e-34,0.0004038013319890203,0.999596198630135,3.787599771801683e-11
3.828686252601389e-24,7.253912390879123e-39,3.502888676403623e-05,0.9999649711130038,2.3219212622202976e-13
0.3145261171080085,2.3745576390639296e-05,0.0053239534132750715,6.25915028809246e-08,0.6801261213108228
9.570308227274141e-28,1.1274404525974688e-43,2.7245166931055626e-06,0.9999972754833059,1.1840982484428035e-15
0.08535838099467392,0.914639940859516,9.431785996361078e-14,4.3560811252207596e-23,1.678145715959169e-06
4.278076841283908e-05,3.1660731708053953e-12,0.8958702523274629,0.009695280044209127,0.09439168685674926
3.4575528139206966e-10,8.969975099704253e-20,0.5007381013896012,0.49900109989688957,0.0002607983677540207
0.8947870155368448,0.1038238360709584,7.144047735103733e-09,1.573020136419046e-16,0.0013891412481490263
0.9722492078473424,0.008321602963562148,1.5329073333656508e-06,3.72195056882861e-13,0.01942765628139014
5.379941129561691e-28,7.834193926268246e-44,2.3135869138614444e-06,0.999997686413085,1.0710848880501458e-15
0.29660934820601,0.7033746411681076,3.140415467279628e-12,4.8243839342109075e-21,1.6010622742003985e-05
2.0592575118813688e-07,0.9999997940742489,1.047547839873532e-30,3.227579453627166e-45,7.151475558631279e-18
0.00509157499157633,7.923355345149525e-09,0.31948701091154463,0.0001747829328508175,0.6752466232406729
0.5175796513374912,0.00010561367933626225,0.0020251680357496705,1.2802708715075456e-08,0.4802895541447141
0.014923840363136516,0.9850760992246044,1.100772265055651e-15,1.6329166863192853e-25,6.041225809143354e-08
0.2584593176163765,1.9117260356998747e-05,0.006879868421936666,1.1157445237584701e-07,0.7346415851268774
0.12782824910897153,3.61404161365455e-06,0.022557992437393422,7.119609407003167e-07,0.8496094324510806
0.9747204765323008,0.007437798138265315,1.8398028382737861e-06,5.878752111914532e-13,0.01783988552600786
0.2446087344723524,0.7553760900851207,3.7634819104118075e-12,4.858432793110234e-21,1.51754387634213e-05
4.104641835711426e-06,6.582138795414645e-14,0.9447802265987285,0.02542385692802706,0.029791811831342857
1.461517364155445e-27,1.8483501168910704e-43,3.7847270919201476e-06,0.9999962152729066,1.589695402300366e-15
5.156900456029842e-05,3.5543380834132408e-12,0.876069822893852,0.012756366960318444,0.11112224113771509
0.6779136987039338,0.0003067732460097418,0.00046306997715872875,1.6915257797184081e-09,0.32131645638137196
0.7045507465562837,0.0003443101923844119,0.0004885466525743146,1.93652963129895e-09,0.2946163946622282
5.924139745725767e-05,3.247538727954974e-12,0.8462189225651235,0.003906988294246282,0.14981484773992526
0.27104930268119587,1.8968285959100822e-05,0.008167456301830672,1.442938221517555e-07,0.7207641284371922
0.06826435213497935,0.9317343951668948,9.772470726723042e-14,3.849522901858732e-23,1.2526980281080957e-06
0.9734366090725786,0.00875486169405015,1.6745266233682873e-06,4.0958498719299286e-13,0.017806854706338575
0.8600544487898505,0.1390464895966291,5.914858777310708e-09,1.3895669038261415e-16,0.0008990556986613041
0.016054205289115397,0.9839457280422514,1.1016708723936547e-15,1.149892066893374e-25,6.666863188361002e-08
4.947108716266306e-12,2.6416669054761472e-22,0.16817555116217367,0.8318100793212891,1.4369511589918389e-05
1.6058275772210705e-20,6.005391686023286e-34,0.0005592958604377288,0.9994407040788317,6.073051783156414e-11
2.4774023542122843e-13,3.1936350938027203e-24,0.07912852196944313,0.920868434893326,3.0431369831488454e-06
3.1092584608929935e-24,5.837617713179641e-39,3.290634234126171e-05,0.9999670936574877,1.7092375831318256e-13
1.6568455925265988e-13,2.827613099146971e-24,0.0619891819705299,0.9380086046653324,2.213363971932534e-06
4.239068292392499e-07,1.4696717623152832e-15,0.9303712425197338,0.05460806479009344,0.015020268783342054
0.011067914704484405,3.8876294354825766e-08,0.1500381135844036,4.3777568156914824e-05,0.8388501552666606
3.0751572866882024e-07,1.08204644972206e-15,0.9171669542481592,0.07131665282819846,0.011516085407912553
1.9944781068196351e-13,2.637347133654671e-24,0.058628368478159304,0.9413687281235318,2.9033981095671837e-06
4.91437013324947e-05,0.9999508562982417,3.0854290127428694e-23,2.2067521247683757e-35,4.2595723929013623e-13
7.062908648107313e-05,4.068157371981252e-12,0.8269519364521523,0.005544928983295553,0.1674325054740031
0.15550423667802643,4.0193469175564384e-06,0.02372404836339162,1.1637470428111953e-06,0.8207665318646217
0.8802685193647413,0.11854976372584161,4.994564296769047e-09,7.349396141628033e-17,0.0011817119148526307
5.704343151752605e-05,4.959333278788501e-12,0.8532713455333866,0.00913234374519348,0.13753926728494317
1.15134364001546e-13,1.9343126010222357e-24,0.052017193848407785,0.9479811184552352,1.6876962419923482e-06
0.0066691668645353286,8.125734473697174e-09,0.2133655885296065,0.00010089326837125217,0.7798643432117525
4.897245584071876e-10,0.9999999995102755,3.5800112078062683e-38,1.0655852996271e-54,6.024900572732152e-23
1.4687383599461127e-07,0.999999853126164,1.0933683166864591e-30,6.262895357727907e-45,5.822818925269931e-18
0.952059808599654,0.04076972860247847,1.0977781579076468e-07,9.96019204071167e-15,0.007170353020041855
0.12106629751729188,3.547751639419905e-06,0.02676069230249722,8.979929561950487e-07,0.8521685644356153
0.19502646642984958,1.2162694587360227e-05,0.008369616567504384,2.0123135391617317e-07,0.7965915530767047
1.2175558665972837e-13,1.820693978846129e-24,0.06556447791131002,0.9344338234620896,1.698626478641535e-06
1.6098250242294229e-13,2.1928432833517937e-24,0.06788686375174476,0.9321110089510829,2.127297011363799e-06
5.115903250551809e-05,4.322022223048791e-12,0.8666092584059346,0.006067437937398564,0.12727214461983916
0.9629377141560022,0.032338447382601616,8.950083472353497e-08,6.064526933502134e-15,0.004723748960555262
0.8509136400786205,0.14798267937417836,8.129213451358794e-09,1.4810205225787032e-16,0.0011036724179876202
3.344273911338838e-07,1.5853236344764926e-15,0.9195424811689138,0.07045239521519527,0.01000478918849802
0.8509114131653103,0.14787955563313782,9.738575733083857e-09,3.440773727807863e-16,0.0012090214629758276
0.03041548035566385,1.7617496500884425e-07,0.09053372091688174,1.3480962718521621e-05,0.879037141589771
1.2003664551486094e-13,1.5805834233578114e-24,0.053583870406138254,0.9464149354332333,1.1941605084068088e-06
0.76320197937602,0.0003661469168223656,0.000385368462586678,1.0172781234235313e-09,0.23604650422729265
0.006510822124669313,7.519766710856511e-09,0.23075961899298392,0.00010672955908185284,0.7626228218034983
2.0383083647697822e-10,4.61171818431462e-20,0.4424435388018421,0.557386240605805,0.00017022038852210566
0.001022648777885163,4.610636564737458e-10,0.5964098929425027,0.0010675692819441952,0.40149988853660423
5.180480323297963e-10,1.0477350231553959e-19,0.47955044227719995,0.5200682633712268,0.0003812938335252922
2.7117921157497893e-31,1.9777711483838285e-48,2.0123277698959393e-07,0.999999798767223,7.132566829154646e-18
0.0009631678671617186,0.999036831915044,2.3741049365226304e-19,5.371179357246719e-30,2.1779424909996997e-10
0.017272579326198297,0.9827273592699771,1.5661002326028248e-15,2.2611321739713567e-25,6.140382319123827e-08
1.5018726765988014e-17,1.0440629962234367e-29,0.003098147240370036,0.996901849225222,3.5344079553398547e-09
1.1218068233014578e-27,1.2421579060395427e-43,3.0535592284988005e-06,0.9999969464407702,1.2842635688499215e-15
0.13509515574820058,3.436429996937362e-06,0.023474034225518907,1.328671099242429e-06,0.8414260449251844
0.01739435512043981,0.9826055836031845,1.3158621905135998e-15,1.5409858601848855e-25,6.127637424524868e-08
4.614968945632419e-05,0.9999538503098687,4.2641746796313216e-23,2.525065970074399e-35,6.750039489656285e-13
7.462257730445299e-15,2.462104953986464e-26,0.02634926550859813,0.9736504595913988,2.748999956444774e-07
0.8892841108377006,0.10982127150416629,3.002606714367471e-09,5.1521654797323306e-17,0.0008946146555262967
0.0008786373717004861,0.9991213624419301,2.037520795673976e-19,2.1536458040032196e-30,1.8636946740974452e-10
1.4453694320301707e-20,4.999578469084854e-34,0.0006397170688858636,0.999360282861233,6.988107191218187e-11
6.637755269258471e-05,5.128362027211984e-12,0.8697992507032075,0.004445881477052506,0.12568849026191914
3.2945499686761563e-10,6.418956869498296e-20,0.3892235077629495,0.6106148059618348,0.00016168594576059748
1.1932555702794936e-05,3.130692879645639e-13,0.9168903991184599,0.012151886660203847,0.07094578166532038
1.423256776373287e-08,1.5421455149812096e-17,0.8150398517076409,0.183162069964791,0.0017980640950001387
2.5785606543505706e-07,7.750486024838852e-16,0.9102357165168173,0.07834861556481348,0.011415410062302896
3.2510148883110437e-10,8.851724948552923e-20,0.4434625725733344,0.5562924792015281,0.00024494790003590965
2.578427165155416e-08,4.493263937255388e-17,0.855040741397374,0.14269701067301252,0.0022622221453417126
0.21944084808589015,0.7805443127510521,5.469638027863006e-12,6.615032810054561e-21,1.4839157588111858e-05
0.0009627901208619446,0.9990372096678216,2.1483691295291153e-19,1.4052423458725599e-30,2.1131638416583372e-10
0.9747943507288882,0.007573005942816553,1.6688459972912672e-06,4.206111043010937e-13,0.017630974481877427
3.1430297075224572e-06,0.9999968569702907,8.375430631946798e-27,4.4218718079088165e-40,1.8600130994544047e-15
0.8929015827324448,0.0022646778102400427,2.8765848466346033e-05,2.1878497327939943e-11,0.1048049735869705
3.024168594209322e-40,1.4340918363657444e-60,3.513694747577168e-10,0.9999999996486306,8.051621768681508e-24
0.005667396752818969,7.2904004098050355e-09,0.32705485508522825,0.0002683799123931201,0.6670093609591592
0.855480858779785,0.14369894145008968,5.20648468252964e-09,1.0491518132183442e-16,0.0008201945636403745
2.3780663489098567e-07,9.346355310223272e-16,0.9253098939041989,0.06762033396945653,0.00706953431970872
0.27142777968564824,0.7285517893657638,6.194546866776747e-12,8.827561410762233e-21,2.0430942393418848e-05
4.0638041312486175e-06,0.9999959361958659,9.411073053851292e-27,5.829068886569044e-40,2.9530865986919923e-15
0.005941012819512818,7.051371717188111e-09,0.3417994018661004,0.0002172532923619727,0.6520423249706531
0.0008799657780724026,0.9991200340387265,2.3928229021234926e-19,1.6772837968017835e-30,1.832010526314254e-10
0.020334520504474488,0.9796653949375236,1.5992707484026546e-15,2.423231531411273e-25,8.455800051702576e-08
3.94461836501388e-10,1.0234174088906017e-19,0.46099071117652196,0.5387923597319564,0.00021692869705970894
7.233286652912491e-13,2.2614685504139484e-23,0.09618706323326387,0.9038070292704079,5.907495604786108e-06
1.3552839505485827e-13,1.8396331177080055e-24,0.07085526821349261,0.9291427010195511,2.0307668206018504e-06
1.0911298153452878e-06,1.2964925212543728e-14,0.95799307183358,0.025153152992212782,0.016852684044378827
0.00036151128975724214,8.071192617747568e-11,0.682443882075309,0.0029181399483671233,0.3142764666058546
0.24575075828822143,0.7542263647884164,3.768628202888923e-12,1.791621197285895e-20,2.287691959351771e-05
5.519033107250884e-17,4.0654119738200126e-29,0.006121152003002074,0.9938788359839025,1.2013095434415791e-08
1.7360634925970697e-07,7.456684885190285e-16,0.8884868105707728,0.10459251084366579,0.006920504979211208
0.7301580540994862,0.00032978797299062867,0.0004335592793169509,2.407769020176338e-09,0.26907859624043706
0.12745290487345692,3.7816052764887486e-06,0.015534724193579427,6.824875489284496e-07,0.8570079068401382
0.0010131928160872373,0.9989868069947506,1.772301664598599e-19,1.5632491237750117e-30,1.8916200315249633e-10
0.9129219648756528,0.0018064050825310326,2.9379654503124618e-05,2.6387327205896154e-11,0.08524225036092556
2.4310362308190985e-07,1.1243679302119187e-15,0.8962745140515621,0.09441787441358168,0.009307368431231915
1.739638687254591e-07,7.313013928209562e-16,0.8815513167161793,0.1108920423008924,0.00755646701905892
4.768008158763268e-05,3.06798502344946e-12,0.8353232166406276,0.005255034539048862,0.1593740687356679
8.363722942689526e-09,0.9999999916362771,2.2831077223431087e-34,6.602595417551965e-50,1.605732472105284e-20
0.8849451373726596,0.11381477954438628,3.920450760986689e-09,2.550183879256452e-16,0.0012400791625032926
0.248776632367248,0.7512002309376756,4.8004684058885416e-12,7.796009750132944e-21,2.3136690275887685e-05
0.6992117430720101,0.00036935843260774257,0.0004516073261308609,1.5309525825046149e-09,0.29996728963829866
1.9762068385918083e-13,2.6491904943236052e-24,0.08834368965502186,0.9116537854520308,2.5248927495907335e-06
3.495713993809971e-15,0.9999999999999964,5.19813394913734e-53,8.284721777901613e-74,5.070519820120432e-33
0.000800664967144419,1.0035881798546912e-10,0.4714918050067106,0.0007500285013466551,0.5269575014244395
0.1453363545305062,4.9835907987457955e-06,0.01650558438411261,5.800743571371784e-07,0.8381524974202252
0.00014493827151249416,2.337759081164673e-11,0.8421338665985927,0.005077635529083862,0.15264355957743325
0.004391401267587269,5.8314892693641756e-09,0.40367630547828853,0.0003851021196227706,0.5915471853030122
0.005611057232198595,9.42252402187716e-09,0.2782375866303481,0.0001409672309844353,0.7160103794839449
4.054866935290452e-05,0.9999594513301041,3.190809767190361e-23,4.961136653605808e-35,5.429624419137734e-13
6.329610188479315e-05,5.677183488099366e-12,0.8183118970186242,0.006004221710860657,0.17562058516295329
0.005703062377383966,1.1107013286403519e-08,0.2529133274696447,0.00013643663379391569,0.7412471624121642
0.0069516872126560315,9.705623657597448e-09,0.3327494529725985,0.0001469549544732447,0.6601518951546486
2.0785159882990506e-17,1.4383213894016378e-29,0.0038957698536533068,0.9961042245625449,5.583801579670054e-09
2.757461319168929e-11,0.9999999999724254,9.41230709374244e-42,1.9827774641703635e-59,1.872060741176199e-25
0.5951590710547007,0.4046874037905303,2.3008298924672937e-10,1.412731629404975e-18,0.00015352492468597044
0.111865682658795,2.126606676740651e-06,0.01876527503050596,8.988730337685492e-07,0.8693660168309886
0.0008012813103274536,3.8376569298022663e-10,0.5838391764659656,0.0008531050690731871,0.414506436770868
0.007826101621315099,1.084177722237212e-08,0.2607231272996783,0.00011350843273192826,0.7313372518044975
0.001101395478312497,0.9988986042644498,2.0719100592036383e-19,1.2885787501397733e-30,2.5723770471518263e-10
0.11897732368933568,2.6210539777109935e-06,0.014294830501656766,4.616054139774286e-07,0.8667247631496159
1.3874825589284397e-20,4.874097565801548e-34,0.00043365495458944965,0.9995663449929703,5.244022732720796e-11
9.062286804511047e-05,7.90908010820647e-12,0.8463907984466029,0.004585774376154525,0.14893280430128839
0.6614311963196672,0.0003831299530372791,0.0003722462872822816,1.3035259792019316e-09,0.3378134261364871
0.04560034453297318,2.749724065071098e-07,0.048677767616491986,4.032055155470144e-06,0.9057175808229729
1.7886004288614948e-07,6.922719781219233e-16,0.8928682974472604,0.10073003303876181,0.006401490653934274
5.752426337126759e-17,4.501530602808094e-29,0.006826444825034225,0.9931735420289077,1.3146057937714995e-08
0.0010003392846952494,0.9989996604838544,4.290053399142096e-19,5.2202262662746486e-30,2.3145038293422765e-10
9.77537037084808e-21,3.2917013601261516e-34,0.000384351660236866,0.9996156483047168,3.50462847594969e-11
3.360504659459508e-17,2.467509845209126e-29,0.004496479831418189,0.9955035107398279,9.428753939940752e-09
0.9709257565875301,0.007322198366284792,1.1711939988453157e-06,2.4192837058938743e-13,0.021750873851944276
8.806624613720341e-06,2.497182098565571e-13,0.9352295845930273,0.014885409645500237,0.04987619913660878
4.7873513450657026e-05,0.9999521264859916,3.118610449176815e-23,1.7099150143097205e-35,5.577045741156486e-13
9.778021595028993e-28,8.76522779359846e-44,2.212885119635151e-06,0.999997787114879,1.3340127999519598e-15
0.790561657403707,0.0003968400645631875,0.000402427409605203,1.3225434918856272e-09,0.20863907379958116
0.12482936176516216,3.1324623743575514e-06,0.02568144851446317,1.4906153591716511e-06,0.8494845666426412
0.9736695651138159,0.010084860307279855,1.650895779639769e-06,3.5533673627508386e-13,0.016243923682769376
4.5883621319778905e-05,3.979724035302149e-12,0.8843861861967043,0.00427401834930426,0.11129391182869186
1.235481494980467e-13,1.2522239688177448e-24,0.04796744661113203,0.9520311913779308,1.362010813620717e-06
0.6852975437650729,0.00038828862998096505,0.00031074348388500204,9.45736451478421e-10,0.3140034231753248
0.714086032648416,0.0003404321832586935,0.0004375638053097203,1.1353840577824408e-09,0.2851359702276317
0.6025362625069612,0.397309602308243,2.693779518798607e-10,2.3063529918333053e-18,0.00015413491541772174
1.9389594245407275e-25,1.3789021962777416e-40,1.4596208396002785e-05,0.9999854037915761,2.8061520674196956e-14
0.03958804920542712,2.3086000446549998e-07,0.09339920873956377,1.0449017411369343e-05,0.8670020621775933
7.006891923229963e-17,4.239124832573249e-29,0.006166975507742532,0.9938330117459273,1.2746330145664903e-08
0.0738625468931905,0.9261362935286014,7.843667663272065e-14,2.97530158322013e-23,1.159578129875861e-06
1.2422007416840496e-13,1.5786926359045304e-24,0.04801592195688381,0.9519826855975141,1.3924454777129094e-06
0.7681506892252109,0.00036509286074811777,0.0003743794701502044,1.071465787651997e-09,0.23110983737242505
0.03656031281407662,1.9990664920801892e-07,0.11222974533553765,2.1326542922832633e-05,0.8511884154008137
0.9732275791651543,0.008624813680034484,2.020353174090248e-06,7.099262568380528e-13,0.018145586800927115
3.0042748125981744e-31,1.9211390605548284e-48,2.383460668283085e-07,0.9999997616539331,6.427220229355183e-18
0.017316785534794713,6.970331501482624e-08,0.14889929425144524,2.7856130482894962e-05,0.8337559943799622
0.8520123379990234,0.14699393372893893,5.770074370748042e-09,1.03754271477772e-16,0.0009937225019629756
0.9502366667659418,0.0466034031600309,2.9597174756640724e-08,1.0841785459979833e-15,0.003159900476851451
1.7956545651246607e-22,1.830011633023542e-36,0.00015561225154148029,0.999844387745417,3.041562830640083e-12
0.18664711934570447,1.3969527937613276e-05,0.011630100847765635,2.5892926256517074e-07,0.8017085513493297
9.172883593905386e-09,1.107881212711548e-17,0.7234676614079159,0.27474737117076153,0.0017849582484388614
0.001673236839827326,9.078368819401422e-10,0.48515908825721865,0.0005102313538638196,0.5126574426412533
2.567510993040881e-07,2.0592232490430997e-15,0.941277322542915,0.04747421967509436,0.01124820103088914
1.2113926688925888e-34,3.8717895430682814e-53,2.2741895247674736e-08,0.9999999772581049,3.583594131893362e-20
0.5165816274716625,9.598805781746043e-05,0.0023003106535405275,1.6153211201787508e-08,0.4810220576637683
0.22868078162540414,0.7712967090102493,6.769531968456683e-12,1.1532307189515596e-20,2.250935757708424e-05
1.6549266050607097e-07,7.088662586828063e-16,0.9200114948272278,0.07281332515123541,0.007175014528875785
0.04500281535541001,4.749731178434646e-07,0.061329785166074645,7.3980456340866645e-06,0.8936595264597633
6.731391102663954e-05,5.324074948017001e-12,0.8777188765850914,0.005732786934479712,0.11648102256407808
0.04613300188327397,3.3868351293081906e-07,0.04314369561188022,4.803394346501446e-06,0.9107181604269863
3.466837416421197e-06,6.107289534504055e-14,0.936443444369159,0.033504833164430446,0.030048255628933023
0.7563243291887405,0.0003985232445893814,0.00039725128043994096,1.0925612501554882e-09,0.24287989519366887
6.0203461435522895e-05,4.14553515007215e-12,0.871713548995821,0.01010235401617909,0.11812389352241895
3.1200186697916176e-06,5.554817890841455e-14,0.950705150760049,0.024186911439584045,0.02510481778164142
0.005613371301721072,9.398467992058093e-09,0.26353596497154985,0.00016114091993823764,0.7306895134083229
7.980423668401222e-24,1.4013517596275925e-38,4.0025090418498654e-05,0.9999599749092032,3.783953620051679e-13
0.8364316642808499,0.16230071196599763,4.979983692394506e-09,8.659504084816943e-17,0.0012676187731688049
4.439813733416322e-06,8.265899514186723e-14,0.9517198833097198,0.013422455720212237,0.03485322115625192
0.005928509809035534,8.963523854135158e-09,0.3296402909151868,0.00013102427899868408,0.6643001660332551
7.955122641022477e-28,9.79035159236191e-44,3.043556609026083e-06,0.9999969564433899,1.0987391277467543e-15
0.02062075570968943,0.9793791820253976,1.775672811152743e-15,2.154502103054148e-25,6.22649112821461e-08
0.7351781696370845,0.00037954168406485473,0.0004819941411192085,1.7109570356864865e-09,0.2639602928267744
3.718220838721087e-05,2.680609322781937e-12,0.8889981518796017,0.010317387847573892,0.10064727806175654
1.0390573144650268e-16,5.849745634445363e-29,0.006336810472045015,0.9936631728564242,1.6671530476825367e-08
0.7075040500378441,0.00036586236752193726,0.0005706473200740711,1.8378647855365793e-09,0.2915594384366951
0.6638549093911016,0.00039578335341186377,0.00038595380717585255,1.2614334747447194e-09,0.33536335218687713
0.8777210602531444,0.121361109084946,5.412299039735774e-09,1.5976581158318846e-16,0.0009178252496102425
1.9271280536939042e-05,6.490591143124015e-13,0.9166326876370834,0.010390052417159493,0.07295798866457091
0.006344632025865993,8.5271968830726e-09,0.3004782868099065,0.00017138178002878355,0.6930056908570019
0.03551284557450807,2.081406899076427e-07,0.08777766146395097,1.3314197882723294e-05,0.8766959706229682
0.8215829532413222,0.1773103144079488,5.665006962817289e-09,1.4700737922914864e-16,0.0011067266857217684
0.000783742701197791,2.5590549017989867e-10,0.4975027525111625,0.001090923665319148,0.5006225808664152
6.028851678462997e-35,1.5336356177947337e-53,1.4968463185107047e-08,0.9999999850315369,2.6448304635313046e-20
0.14236676864315112,3.3539135491525884e-06,0.012738321170841123,3.0073105826463225e-07,0.8448912555414003
0.0008904678415082759,0.9991095319018102,2.0596201022051445e-19,2.0691532934299524e-30,2.566816054066329e-10
1.4494244067824146e-20,5.272105204043296e-34,0.00043357478935414535,0.9995664251674572,4.318877739965222e-11
0.11939877172261827,2.8212375813186466e-06,0.02569740303160153,1.2641833312827666e-06,0.8548997398248677
1.6302257198566762e-07,7.818904163018854e-16,0.9172692251992915,0.07681537041639311,0.005915241361742544
0.8385746763854055,0.16041242711651865,5.65211617462399e-09,8.556495218144548e-17,0.0010128908459597166
6.152509249337738e-05,4.2080897843363496e-12,0.8663930128661277,0.008906671312127462,0.12463879072504323
0.3930198206662424,0.6069559741898639,7.306923462480704e-12,1.1568095610809658e-20,2.420513658672006e-05
0.5444660495390758,9.28543450946159e-05,0.0017699128540537427,1.2958114890139924e-08,0.45367117030366083
3.0082985118925735e-07,1.0621366102958068e-15,0.9188036758517434,0.06909766779777773,0.01209835552062645
0.2507836539706574,1.6821519328655163e-05,0.007060444259826676,1.3097420024126622e-07,0.742138949275987
0.001476929846839829,6.542040951111741e-10,0.4509371990897495,0.0005254077203204456,0.5470604626888861
8.376063654259e-09,0.9999999916239365,2.6047842832909276e-34,1.076144579698011e-49,1.448405141601055e-20
0.01732818807277822,0.9826717372922247,1.0814810025853666e-15,1.2367973863731016e-25,7.463499600275928e-08
7.766955732301366e-08,0.9999999223304425,4.068249989442843e-31,6.75032058858655e-45,4.519939546159785e-18
0.2764891541547324,0.7234921408354235,4.985744060661315e-12,6.0764606537610115e-21,1.8705004858447227e-05
0.4593050496215685,5.587898646006849e-05,0.0015881380251253222,9.005191164528019e-09,0.5390509243616549
0.8499163018939898,0.14960012604489512,1.5886618161719413e-09,2.4179838319454257e-17,0.00048357047245335514
0.005795725541846584,6.252313064398276e-09,0.21491964952213535,0.00011115829224778673,0.7791734603914573
1.3999374410060269e-13,2.1460705732626024e-24,0.07580297995485288,0.9241952787722193,1.7412727876194202e-06
4.825686477148938e-10,5.420517703710746e-20,0.49468446939939903,0.5050201572260788,0.00029537289195337316
2.797572266407243e-20,1.009241970716822e-33,0.0006237417487348922,0.999376258173693,7.757213119850258e-11
0.8255470712485854,0.17345416110325537,5.087985012456997e-09,1.0448382878139765e-16,0.0009987625601739923
0.129200324996608,3.200145189887916e-06,0.020076096323181986,8.038308951899131e-07,0.850719574704125
0.12712976252654912,3.4786308549080692e-06,0.02323970705028517,6.85154943697724e-07,0.8496263666373671
0.6889701934978505,0.00024556372338693365,0.00040467999310350657,1.709849155878664e-09,0.31037956107581
1.1269454924995187e-20,4.260480488693989e-34,0.00034890461028917226,0.9996510953501792,3.953165679719891e-11
0.0013016074828389828,0.9986983922060787,4.0670987821385305e-19,5.499291274808105e-30,3.110822499366893e-10
0.0009188815085068148,0.9990811183357067,2.7667051503347533e-19,3.3632494409957244e-30,1.5578656706582846e-10
0.12796751287029542,3.100275418018324e-06,0.021219370537682046,1.0279817815518797e-06,0.850808988334823
0.005396878989204594,8.111193062196856e-09,0.32857763052676764,0.00014646226916125473,0.6658790201036735
0.8824181541198236,0.1163319319934833,5.894757521448684e-09,1.0043423011554855e-16,0.00124990799193547
0.8653015501535912,0.1337704194115267,4.107107235752652e-09,6.317152533499224e-17,0.0009280263277748165
9.198657124305502e-21,3.959352004321624e-34,0.00028943976575922475,0.9997105601920954,4.214533363524152e-11
0.0048967369001517965,8.035152900382782e-09,0.2118622650487825,0.00014669805680679477,0.783094291959106
6.224639824282664e-17,3.325685886970833e-29,0.005495241693721476,0.9945047453557403,1.2950538092053201e-08
0.6859997073372861,0.0001961227048706998,0.000279277614219392,7.12528144488955e-10,0.31352489163109565
0.2789629861631926,0.721017657602138,4.775702031238397e-12,6.500550692521727e-21,1.9356229893703164e-05
0.005227705444753763,7.404871792955871e-09,0.3373423543964303,0.00015751635277852155,0.6572724164011657
0.11748781812423599,2.595304256857703e-06,0.018884288516260013,6.979634050350785e-07,0.863624600091842
7.97222388698036e-19,1.4251644861287791e-31,0.0015133183186910976,0.9984866807745844,9.06724553899224e-10
0.005436705496927724,8.821527975708665e-09,0.31913102546058114,0.00013898372735914762,0.675293276493604
1.516733575823196e-07,0.9999998483266425,1.2187095039876176e-30,4.4579593717936756e-45,5.445867009552454e-18
4.6862173024169265e-05,3.662809723124098e-12,0.8835781220911867,0.011998696250882382,0.10437631948124386
0.2117771390663004,0.7882098617414423,3.597151387903329e-12,4.747494993944236e-21,1.299918866027278e-05
0.151701531901212,3.687662291562759e-06,0.023468429012487916,1.002656510717028e-06,0.8248253487674979
4.0524485048607964e-10,8.811417099382085e-20,0.4682684666886957,0.5314453173097795,0.0002862155962799508
0.9511448438940833,0.04367789187785043,1.1313879212925628e-07,5.459374811167281e-15,0.005177151089268828
1.7393083091489448e-13,1.934613890527108e-24,0.055109136327788764,0.9448890748619376,1.7888100995913571e-06
0.7330614289481275,0.0003153200187329416,0.0003176088914028053,1.060310204807894e-09,0.2663056410814265
4.686244178259542e-09,4.354654894661298e-18,0.6351936733864042,0.3640410067976427,0.0007653151297087768
0.7577976987248266,0.00039164061877774856,0.00043920315132697904,1.3539128118751775e-09,0.24137145615115585
0.9246730160833967,0.0022388794991618174,3.322864851757189e-05,2.943575885806418e-11,0.07305487573948823
0.000926906466648994,0.999073093334074,2.312888680473168e-19,1.9622113455553653e-30,1.992768533388834e-10
3.0676427030776006e-07,1.4785134133121106e-15,0.9136930838970933,0.07653785863604771,0.009768750702587212
0.0013321299062831191,0.9986678697923526,2.5093821336943483e-19,2.3453891222916417e-30,3.013642927929664e-10
3.078651286916319e-24,6.770966247742146e-39,2.789898662920975e-05,0.9999721010131666,2.0427982836887e-13
4.765954487945884e-17,3.8160440015774386e-29,0.005210528643651823,0.9947894614138991,9.942449048926572e-09
0.9712552153255465,0.008251765004955879,1.6604667210417764e-06,4.87523538543081e-13,0.020491359202289002
5.200721771440632e-05,4.486769023686042e-12,0.8706419736059359,0.00681102300160914,0.12249499617025392
0.10841626751926149,2.4894836171473653e-06,0.01487006850921324,5.101329660225408e-07,0.876710664354942
0.0008217586146319378,0.9991782411644795,1.86745560561723e-19,1.808974481411592e-30,2.2088866712729228e-10
0.005630897229167637,9.978371794818305e-09,0.2629397496673806,0.00018158824597784375,0.7312477548791021
3.348272468301945e-24,7.094156034534584e-39,3.357551972404462e-05,0.9999664244800232,2.528298425298348e-13
0.26484592071233076,0.7351332257448353,4.309592993647436e-12,7.266468892476097e-21,2.085353852425386e-05
1.051469469413166e-20,4.1225302244290526e-34,0.0004205474824820846,0.9995794524757209,4.1797042363928107e-11
0.0008577208099495736,2.509431774872524e-10,0.6476844457288887,0.0014332253984918975,0.35002460781172656
0.018741167571253617,0.9812587649197472,2.119788809880993e-15,3.3816587816358533e-25,6.75089968856036e-08
0.8787885408037561,0.12012977183529984,3.972910915482816e-09,5.999681038143511e-17,0.0010816833880332377
0.005330041569207694,7.298366718723232e-09,0.3078085531391194,0.00013484250807792092,0.6867265554852282
0.8424266460721002,0.1562323830086681,5.219631792171863e-09,1.2179998119814537e-16,0.0013409656995996913
0.8572416290669896,0.14163149882943948,6.210572010634739e-09,1.256608510835516e-16,0.0011268658929985027
0.9730269125278124,0.008847581453066019,1.899342233829555e-06,4.3497109289206026e-13,0.01812360667645285
0.12600231431038825,2.4080270996001087e-06,0.01814340607943232,8.157144600086085e-07,0.8558510558686199
0.12363492612655669,3.15035647758296e-06,0.01818787120046962,6.785501468969263e-07,0.8581733737663493
0.03352715691660765,2.126781006425525e-07,0.09078859366625024,1.0501979398517104e-05,0.875673534759643
0.0049405397282081985,7.803055729911528e-09,0.35425892754083776,0.00021972241336907556,0.6405808025145293
7.111658433623194e-05,6.712697536534339e-12,0.8283188885102104,0.0051859348539978695,0.16642406004474283
2.1802962512201485e-07,1.0343355590676388e-15,0.906424182156682,0.0824686140924048,0.01110698572128702
2.817909869176994e-11,0.999999999971821,7.226483071024473e-42,2.060189737021016e-59,1.3994594747690073e-25
2.917073226394576e-06,0.9999970829267716,1.1937550569370086e-26,1.1436434733296601e-39,2.0343975551722984e-15
0.41908941263094296,4.593327931193792e-05,0.0033792114246685356,3.2642843637382336e-08,0.577485410022233
0.7698754093034693,0.0003910058041567394,0.0002988597695439131,7.627581766851902e-10,0.22943472436007195
0.0010329245299650154,0.9989670752490288,2.632159142392993e-19,2.0295071457442153e-30,2.2100610676393256e-10
3.398212502652122e-26,1.9054234514006031e-41,6.951159241010694e-06,0.9999930488407482,1.0670949078494954e-14
0.3939259185640676,4.553678192336897e-05,0.002980856161357027,3.2247238542503414e-08,0.6030476562454136
0.8039205686027537,0.0004977665163360108,0.0002290023597071922,6.558552131826533e-10,0.19535266186534783
0.017607634707298522,0.9823922857613552,1.3112755945954545e-15,1.6031424679568309e-25,7.953134506338455e-08
1.538347133446129e-13,1.9263382937354458e-24,0.06409760735621944,0.9359007075252689,1.685118357844034e-06
0.9212198992701818,0.07668589078717726,2.2483997343852264e-08,8.425294372112449e-16,0.002094187458642706
1.685605288011651e-06,0.9999983143947098,3.104452392097756e-27,7.04137269569621e-40,2.2821929240139806e-15
0.11271679245617845,2.913198557419489e-06,0.030800286689327345,1.9457092486273396e-06,0.8564780619466883
0.0005273894231166967,1.9210854501307243e-10,0.6646425173717206,0.0013677659377676398,0.3334623270752865
3.702091900459365e-42,3.5408879278183056e-63,7.589075642708432e-11,0.9999999999241092,4.313721926851453e-25
1.6498960799777188e-07,7.728146475960857e-16,0.8834510252675941,0.11051274147910312,0.0060360682636939915
0.2638884869052494,0.7360937278040615,6.547943681408279e-12,9.782044692589567e-21,1.778528414108108e-05
0.0066640377981464745,1.0461865363162591e-08,0.3082163704774119,0.00015986178354489953,0.6849597194790313
8.480558140255977e-28,9.461803877878997e-44,2.8238327182506267e-06,0.9999971761672808,9.328619263793633e-16
5.022891060840788e-17,3.33893335197818e-29,0.005873518847343643,0.9941264715053648,9.64729144340394e-09
0.8552039533177579,0.14393733329238464,5.099746755785248e-09,1.2203355163017032e-16,0.0008587082901105168
0.731914548409076,0.00040931749633707075,0.0003815631827636569,1.240441778563152e-09,0.26729456967138127
1.4899830456661156e-07,0.9999998510016954,2.1027142733211063e-30,8.273975810871022e-45,6.5442288429504894e-18
0.13824525165059623,3.3375784768066768e-06,0.02458127448143295,1.2902960517669567e-06,0.8371688459934422
1.9074465045960915e-38,3.447502052058475e-58,1.3402150702085623e-09,0.999999998659785,1.0540551385937367e-22
0.9685443652749246,0.008366393671993945,2.7980740944121224e-06,7.264587624281661e-13,0.0230864429782606
0.8877837878994315,0.11112064414566707,4.2120632739816206e-09,6.48020789899144e-17,0.0010955637428382104
0.016861372689205626,0.9831385724927567,1.454064345954897e-15,1.5665030051564263e-25,5.4818036148433206e-08
0.7917168982056106,0.00033427746271944036,0.0003412733620296467,1.3539611819054393e-09,0.20760754961567895
0.11038749517988368,4.061036405595975e-06,0.020160331231125508,1.0316544611720933e-06,0.869447080898124
0.018108316813302456,0.9818916142677834,1.0482026924281368e-15,1.0574673239657436e-25,6.891891322495903e-08
3.1194565405911987e-13,3.3229422370110414e-24,0.07390034485913684,0.9260956134811702,4.041659380954348e-06
0.23288352430173304,0.7670983175366733,5.750271838465669e-12,8.642988452275433e-21,1.8158155843385276e-05
2.283077010929214e-10,5.245486961107873e-20,0.432212515878195,0.5676485430121977,0.00013894088129957457
3.7049925323768314e-11,0.9999999999629501,1.758148138471827e-41,2.7578935033929883e-59,2.8997333539944087e-25
0.0018709099032419429,0.9981290897662011,3.0619455844190736e-19,3.415425853215653e-30,3.3055698716301284e-10
0.0072657795221716765,9.927167701498033e-09,0.2908372878140004,0.00016929004602348355,0.7017276326906368
0.8951755004371827,0.10364414865505919,4.608704615891562e-09,1.0247002291802512e-16,0.0011803462990532846
0.28984528643011365,0.7101338989164926,5.798185682429412e-12,6.528026970291118e-21,2.0814647595504153e-05
0.00600388706606886,9.796555297198978e-09,0.2700802865759154,0.0001213095269700262,0.7237945070344904
3.0034731376926173e-10,6.80562163140326e-20,0.4231503858669793,0.5766642453182131,0.00018536851446030752
2.6536271095773625e-18,7.535859978864376e-31,0.002389990762105723,0.9976100077262071,1.5116871145131658e-09
0.7332524967930175,0.0003352012184090671,0.00036282037961956443,9.565824020847685e-10,0.2660494806523714
0.11406179183243588,3.5434502713272564e-06,0.01929103044664933,9.386172388118715e-07,0.8666426956534047
6.66245248236332e-05,5.33608234090689e-12,0.8738879778971402,0.00477147769400705,0.12127391987869313
0.1114483468555672,3.1740134247760258e-06,0.020516708565805387,8.906726473500376e-07,0.8680308798925552
0.0008718321366691577,2.32425329835814e-10,0.5475152435819148,0.0009788502335242723,0.4506340738154665
0.23355684771870328,0.7664294516448774,5.653278871430997e-12,8.781333737602273e-21,1.3700630766216569e-05
0.0017011125831846185,7.553294559226114e-10,0.43118814255893556,0.0003826971298950934,0.5667280469726553
3.614645012244179e-35,1.4865774874878237e-53,1.250787550930202e-08,0.9999999874921245,2.133248512023632e-20
0.11319152209221404,2.632135936383027e-06,0.017321664596837007,6.130863921711065e-07,0.8694835680886204
4.493521634776854e-05,4.145407183921028e-12,0.8930260626270873,0.004679842114430618,0.10224916003798892
1.6327754983944039e-13,2.0424857103761905e-24,0.07004865341694029,0.9299496847053006,1.661877595651983e-06
0.0010467963847702018,0.9989532033719045,4.2573737111827715e-19,6.631077349543283e-30,2.4332517870567664e-10
0.017917238801170875,0.9820826893965775,1.3608200880437903e-15,1.5127002144181312e-25,7.18022502412322e-08
2.7759769793406275e-10,6.923945653516113e-20,0.46924904151073393,0.5305466019820602,0.00020435622960816242
0.00795080759472419,9.018466167021164e-09,0.2572584100773184,0.0001759490058735682,0.7346148243036177
8.294125998936374e-05,6.183347631311273e-12,0.8362352559118011,0.005489868554461254,0.15819193426756492
9.262223189239114e-09,0.9999999907377769,3.986399936438543e-34,1.5314337676737976e-49,1.7766733599034014e-20
0.9207813026601273,0.001876914303869868,2.653645122492076e-05,2.406454899354238e-11,0.07731524656071338
0.06804659281277176,0.9319522946190096,8.441063705818951e-14,3.4642258735829483e-23,1.1125681342765855e-06
0.0052667535289524165,9.25916585469671e-09,0.3322280827287145,0.00012245585982605602,0.6623826986233413
2.621438782738709e-07,7.469269006819207e-16,0.8896489376197793,0.0994609586114731,0.010889841624868597
0.8728288032549483,0.12639283940170265,4.019461308201662e-09,6.141939090095059e-17,0.0007783533238879096
0.11131163444541393,2.2680927328817306e-06,0.01546955258790627,7.254964232472963e-07,0.8732158193775237
0.8648811939050531,0.13375318421429566,6.471608301335318e-09,1.392028784013098e-16,0.0013656154090427636
0.004958785039731526,0.9950412098597657,1.8943588307485027e-17,6.740107418918206e-28,5.100502572518525e-09
0.04250351832168202,5.05328526874495e-07,0.03918147129200151,3.4197146709282843e-06,0.9183110853431187
7.550589936485379e-05,2.7542407244896136e-12,0.8233008601392852,0.004870920500483617,0.17175271345811222
4.597715854437366e-17,3.406344282245375e-29,0.0055419547236424975,0.9944580348871158,1.0389241692692288e-08
4.964649263400014e-17,3.2668719855657286e-29,0.005242716907355157,0.99475727261918,1.0473464859876297e-08
0.8809215947238654,0.11791483935597045,5.710887668440175e-09,1.217530832705412e-16,0.0011635602092762765
7.630936970122807e-17,5.0205357531475314e-29,0.005840472319629882,0.994159512637468,1.5042901897164188e-08
2.7339240634181144e-07,1.1219496826269623e-15,0.9093043069251013,0.08202907366254215,0.008666346019948914
1.550991929107648e-10,3.023006000460949e-20,0.29428892426339287,0.7055916831007247,0.0001193924807831645
0.24579973090371685,0.7541810872195395,2.9474245983927156e-12,8.491299409131638e-21,1.918187379629376e-05
0.1596667651895916,2.9542686154598394e-06,0.02374040269222661,1.7802036266585837e-06,0.8165880976459396
9.029652023246223e-21,3.2541706496518753e-34,0.0003456315879602462,0.9996543683803503,3.168940990871543e-11
0.00034626200810131965,6.908330389962691e-11,0.709435691355918,0.001895909249068859,0.2883221373178285
0.9462257759442214,0.05106721455185128,3.1767594555862936e-08,1.3955497007386227e-15,0.002706977736331428
0.877938772744786,0.12114425574689185,5.730468733774052e-09,1.9231676742239376e-16,0.0009169657778531357
0.03154797653967657,2.2123407169338107e-07,0.11701874689436256,1.2234049376547137e-05,0.8514208212825126
1.262938468410989e-22,9.659163193330193e-37,8.529106052431776e-05,0.999914708937556,1.9196688095550098e-12
1.4157314021012253e-11,6.85774431092834e-22,0.2259480573366377,0.7740158770565297,3.606559267529411e-05
3.7705321659330703e-10,8.553523335362144e-20,0.4795225796162652,0.5202157445370549,0.00026167546962664915
0.7148961056050824,0.0003702519816152213,0.000540329552905595,2.342749610526269e-09,0.28419331051764707
1.2258933961688857e-08,1.3166512156411966e-17,0.8006550275361654,0.19763458923462393,0.0017103709702767193
6.841657500306921e-10,1.6546980869469452e-19,0.5920474717250271,0.40761196095584756,0.000340566634959572
0.028071253648310885,1.9574632181211413e-07,0.09297118270248243,1.8183080167366095e-05,0.8789391848227175
0.8501456033000703,0.14837642506734147,5.836249755504422e-09,1.4452293398944033e-16,0.0014779657963384341
0.8648936200017023,0.13420481859543917,5.98217376131901e-09,1.01583316950749e-16,0.0009015554206847585
2.3584464602890634e-07,9.259537481360865e-16,0.905632652400239,0.08538535541070796,0.008981756344405996
0.019260585303568716,0.9807393501600796,1.700576062876395e-15,2.610608137146512e-25,6.453634987551375e-08
0.005115121782752268,8.435082429812943e-09,0.3496219849126252,0.00017449923611896463,0.6450883856334212
6.568080616087006e-29,2.7303091683782508e-45,1.1562277710788237e-06,0.9999988437722286,1.51514092562626e-16
0.11623505704473706,2.2598174198428157e-06,0.017138607878338537,7.697056419790122e-07,0.8666233055538627
0.009882401651316462,1.1967508646592489e-08,0.1395224779289851,2.6704384693939112e-05,0.8505684040674959
0.030921286097353607,1.8372490031219792e-07,0.06443978656433895,8.810217182076917e-06,0.904629933396225
0.8784390112473404,0.12028274648452543,5.6870268758126e-09,1.1533238746674027e-16,0.0012782365811071861
0.1281276942282756,3.3429954890989043e-06,0.02673090669427671,1.8633046726633092e-06,0.8451361927772859
6.234706540933695e-05,4.439891441822067e-12,0.8575932792674635,0.004837025972659572,0.13750734769002776
0.7138796193091188,0.00045517053634321455,0.0002817315087886967,9.894158154872983e-10,0.2853834776563335
0.00544597661574224,1.4203845739158747e-08,0.29113887666400534,0.00015698062236789393,0.7032581518940387
0.016518278032336853,0.9834816512299639,1.3555397175611495e-15,1.2307336179176398e-25,7.073769806553147e-08
0.9739235519373972,0.006686338208199753,1.5266831191810444e-06,3.9530061189806015e-13,0.019388583170888627
1.1354977936715622e-08,1.3040421990585112e-17,0.8467754435555803,0.15155355765087158,0.0016709874385700955
4.915442291113628e-08,1.0700120704979924e-16,0.7993108395058738,0.19643991414023637,0.004249197199467012
0.0006755139209613077,2.477700186591894e-10,0.5904826717952727,0.001048211122977152,0.40779360291301875
0.014288974549235452,0.9857109613548786,1.0330554574952752e-15,1.6352169414585304e-25,6.409588477267133e-08
2.4029926818577523e-07,7.456318066137943e-16,0.9014772060390195,0.08864915419831275,0.009873399463398814
4.219513401399711e-07,1.5146020550108135e-15,0.9388769571897763,0.04725121349974315,0.013871407359139014
2.917563840912324e-06,0.9999970824361569,8.958588370466245e-27,4.995266664224534e-40,2.184600488917562e-15
0.2519443162186803,0.7480339096643269,9.258080880402748e-12,1.6890745989614094e-20,2.1774107734790312e-05
0.7106929094124501,0.00044992010891524664,0.00043558198411318286,1.541556492120807e-09,0.28842158695296516
0.7307638341559267,0.00039241609361085613,0.0004609619094604343,9.252154324844267e-10,0.2683827869157865
1.9973638415286793e-07,7.469902095681921e-16,0.8969346713495878,0.09669051793972573,0.00637461097430146
0.0009315781408080492,0.999068421706186,1.9661099675822214e-19,1.3705988731113458e-30,1.5300591259709103e-10
0.0054651316224193,8.698565524910486e-09,0.305035275511508,0.00010630867334287485,0.6893932754941643
8.657426393702725e-14,1.1098761952656665e-24,0.05457947423081061,0.945419179051197,1.3467179057907493e-06
0.7331752772363639,0.0005014805585707808,0.00028156657546397847,7.445456046004217e-10,0.26604167488505587
5.6573665654141124e-05,0.9999434263337246,5.0545419928756845e-23,4.616918073028598e-35,6.211551159196767e-13
0.45525122885881364,0.5446771270756398,5.197507273599223e-11,1.6194974158185763e-19,7.164401357140513e-05
2.417972725550579e-07,7.334556298554254e-16,0.8907539815799728,0.09962456468880011,0.009621211933953742
7.30256894535134e-05,6.089656789336335e-12,0.8617803749137636,0.005430623364895865,0.13271597602579727
0.016233655756943226,6.731295675992914e-08,0.17697961509360355,4.259252732990161e-05,0.8067440693091666
6.22286140194022e-35,1.7742631163422096e-53,1.535511394244323e-08,0.9999999846448862,2.0222983701471502e-20
7.072889500558443e-09,0.9999999929271104,1.5477162942707958e-34,4.784937827885458e-50,1.4089216061435518e-20
6.25118161377861e-17,3.0742925930775054e-29,0.005754216606285269,0.9942457686676061,1.472610884878554e-08
0.0008074112716159351,2.6487690463351095e-10,0.6173806895973342,0.003409467728328854,0.37840243113784416
0.21541676152488892,0.7845700244859782,2.7890684136585717e-12,3.9041271006316796e-21,1.321398634379599e-05
1.9121596128200601e-07,8.686116424396594e-16,0.8905718368011407,0.09937462570468046,0.010053346278216767
0.9731172633627557,0.007759230275351755,1.2582822206148294e-06,2.7416165463768904e-13,0.01912224807939791
0.869427378260627,0.0012968241285394397,0.00011409560663032734,1.699878184174735e-10,0.12916170183421533
6.012898574377489e-05,4.170057771862256e-12,0.8600283884772505,0.005708233515435242,0.13420324901740047
0.8568859555714639,0.14212242916919002,6.939953557319313e-09,1.2279026330619977e-16,0.0009916083193924005
0.9753949198399074,0.009228042003040799,1.5577818965806058e-06,2.6519899297170483e-13,0.015375480374890258
0.926007288885731,0.0018876444415972943,2.259097954225577e-05,1.9280021822242147e-11,0.07208247567384926
1.8052612106475723e-07,0.9999998194738791,1.4116234413603855e-30,6.02645268344887e-45,5.2936188517547604e-18
8.112870185276952e-28,9.952065413911772e-44,2.8492381224084687e-06,0.9999971507618766,1.0580044036873238e-15
0.26685368274419347,0.7331258135754842,8.119669892113151e-12,1.9054086207291424e-20,2.0503672202689094e-05
7.928974621956983e-42,8.122705603852075e-63,1.3504794028774947e-10,0.999999999864952,7.504322766301639e-25
2.3040851946924634e-07,1.02055511461348e-15,0.9160276756201061,0.07315297651747232,0.010819117453900915
0.26537239404898094,0.7346140078543385,4.915914474800086e-12,6.958101184636189e-21,1.3598091764571772e-05
1.1830971923023973e-13,1.4678070053409896e-24,0.05664600643409445,0.9433523739345,1.6196312871192836e-06
0.725207956952027,0.000401516500271821,0.0004204971741848041,8.539455083950019e-10,0.2739700285195708
0.8642149768751558,0.13506617837032828,4.275794630715867e-09,6.96358799500393e-17,0.0007188404787211565
8.42031808437108e-05,6.524986729915936e-12,0.8501726383317948,0.00522389522655881,0.14451926325427766
0.9655865883936371,0.008355866992345536,2.7364037191715036e-06,6.875902084220344e-13,0.026054808209610487
1.2250451565399677e-13,1.4086816615457088e-24,0.056146709839644704,0.943851693534161,1.5966260718327457e-06
9.007859803197534e-06,2.585071133475871e-13,0.9240928203989961,0.024165697829717208,0.051732473911224944
3.1909029769419023e-10,8.195174415230471e-20,0.424711118000098,0.575072773190009,0.00021610849080276652
0.24285334781579063,0.7571303621943256,7.898404240574517e-12,1.3568165512968516e-20,1.628998198544693e-05
1.8395966572467966e-07,8.2511830198710275e-16,0.880106296935542,0.11342519654650783,0.006468322558283608
1.2852373766625991e-38,2.3490589930881055e-58,1.1876163040893609e-09,0.9999999988123838,7.506317189215417e-23
4.319765179465185e-15,0.9999999999999958,7.547864336261573e-53,1.3528014021772297e-73,4.5089687274448986e-33
4.6978711833046056e-05,3.9897139562297915e-12,0.8797800247781582,0.005695766746856886,0.1144772297591622
0.022671085965185665,0.9773288141680961,1.2289830316641985e-15,1.4037215748131398e-25,9.986671683128605e-08
5.407521061324415e-42,4.973775483576346e-63,9.866616831847745e-11,0.9999999999013338,5.94959626487341e-25
0.0008842617165576492,0.9991157380283714,2.333441183037426e-19,2.7573667258785003e-30,2.5507092777230804e-10
0.0009425646359764324,2.5894072103200324e-10,0.5416239225057693,0.0007887667544526473,0.456644745844861
0.7507301408647493,0.00032988300568573964,0.0003882567547492217,1.7216071722884775e-09,0.24855171765320835
0.9091713033546936,0.0017789496031301872,3.559634754766527e-05,3.351684071606804e-11,0.08901415066111175
0.8471377565771558,0.15187348305968343,5.54644907889323e-09,1.1577068004213982e-16,0.0009887548167114913
3.307976548109909e-07,1.3595412898315306e-15,0.901199355212561,0.08970877345963998,0.009091540530142907
0.01736746586167595,0.9826324699949817,1.1722283231500192e-15,1.028282393637939e-25,6.414334117446941e-08
0.8372519782356932,0.1615638455580641,4.185400193904899e-09,8.36137411808906e-17,0.001184172020842624
0.004823387564348049,6.8855104047072035e-09,0.3769064168192943,0.00030570810008914874,0.6179644806307582
3.470456462401759e-10,1.2861262779083204e-19,0.4029188443241939,0.5968061398421065,0.0002750154866539973
0.006237758164806451,8.087092008687307e-09,0.2078734558332971,8.251590236680314e-05,0.7858062620124376
0.029919421502677554,2.132142418540191e-07,0.08294374617356724,1.4315100126056068e-05,0.8871223040093874
0.2291640610673141,0.7708141132937799,8.842064747303415e-12,1.6240057219878263e-20,2.182563006398547e-05
7.140343478717288e-06,2.4170016044056237e-13,0.9439079361138214,0.017089124814451587,0.03899579872800648
4.523504749511238e-05,3.3769384695732734e-12,0.8920758043187011,0.00993618626289839,0.09794277436752853
5.699692604751864e-05,4.512939350996792e-12,0.8795870586918674,0.0046172201356960065,0.11573872424187613
3.083842544790455e-07,1.4298094754740673e-15,0.9471244296429892,0.04496289264342111,0.007912369329333832
1.6281901662968102e-24,3.1431395241855794e-39,1.9473725811673104e-05,0.9999805262740896,9.87231804818605e-14
0.7286584985407558,0.00030901246672671094,0.0004484409290779181,2.6296635049090163e-09,0.2705840454337761
2.47074156541641e-38,2.606109090298448e-58,1.3506210241066383e-09,0.999999998649379,1.4785393928694671e-22
1.040380335277208e-08,0.9999999895961967,3.1009221534226672e-34,1.523296480746182e-49,2.3439283357910284e-20
4.8249995202844537e-05,4.198713200151251e-12,0.8767827997722063,0.005938316703566447,0.11723063352482573
1.4178377847399602e-07,6.155470073565632e-16,0.8933842010817717,0.10077564080596786,0.00584001632848137
0.12486925315361198,3.4859426102144693e-06,0.022911698653903644,1.1800602788574674e-06,0.8522143821895952
0.12612748626614045,3.2927366860356102e-06,0.014303709556634271,5.677665922745845e-07,0.859564943673947
0.017251951714286982,0.9827479648360381,1.2977362548447756e-15,1.7630754617619562e-25,8.344967364321538e-08
0.9613737736977429,0.009322548340200612,1.9285582142554726e-06,5.830578261823221e-13,0.029301749403259032
3.47605334784182e-17,2.259140754046858e-29,0.003261737010496117,0.9967382544538108,8.535692961848264e-09
7.592612728326993e-12,3.9732047465877626e-22,0.1770397623833812,0.8229416483427715,1.858926625478967e-05
0.01678376245839685,0.9832161770024102,1.1363857661672346e-15,1.1173907358916751e-25,6.05391920063887e-08
7.9918976583658e-09,9.189803818568726e-18,0.7700806801939307,0.2284929443903028,0.00142636742386894
2.8887093759310237e-06,4.918503047739396e-14,0.9359925946681835,0.038442599180662354,0.025561917441728862
0.11985564126074008,3.893453654126283e-06,0.021807808375402252,1.0826371177997807e-06,0.8583315742730858
0.0008787023371583897,0.9991212974916681,2.3491500996373573e-19,1.7525243420247098e-30,1.7117344176982916e-10
0.017962396053486065,0.9820375414759345,1.488390458333422e-15,1.8937118706595549e-25,6.247057800794295e-08
9.909872486257734e-28,1.1968531767786017e-43,3.4829823793640985e-06,0.9999965170176193,1.2588584056485604e-15
0.8547614838725746,0.14424141620994632,5.633410056291356e-09,1.6273189006739117e-16,0.0009970942840690003
0.005815268601885619,7.352963061620188e-09,0.21666510795487126,8.223091475180447e-05,0.7774373851755283
0.9614374231471925,0.006361824703394527,2.029799592445629e-06,4.89162084244088e-13,0.03219872234933152
1.111249619995795e-20,3.451835002794162e-34,0.0003499523148314538,0.9996500476430211,4.2147206748943984e-11
0.13794535381983059,2.7023365485365106e-06,0.014110182841221806,4.226281824521647e-07,0.8479413383742167
0.0014217106402096302,7.993435699203955e-10,0.5370319574601518,0.000540858197641012,0.4610054729026541
0.13514831995063645,3.919573449358022e-06,0.016047632983344946,4.41366867283543e-07,0.848799686125702
6.405086097951499e-10,1.5068926384007308e-19,0.49875563493757835,0.5008220398981106,0.0004223245238024177
0.00679553222196759,8.676048384374039e-09,0.2943569550943719,0.00017578839232197955,0.6986717156152903
1.643746916577487e-08,3.2156460768726406e-17,0.820433710646622,0.17783814684044982,0.0017281260754588386
6.136659481194453e-05,4.600361477712118e-12,0.8635656513354093,0.0064436711288776045,0.1299293109363009
0.2617660536179768,0.7382169262179871,5.956067556198807e-12,9.451472460943905e-21,1.7020158080062088e-05
4.6919637117525264e-05,3.287297377040843e-12,0.8794347754425594,0.006928333112721557,0.11358997180431421
2.6055510460162907e-06,4.6097394946179816e-14,0.9287619054432139,0.035642595597174975,0.035592893408519115
1.6114709050120574e-07,0.9999998388529094,1.4642724604928695e-30,5.298255291616701e-45,6.146143850949473e-18
3.30747836085666e-06,7.308128009473771e-14,0.9291789551599552,0.024774168359492966,0.046043569002118034
4.644177022798038e-28,5.465262635374682e-44,2.0780767297522472e-06,0.9999979219232696,6.201447530158783e-16
0.8640465467587555,0.13481411112686964,8.121548349155671e-09,1.597834329253956e-16,0.001139333992826375
7.109973816672403e-24,1.3688837009712976e-38,4.392497942334201e-05,0.9999560750202467,3.299836129893991e-13
0.036917173930932114,3.0915358349809504e-07,0.05991081612530218,8.165325174137172e-06,0.9031635354650079
2.8411333345623276e-06,0.9999971588666635,8.419630423716363e-27,7.069219282324187e-40,2.1078771402762733e-15
1.4800270407037603e-13,1.932944261095383e-24,0.06606536151742923,0.933932741961432,1.896520990923117e-06
0.00021330456820228225,0.9997866954197601,3.6181327221693094e-21,1.0026290273875267e-32,1.2037645417163412e-11
0.9530732591845253,0.04131058164190859,8.573623859375269e-08,4.674846907865901e-15,0.005616073437322871
6.757858682783007e-07,0.9999993242141317,9.888504460089563e-29,1.9429687906744544e-42,1.0381442532866616e-16
0.9621069221191461,0.008950061969820934,2.287728850469495e-06,7.443389040491115e-13,0.028940728181438335
0.008017679928996688,1.2572831723132263e-08,0.2638824233288482,9.105196482758606e-05,0.7280088322044956
0.0009417401291742535,0.9990582596587977,2.483148455044461e-19,2.948450670121048e-30,2.1202807624697296e-10
2.693418577980329e-13,3.1150667997434913e-24,0.0738373720569169,0.9261599002610365,2.7276817771212583e-06
0.7527910818947748,0.00023017212290227468,0.0002185381687562018,6.853802040334202e-10,0.24676020712818628
0.7346526644760502,0.0003352814103467659,0.000468455967179302,1.8727793476040408e-09,0.2645435962736445
3.2120249382483034e-24,5.983636977668459e-39,3.044859421818185e-05,0.9999695514055601,2.217630810130007e-13
0.45525547846511855,5.0547741931455965e-05,0.0035202977980931974,3.952402501177729e-08,0.5411736364708317
9.712358775927783e-09,8.719275853797562e-18,0.7544589901216118,0.2442325020018275,0.0013084981642018892
1.8801525252659886e-20,8.556678103883958e-34,0.00048398668511602776,0.999516013221491,9.339314521920581e-11
0.8606750349304598,0.13825546467401773,4.6757045804433056e-09,1.2128825132228832e-16,0.0010694957198176037
0.0014631595257653808,1.0630403913108174e-09,0.5910640333020254,0.0006491201127161439,0.40682368599645274
0.005568178687419046,8.9394019465589e-09,0.27617588774300234,0.00016108970235271592,0.7180948349278239
8.024907233856884e-09,8.101027642190668e-18,0.7450746793524187,0.25347286682812104,0.00145244579455296
0.0008456697324336929,0.9991543300333084,1.9033043301055492e-19,1.7273792501276706e-30,2.342579134920466e-10
0.257471040986933,0.7425115502016729,6.198103717126891e-12,9.679734240095719e-21,1.7408805195770428e-05
0.14483559056499587,3.97776498839427e-06,0.01651228137319555,4.7260764762841055e-07,0.8386476776891726
0.7918937863625625,0.0004567929444113894,0.0003069099408328741,5.908793805916719e-10,0.20734251016131386
4.796494689780907e-35,1.9995408711912355e-53,1.2487742583607927e-08,0.9999999875122573,2.1168274862977532e-20
0.00567992734733238,8.643416369011394e-09,0.2774074421264287,0.00011500439054394407,0.7167976174922785
0.849470107000029,0.14945523668997734,5.036293422443553e-09,7.931007013731173e-17,0.001074651273700143
0.05124369601446885,5.387862460383177e-07,0.07100338600193751,6.517287202692661e-06,0.8777458619101448
0.5230451915149055,0.00015889188812885297,0.001250575929711583,9.734043972341165e-09,0.47554533093321016
8.2262250477325e-21,2.9899725687989526e-34,0.0003219629241384023,0.9996780370446771,3.118466527545911e-11
5.900319364804415e-05,4.732733565939195e-12,0.8277217354742047,0.007137072023845326,0.1650821893035693
4.5133375156876345e-17,3.027494948850759e-29,0.005448669773020692,0.9945513215080514,8.718928009059683e-09
4.6779647095550195e-17,2.857747664443049e-29,0.005001022311649252,0.9949989690620292,8.626321458831446e-09
1.074680229999282e-08,1.1672645364113762e-17,0.7507567789875456,0.24698611138991255,0.0022570988757396656
3.138076481855642e-05,0.9999686192344734,1.7420239056281176e-23,7.166979408054139e-35,7.080173348403886e-13
0.23751509539053614,0.7624725700111784,4.3245798279540866e-12,5.545582716010901e-21,1.2334593960897922e-05
2.917800756206118e-28,3.0967154260453656e-44,1.4609667027701844e-06,0.9999985390332967,3.9021567013814853e-16
2.2456610241608008e-15,0.9999999999999978,1.758331583750479e-53,6.770453825103083e-74,4.983475431100922e-33
1.2466031608216035e-08,0.9999999875339683,4.727281469941684e-34,1.635689128380778e-49,4.179941386872864e-20
0.8639696376767982,0.1350115106483995,8.004194826552456e-09,2.0866610945925664e-16,0.001018843670607299
0.005698910170160593,8.79907604211398e-09,0.26566513917044077,0.0001440476855951913,0.7284918941747274
9.036909135052251e-09,0.9999999909630909,2.657444711572278e-34,1.2744629493321437e-49,1.6446877565445907e-20
0.7703548922824357,0.0002550521808103759,0.00045962353236458686,1.630602403057589e-09,0.22893043037378694
0.005919293674395611,5.454455932802598e-09,0.2697798041085231,0.00010752526661030032,0.724193371496015
1.1849287611364148e-38,1.909287775756826e-58,8.242499993430487e-10,0.99999999917575,6.817692621438568e-23
4.1156750723838835e-17,3.6090781662350585e-29,0.004487434673740176,0.9955125550858116,1.0240448073258528e-08
0.8620870407202624,0.1369586897035936,4.243262792546759e-09,6.36329966269306e-17,0.0009542653328811361
0.0009504078615018341,0.9990495919795208,1.733854418299114e-19,1.2710555729859835e-30,1.589773403438189e-10
0.004859190468285642,6.2774236990486595e-09,0.3788511228103821,0.0003208981411925919,0.6159687823027161
0.22839642057524814,0.77158319576601,5.154477038318379e-12,8.177491195751928e-21,2.038365358734845e-05
4.630339929446068e-05,0.9999536965999593,3.923628920060665e-23,3.177774810481738e-35,7.462908317253395e-13
0.0028029548868885833,0.9971970435641534,5.215560512987361e-18,1.615169696690715e-28,1.548958134135128e-09
1.7765913560828115e-07,8.127545636520099e-16,0.9081255221581271,0.08534787515017644,0.006526425032560121
0.9639759381964554,0.008829333220294087,3.298666432878974e-06,9.294320933656066e-13,0.02719142991588826
0.9663722351109904,0.009392180914268742,2.7213077097668304e-06,7.036587429178786e-13,0.02423286266632742
0.019934296730928357,0.9800656200284902,1.7169823502231535e-15,2.5111648180960057e-25,8.3240579792876e-08
1.0103111269889399e-10,0.9999999998989688,5.854240905152683e-40,4.273935971498405e-57,3.766238284785632e-24
0.28897028668300373,0.7110092767609577,4.615887689918917e-12,6.523642933189602e-21,2.043655142276391e-05
0.005457353435633108,7.938490712601457e-09,0.3024524644541523,0.0001630058707215688,0.6919271683010023
9.358029836137854e-12,4.468700675025422e-22,0.1810078743029653,0.8189706869501059,2.1438737570713053e-05
0.7800175268671293,0.00037565685593216324,0.00029836598473425956,6.915896989712805e-10,0.2193084496006146
2.3514545951228292e-24,4.410616762677144e-39,2.8654858872618442e-05,0.9999713451409555,1.717537637692166e-13
0.016406442660330832,3.8365616689865214e-08,0.1520494563940885,2.7408555019339948e-05,0.8315166540249447
0.0008188318181567802,0.9991811680126217,1.8169791476777295e-19,1.9155102090991857e-30,1.6922150801586995e-10
0.0002360088174336262,5.144941037931487e-11,0.8007275849441239,0.0028028292124796725,0.19623357697451346
0.9617049391747502,0.010236140774812063,1.9015753107662122e-06,5.217112296975221e-13,0.02805701847460533
0.006508979736879882,8.929966173244982e-09,0.3005907756728668,0.00017536281984682395,0.6927248728404403
2.555102115692276e-07,6.597432421185024e-16,0.8958146680672185,0.09290906395529969,0.011276012467269466
8.495362635566795e-21,3.6902873879028385e-34,0.00037354215866923106,0.99962645779518,4.6150658887171184e-11
1.1391387005859014e-06,9.790780222365287e-15,0.9468642451715461,0.03374217381188921,0.01939244187785423
0.005041376436584156,5.225716336467254e-09,0.25553322503869796,0.0001580987888008036,0.7392672945102008
9.027677598555491e-17,5.595271791749285e-29,0.008477370449891846,0.9915226091165005,2.043360749777675e-08
0.0002901722631810594,5.6513721138405485e-11,0.7558227380519753,0.0031876286195496213,0.2406994610087803
1.2391715752982657e-27,1.6637424382228971e-43,3.3044614185004735e-06,0.9999966955385797,1.8418693288768212e-15
1.4417247593089712e-20,5.706107753156616e-34,0.0004791866769379067,0.9995208132728087,5.025351625829689e-11
0.39187718731397503,0.6080704098790931,2.2019728957918812e-11,1.0218757887350034e-19,5.2402784912152104e-05
0.9214813882273365,0.002485895021922948,2.5522842715151893e-05,1.7498305972704267e-11,0.0760071938905272
0.7196263124934572,0.00036696113821863983,0.0004884365031850718,1.8532799733670005e-09,0.27951828801185896
0.000384393826048774,8.743799070533266e-11,0.6532998621964252,0.002322228484218071,0.3439935154058699
2.3578109171109675e-10,5.592699602557028e-20,0.4376300779089388,0.5622120074884717,0.00015791436680844868
0.9204990725254447,0.07753198552781801,2.8904104881697766e-08,1.2133749423985171e-15,0.0019689130426310624
0.155520752886913,3.720313746275721e-06,0.020714660362388098,8.796310408323146e-07,0.8237599868059118
1.596007085034488e-13,2.0663022134455593e-24,0.06334691625242549,0.9366512995690812,1.7841783336056583e-06
6.235587927777484e-10,1.300272912581191e-19,0.495385819972474,0.5042572264263915,0.00035695297757563145
4.036397506645326e-35,1.1391899802186759e-53,1.0972798348106158e-08,0.9999999890272017,1.506728467735828e-20
3.732626473557489e-10,9.824218078056873e-20,0.39646000295544015,0.603265345544394,0.00027465112690322984
3.660596942497954e-10,6.708338450844396e-20,0.4497401837670649,0.5499947242810529,0.00026509158582251323
0.009738566079517664,1.1480105485090246e-08,0.23496278691212868,0.00012579183607794634,0.7551728436921702
0.00571132950829045,8.678507084624874e-09,0.27806663408016563,0.0002009507122254413,0.7160210770208114
4.958112643794043e-05,3.793484449341039e-12,0.8884881535445671,0.006033235123898412,0.10542903020130301
4.318289287100546e-05,0.9999568171065868,3.447595124269811e-23,2.2413872872104647e-35,5.422894587824678e-13
2.8468779281438755e-06,0.9999971531220698,7.24804141588467e-27,3.346664365751952e-40,1.9488744817250124e-15
0.021189390166027316,0.9788105376890489,8.191818412173841e-16,5.977921893346345e-26,7.214492280777245e-08
4.219565052067708e-10,1.156134697939121e-19,0.555349963886945,0.44439094565421533,0.0002590900368830601
2.2199143142271895e-31,1.6006507447355066e-48,2.0314274576693133e-07,0.9999997968572543,6.379255917253896e-18
4.4224409608322754e-17,3.0282535624069407e-29,0.006049261281182349,0.9939507279411394,1.0777678184885836e-08
3.1736799842933347e-10,8.006531213237967e-20,0.4934648965693983,0.5062993411675327,0.00023576194570105278
2.7179894333718735e-24,5.8748369740879403e-39,2.9336532085773674e-05,0.9999706634676993,2.1483559273240417e-13
2.5254493735665585e-13,2.501333651904698e-24,0.06890006083568338,0.9310967309844432,3.2081796208406533e-06
8.395940196807983e-09,0.99999999160406,3.259892873121554e-34,1.8321420243932747e-49,2.004758392354499e-20
0.03050457498617511,2.928899943862144e-07,0.053552352291995474,8.771189870903574e-06,0.9159340086419642
9.352001577012746e-05,8.198504041788231e-12,0.8546876375488048,0.004126908307402389,0.14109193411982415
0.2485242648105912,0.7514573730898786,7.597684678830748e-12,1.7520717455242365e-20,1.836209193242007e-05
0.750439994820906,0.00032502552321231977,0.0005019638615312653,2.6104056699649633e-09,0.2487330131839448
0.07457889985681157,0.9254198842701338,1.0198198542746744e-13,3.770863826824949e-23,1.2158729528499779e-06
0.004868115156140809,7.683471771895498e-09,0.29332578242779517,0.00014403203399925734,0.701662062698593
9.817980319963826e-14,0.9999999999999019,3.463328020370704e-49,8.377574417871665e-69,2.5737355715093053e-30
0.9262515960817912,0.0017227169746010093,2.75936477822885e-05,2.606870756185973e-11,0.07199809326975672
4.231858737833586e-05,3.6115282390079037e-12,0.8973633777915646,0.0064951269686939405,0.09609917664875145
0.12789985106089208,3.712040840460185e-06,0.020791122155185773,6.485846637692934e-07,0.8513046661584179
0.9676518944022892,0.01085884902516112,1.6595163234965241e-06,5.125871429803373e-13,0.021487597055713382
0.967233092553492,0.009132087966454563,1.7550610764140767e-06,6.480286792067128e-13,0.023633064418329172
0.0035071644909010964,0.9964928304756581,2.0112979711057037e-17,9.155203574184834e-28,5.033440951237781e-09
5.8435439019329325e-05,4.17982563328771e-12,0.8864383956411743,0.006644831176829922,0.1068583377387966
2.5591240132454843e-31,2.094901560596225e-48,2.140173449930024e-07,0.9999997859826552,5.561648982426268e-18
1.7521404045511726e-20,1.0,3.3130930597045122e-68,5.340920975193883e-93,4.325845356327103e-43
0.005879859701825024,1.0058159092013713e-08,0.24940726402663746,0.00015297308143000037,0.7445598931319484
4.4995664749061416e-10,1.0967730610105675e-19,0.48139849813453,0.5183244506213696,0.0002770507941437668
0.9752179962587268,0.007812323822167391,1.5745123318981913e-06,5.818095848303911e-13,0.01696810540619213
0.029461528436885546,2.0325329956771414e-07,0.06938310846227322,1.1364522508042169e-05,0.9011437953250335
0.1699437727569309,4.85269111236979e-06,0.020800424273172247,5.327378109760571e-07,0.8092504175409736
0.05588884613288752,5.63139023515863e-07,0.037729192582829495,3.108013255041399e-06,0.9063782901320044
4.565655810067839e-05,3.5129851916620263e-12,0.8776078154268744,0.007975182526015825,0.11437134548549613
6.00195591373809e-05,4.459571077602244e-12,0.8738850851824899,0.004860224463558317,0.12119467079035494
2.634720475059578e-10,6.098805979804356e-20,0.43699924174250393,0.5628105327767794,0.0001902252172446587
0.0561224462072485,5.108872893429652e-07,0.045599078100383585,3.6170554519741984e-06,0.8982743477496267
0.006095797956638712,9.05717969468223e-09,0.26405838052737074,0.00010828741162503648,0.7297375250471859
0.00688962804859722,1.0223967658721126e-08,0.3132799835852861,0.00012858659860042764,0.6797017915435486
7.254389801432894e-05,4.40907165942372e-12,0.7984432976810928,0.00672774587297492,0.19475641254350887
1.6294615683687798e-20,6.659096691865954e-34,0.0004514318595704066,0.9995485680614662,7.896335767118202e-11
0.13019582099713378,3.1290064945020018e-06,0.028707944386615163,1.6830411408149539e-06,0.8410914225686158
0.10767668586109337,3.046156414123454e-06,0.02196523733890808,1.0225118682365975e-06,0.8703540081317162
0.970840152462633,0.006815086240297701,1.5930922353773965e-06,4.3393308254745865e-13,0.02234316820439996
2.350686471865022e-17,1.69667202671492e-29,0.004428808057208915,0.9955711869146121,5.028178939600176e-09
0.12383487023389649,3.557617000117904e-06,0.013970292716235054,4.387864182763714e-07,0.86219084064645
3.9565925618130397e-10,9.824855326197745e-20,0.4439626695928636,0.5556835893850237,0.00035374062645341953
0.29354667736167966,1.9488494258001054e-05,0.0070174241157320615,1.333351136793619e-07,0.6994162766932166
2.997466643047458e-24,5.74525007303857e-39,3.286560814441849e-05,0.9999671343916425,2.1320758633845043e-13
0.16041843753548526,4.023585331189128e-06,0.01867239372534707,5.115702285454649e-07,0.8209046335836079
0.006480303266170047,7.826186151720541e-09,0.34206153348116547,0.000247056215973391,0.651211099210505
0.01680929065047038,0.9831906343677788,1.5735900740741427e-15,2.2798480541892843e-25,7.498174919166432e-08
1.4927764515540283e-13,1.9631300426197777e-24,0.06652563133236376,0.9334723868202379,1.981847249064839e-06
0.0007570967049519083,0.9992429031025328,2.0297970704861974e-19,2.8097998706288712e-30,1.925150509122736e-10
0.0011277845775401216,0.9988722152079453,3.6332488973105114e-19,4.2174024288258166e-30,2.1451442496740922e-10
7.136351765218752e-21,2.4982059637046913e-34,0.000298779662450668,0.9997012203102029,2.734645163664975e-11
3.1540969097488145e-25,1.8463001675461723e-40,1.5312965068495223e-05,0.99998468703488,5.149708444687177e-14
7.026939693608446e-14,1.0493000059137388e-24,0.037468030765005524,0.9625308471335501,1.1221013741094904e-06
0.15470333665282313,4.297640713149215e-06,0.02210331762094834,1.0131061317596107e-06,0.8231880349793836
0.017031184401097174,0.9829687420616209,1.3034041676289469e-15,2.3666851172919444e-25,7.353728069396635e-08
0.8683748067558358,0.13059453952682076,6.085996497399823e-09,2.026755391233711e-16,0.001030647631346817
0.0001529450858818374,2.6281643174975305e-11,0.8075833529767216,0.0042434928573109295,0.18802020905380404
0.07132949986288614,0.9286692225129194,6.08495778947056e-14,3.365987345666377e-23,1.2776241336690148e-06
2.5477822374716176e-06,0.9999974522177604,7.645614443443751e-27,9.765516126015599e-40,2.1507965929121932e-15
2.9630830094556467e-06,5.455164206041298e-14,0.9459845177121378,0.027168640507557584,0.0268438786972407
3.967239201937282e-10,1.0544462462977383e-19,0.47294528123917573,0.5267238901631667,0.00033082820093371484
0.022236692791703615,0.9777632004618461,1.4610923807083456e-15,2.0811073221175976e-25,1.0674644893951623e-07
1.883206790088534e-07,7.23493554673297e-16,0.8887879628147825,0.10482541988522122,0.0063864289793165
0.03913511199249109,2.1944727795563532e-07,0.10467432932017438,1.6661844015946877e-05,0.8561736773960406
0.017432175133686775,0.9825677422712965,1.1391132040881006e-15,1.370577229106786e-25,8.259501568328063e-08
0.004384344229051368,6.390322717227898e-09,0.36401994131309423,0.00018928345630413485,0.6314064246112274
2.474791923141573e-35,7.842792555429947e-54,1.0515859409141014e-08,0.9999999894841406,9.911268611815479e-21
0.8438759303205977,0.15499331523394203,6.86405840786717e-09,1.0338814258778237e-16,0.0011307475814014963
1.2462366863584636e-07,6.263505512172695e-16,0.9373176986787257,0.059425829185575575,0.0032563475120295318
0.0009120605796317964,0.9990879392238361,2.5347973773274974e-19,2.441380660788191e-30,1.9653206752649765e-10
0.7783751255370144,0.00038125373318872384,0.00031537117142812414,9.154224552907968e-10,0.2209282486429462
0.0234435141754246,0.9765563706845285,1.8114239149687763e-15,3.0874680917447344e-25,1.1514004513080236e-07
0.8576895508673573,0.14145810793559202,4.301942490285885e-09,7.746216630784823e-17,0.0008523368951082244
3.084870519105343e-10,1.199531806859383e-19,0.515137841825678,0.4846688828462109,0.000193275019624016
0.0009642456945208204,0.9990357541251234,2.1354057182184066e-19,1.684880739870491e-30,1.8035582345165275e-10
0.9603502891154869,0.010745014853805291,1.8365624609997055e-06,5.120474728165192e-13,0.028902859467734833
1.8124086660631226e-07,7.568228247608731e-16,0.8888168953809716,0.10509355898557689,0.006089364392584192
0.9148590285030992,0.0018456630023082861,3.8573324891771484e-05,4.250923102255582e-11,0.08325673512719149
0.017097995395042878,0.9829019445487651,1.4239273005014423e-15,2.540683065422821e-25,6.00561904039568e-08
1.5107405147952574e-13,1.9375837560000666e-24,0.061672530528787066,0.9383257348405639,1.7346304979471589e-06
2.30387612384068e-31,1.4460263371307386e-48,2.1175434034658645e-07,0.9999997882456597,4.9741420200884646e-18
0.8587986690885668,0.14001373639202036,7.220763526429124e-09,1.472441370046333e-16,0.0011875872986491084
2.617337201014097e-10,6.13261195184234e-20,0.48350529709476475,0.5163229332426775,0.00017176940082408437
0.005936353162767352,8.867356379939448e-09,0.30552611902018434,0.0001325689148587951,0.688404950034833
4.1728931362532295e-15,0.9999999999999958,5.9268365808959895e-53,5.044174694821631e-74,4.9543907317694634e-33
0.7510984450200217,0.00045026619014386637,0.0003979227778059805,6.49280820925036e-10,0.24805336536274786
0.965298373871434,0.011599819678259488,1.7958985916570417e-06,5.896030677045655e-13,0.023100010551125098
0.9726596636885064,0.00842426109471626,1.9034993331030408e-06,4.2521873288123223e-13,0.01891417171701882
0.7601674763932678,0.00034691493465162197,0.00046112599178100644,1.5164832461863522e-09,0.2390244811638163
0.018293008100713933,0.9817069247770026,1.4683137106325652e-15,2.404176751506562e-25,6.712228183989836e-08
1.558391134752749e-07,0.9999998441608865,9.553065651942327e-31,3.6567272016550056e-45,4.187659234517268e-18
0.0069921689288056305,9.147896538155609e-09,0.3123699928304392,0.00015492427863229846,0.6804829048142264
0.005139340862697577,9.142581021598012e-09,0.20909786675176914,0.0001021417602476691,0.7856606414827046
0.97669197855097,0.01751618827558408,1.440835992717603e-07,1.595426827357046e-14,0.005791689089830429
5.4781639593476544e-17,4.17873036849589e-29,0.00753413820380625,0.9924658499010158,1.1895177988708502e-08
0.018979152531114027,0.9810207808426815,1.7611926755870386e-15,3.1299301583317754e-25,6.662620260262841e-08
4.616619680372155e-05,4.065303426933927e-12,0.852240264263619,0.007672554084208375,0.1400410154513036
0.01786209375354575,0.9821378458816296,1.4004788562778328e-15,1.981386091105883e-25,6.036482322046814e-08
1.386807705676726e-31,9.890167891247721e-49,2.1065894049743106e-07,0.9999997893410595,3.754507542637229e-18
1.6983524802380534e-07,7.216436240499474e-16,0.8745368792629867,0.11937714103679474,0.0060858098649697115
0.014727647843083006,0.985272286027979,7.386969963812424e-16,8.368615216468009e-26,6.612893746938612e-08
1.4408640060342612e-07,0.9999998559135993,1.6425883997742096e-30,6.18484447632568e-45,6.181384363421291e-18
0.0003596164564766669,0.9996403835001935,6.659965801018934e-21,8.695676764010063e-32,4.332988563513716e-11
0.8537369691539038,0.14549500013085834,4.724554286648517e-09,8.668395213912145e-17,0.0007680259906833478
5.442715456827985e-05,0.9999455728448039,3.928714928261653e-23,2.1344952598211037e-35,6.27991455829705e-13
7.192024084572142e-21,2.496990725828179e-34,0.0003383834833738176,0.9996616164862562,3.0370020776467855e-11
0.13703457069422575,3.596487511339633e-06,0.02110356231621313,8.190834510218682e-07,0.8418574514185987
0.8528367683287995,0.0007579245223753289,6.488145267621024e-05,1.1707552657330065e-10,0.14634042557907345
0.24665323046697343,0.7533312382871172,3.3751355677479064e-12,4.154307282673123e-21,1.5531242534365276e-05
0.01578071578747474,0.9842192047898828,1.322572386568083e-15,1.6776566749983574e-25,7.94226412192463e-08
1.8349786499828646e-10,4.412147933185412e-20,0.3743830785011948,0.6254979775788655,0.00011894373644178656
1.269037963714773e-12,0.999999999998731,1.7415744095829037e-45,3.0773674095551433e-64,4.621339268927049e-28
0.674199220509556,0.00040291099731264564,0.00039691656124653794,2.0138539217233697e-09,0.32500094991803086
3.6801775489287695e-24,4.4858838058869876e-39,4.360841139063654e-05,0.9999563915882337,3.7559323721950456e-13
0.1334601703271858,4.059082396095103e-06,0.020589559948679847,6.021392116232083e-07,0.8459456085025266
0.6573868657892461,0.0003714079341941342,0.0003254728970118521,1.1457476525345525e-09,0.3419162522338002
4.1139087886351826e-10,0.9999999995886091,3.1703052499342253e-38,8.577643618901335e-55,4.381892708906045e-23
0.7171068880065924,0.00036205534008943894,0.0003672753274626414,1.740624224609473e-09,0.2821637795852312
3.8955268507456744e-06,7.204852999614711e-14,0.9433758086089573,0.027578741837497072,0.029041554026622923
0.000785805247752712,0.999214194572894,3.1593069507429077e-19,3.327625519385787e-30,1.7935327338278773e-10
1.4233188306169053e-10,2.887220661500888e-20,0.33010149347006595,0.6698068204656873,9.168592191476546e-05
1.7695023691960586e-20,7.0022232989898065e-34,0.000464559206571702,0.999535440718139,7.528930747309688e-11
0.6503338627508775,0.0003631684833705944,0.0004233409585201593,1.8048360176353884e-09,0.34887962600239575
0.005066994729744974,7.921437064241759e-09,0.22041104721044413,0.00011895834390963583,0.7744029917944641
0.14197834451011537,4.994375452383857e-06,0.015361495162208992,5.663521723838128e-07,0.8426545996000508
0.31520750676292913,4.198056387342944e-05,0.0034022412130550192,4.004960183135406e-08,0.6813482314105407
1.5792345753918248e-11,0.9999999999842077,4.121667596492953e-42,5.20380784292401e-59,2.3982622356048765e-25
0.8711927081869668,0.12788191372184177,5.627878221375669e-09,1.3371724086131717e-16,0.0009253724633129779
0.7394338377260915,0.0006960751958789893,0.0004499823695766246,6.302097061396678e-10,0.25942010407824334
2.1507083388971917e-24,4.980164819175104e-39,2.6917610262227623e-05,0.9999730823895288,2.08884226696915e-13
4.999127490029934e-17,3.0278370074230954e-29,0.004644606350498306,0.9953553828598799,1.0789621591412397e-08
0.00494956048630693,8.343589071878539e-09,0.2671903127036812,0.0001295978648826592,0.7277305206015402
0.9422076282672345,0.0035785125048250696,1.1554647578765856e-05,4.890150332540597e-12,0.0542023045754716
0.01607829422337268,0.9839216472227684,1.1236670345696627e-15,1.379811551453861e-25,5.855385771100399e-08
0.015459894048532614,0.9845400480947969,8.6713374573702295e-16,1.2057791196497609e-25,5.7856669600802855e-08
8.483935778860273e-21,2.8485271902965633e-34,0.0003289403928913827,0.9996710595777756,2.933314858312506e-11
2.781322878923521e-09,1.6791473438124806e-18,0.6181181186402928,0.381160039497059,0.0007218390813252303
0.8724080793498692,0.12636691026457478,5.7373881258389485e-09,1.4419968896859593e-16,0.0012250046481677057
1.4668141396643177e-07,0.9999998533185861,1.1113009131515424e-30,2.697588432142016e-45,4.952386032269247e-18
1.4840717389714265e-13,2.4015063816561017e-24,0.0631052593130923,0.9368923753850109,2.3653017483952976e-06
0.9726886285470423,0.009697613422718706,1.7310417110839431e-06,3.5148166177377615e-13,0.017612026988176398
0.8644442026740551,0.13467484265432528,5.7927041080804835e-09,1.4002206179457615e-16,0.0008809488789153484
1.8053100764058357e-05,0.9999819468991823,5.586180233750094e-25,1.1220809028314647e-37,5.3468083636850655e-14
0.12671577157764444,3.403247886310005e-06,0.019452680028098746,6.943085069638494e-07,0.8538274508378635
0.006949275049318204,8.729574681511356e-09,0.2847133531328846,0.0001823459233443948,0.708155017164878
0.9632203241921803,0.010003278682212244,1.7209149280055011e-06,5.193125501558313e-13,0.02677467621016016
0.7184251431041356,0.00036087214186541935,0.000466495238733299,1.19936840809327e-09,0.28074748831589724
9.66419272104191e-19,1.5497783160765018e-31,0.0018664786822784642,0.9981335204375049,8.802166840280962e-10
2.0379773692990786e-08,0.9999999796202264,4.496735085553282e-33,2.7177265376650992e-48,1.1857524271479615e-19
1.980120980372368e-31,3.138918160486427e-48,1.679345218394114e-07,0.9999998320654782,3.536070300979394e-18
4.511295084038763e-05,0.999954887048663,3.320148965949926e-23,1.5389500399558708e-35,4.966893204155399e-13
3.2144252941546964e-10,7.693373292909507e-20,0.48414469515847836,0.5156110389956524,0.0002442655244267882
0.20382347429380623,0.7961594672250274,4.569857557302516e-12,6.540669148117093e-21,1.7058476596529997e-05
5.999623536195555e-17,4.4393060873144304e-29,0.006099715106499985,0.9939002704892723,1.4404227642443338e-08
0.26882665598958433,1.3387411379147758e-05,0.009914839382778477,3.051474859134236e-07,0.721244812068772
1.8567803171133614e-07,7.279951539049885e-16,0.8660293820760426,0.12727612442826655,0.006694307817658364
0.00020040217100901177,0.9997995978138806,2.9710867743116517e-21,9.996787695928781e-33,1.5110485386053052e-11
2.4057973860269677e-10,6.605419144035368e-20,0.4957098546569692,0.5041091067352961,0.00018103836715500893
1.2845707240379216e-12,0.9999999999987155,1.2166649232433089e-45,3.6580995533223775e-64,4.154087683959798e-28
0.01620770929456699,0.9837922356079383,1.1138052427433322e-15,1.4406265106035236e-25,5.5097493532528187e-08
0.017814354459323837,0.9821855805268506,1.5456940380252736e-15,2.8898605127341488e-25,6.501382412321763e-08
2.4900147360446774e-13,3.508217942237418e-24,0.09297454831104594,0.9070224440688975,3.0076198076579597e-06
2.03335191630493e-07,8.877217524533325e-16,0.9229186936130991,0.06912162847271608,0.007959474578992364
0.15525764134849593,4.054389899577132e-06,0.02421937884780901,8.636385947921392e-07,0.8205180617752006
0.029673054107366235,1.8103461175485837e-07,0.0754243488783589,1.1033537908059718e-05,0.894891382441755
9.91431333400262e-09,0.9999999900856867,2.7214241642831096e-34,1.0198750036688035e-49,1.957548769540847e-20
0.005277157371320766,7.911118608617601e-09,0.27299298573787695,0.00014356762814826936,0.7215862813515354
6.424427118394825e-05,4.677054988584355e-12,0.8725950669245289,0.005421555221731383,0.12191913357787852
0.006146636009214962,8.588928104848379e-09,0.3601688976821039,0.0002769900667810402,0.633407467652972
0.7276939445871501,0.00037194517615943675,0.00041225583987401966,1.3018973275552813e-09,0.2715218530949191
0.39655223847834653,4.355278881380806e-05,0.002790417271316561,3.185453499676227e-08,0.600613759606988
0.007101779473027786,6.9827202875266835e-09,0.2034878126306102,0.00012380562756225848,0.7892865952860795
1.0239467044460388e-20,3.659155126423679e-34,0.0004248483494527257,0.9995751516060531,4.449419984728281e-11
4.1829691827768013e-17,2.5397056686809516e-29,0.004408162913027442,0.9955918280773782,9.0095944191598e-09
1.225458850900607e-07,5.059121709619106e-16,0.8982060527861842,0.09619462365934237,0.005599201008587846
0.2600735930124273,1.881205284582386e-05,0.005874474014268322,1.3777932972949242e-07,0.7340329831411289
0.0065549868748872656,9.000749229332012e-09,0.3238953546217759,0.0002119691282920326,0.6693376803742956
3.0233602922218264e-10,6.463384303194966e-20,0.4562248358023865,0.5435533411461916,0.00022182274908598407
0.7714598350026317,0.00036316571228657075,0.0004075090433733717,1.4719180850188443e-09,0.2277694887697902
5.057135220628003e-05,5.073216360961948e-12,0.8813906372539543,0.004466851164617349,0.114091940224149
6.493766144774232e-17,5.74453640842432e-29,0.006318594056266763,0.9936813922937917,1.3649941498499452e-08
1.8010479807339725e-13,2.424021498374053e-24,0.07111108433240741,0.928886990843056,1.924824356578948e-06
0.028621433441021065,2.1886476913638422e-07,0.08910973906138973,1.3834874072965393e-05,0.8822547737587472
3.9126428343862446e-05,0.9999608735711307,2.7238965146067585e-23,2.1972918395360284e-35,5.254812488486057e-13
0.8627226345330196,0.1362854378032235,6.304847785463003e-09,1.0177364387252683e-16,0.000991921358908856
3.189625755491648e-06,6.130667913477896e-14,0.9358887446243147,0.024955301601876735,0.03915276414799203
0.005958775538082371,1.1213041352711205e-08,0.3337042082130463,0.0001677401754285783,0.6601692648604015
0.5724542583097878,0.42741988029315237,1.544665085971169e-10,7.39934348121034e-19,0.00012586124259323113
0.8338291524504006,0.16464342450098712,5.911592268688751e-09,1.3588468462743132e-16,0.0015274171370200582
0.0009695686900303206,0.9990304311298257,1.9161719053474334e-19,2.129555144168425e-30,1.8014397454613896e-10
0.1628626755280362,0.837121087635315,2.0378234332056764e-12,7.877207411206297e-21,1.62368346110164e-05
4.2037610355529505e-49,6.662134585279444e-73,7.975041683488131e-13,0.9999999999992024,1.9124276839099323e-29
0.8821253764631005,0.11671191900070471,5.144123837467767e-09,9.840591813952494e-17,0.00116269939207052
2.7211007717008067e-17,1.783683969126841e-29,0.004004410518401465,0.9959955839582085,5.523390068416841e-09
0.954867116071029,0.040185764220033095,1.4544335362657772e-07,1.1718647498714244e-14,0.004946974265572661
4.671157117354327e-17,3.5887865846256807e-29,0.004362174225691425,0.9956378130653376,1.2708970839784061e-08
0.27526517756484314,1.4213786807393694e-05,0.005883442049441138,1.1788187254982717e-07,0.7188370487170358
0.9154955926187739,0.0018301514624378575,2.3993647139045353e-05,2.0094484651824134e-11,0.0826502622515545
4.559974439865033e-17,3.028208482900173e-29,0.005444189446169002,0.9945558032383076,7.31552349039221e-09
0.30190608696941035,1.8875613080266616e-05,0.004119324527025129,6.60731190723817e-08,0.6939556468173652
0.12096507891247008,3.313085899505104e-06,0.016770378324727282,5.539313583853534e-07,0.8622606757455447
8.148029108791045e-09,0.999999991851971,2.1456206263704366e-34,4.399214319402129e-50,1.4996186718487008e-20
0.8538176940948242,0.14523877672578056,5.6056697584518234e-09,7.481786267328506e-17,0.0009435235737255322
4.4218608057698365e-05,3.5178270244751358e-12,0.8997357343863681,0.008554485003782912,0.09166556199827333
0.0050279505743077504,6.997117660833723e-09,0.3064255589936762,0.00015086105709121982,0.6883956223778072
6.80704231462106e-05,0.9999319295759762,6.433439152686893e-23,4.400027556102827e-35,8.774255291269347e-13
0.00011572547270705466,1.1710283131106084e-11,0.8338485143885376,0.005489775200619663,0.1605459849264255
0.9672382708611681,0.009080259902660941,2.5895707680336344e-06,5.932208286666372e-13,0.02367887966480959
2.2250778622218467e-07,8.94139573391357e-16,0.8813657206022195,0.11159132630228895,0.007042730587704583
4.3383263246111215e-10,1.114210448947179e-19,0.47761544436740816,0.5221308064988217,0.0002537486999376292
2.0662914664194062e-10,5.2308860628421177e-20,0.3964823119455764,0.6033272219193143,0.0001904659284801567
1.021387256594543e-06,6.71591165683197e-15,0.9367201330005966,0.042882942078587664,0.020395903533552515
0.853780006513258,0.144774786262325,7.410106591395659e-09,2.069975271667705e-16,0.0014451998143103027
1.2760993925537835e-20,5.4730960757998275e-34,0.0003514476310126843,0.9996485523204856,4.8501710927939676e-11
1.7980611062370288e-06,1.775366717132462e-14,0.940801815712587,0.03455492173799503,0.024641464488294008
2.7681528576349465e-06,0.9999972318471405,8.513749651586289e-27,3.3754669436111447e-40,1.8118209773434187e-15
0.16593365880835084,2.933148673845582e-06,0.0117664475954963,4.4178378734733036e-07,0.8222965186636917
4.455651637655712e-05,3.6106177121104114e-12,0.9009802985323248,0.009958150933807117,0.08901699401388104
1.9835874951560923e-07,7.974595523219076e-16,0.8972594626049765,0.09656586511147189,0.006174473924801385
0.7393800888785731,0.0003566019408777034,0.0004644131446672891,2.2589207418635336e-09,0.25979889377696097
0.03986118923164532,4.368314382730687e-07,0.07655015383975769,7.937296972926196e-06,0.8835802828001859
0.006677406548420279,9.308329516789009e-09,0.26865683535580714,0.00010438522102882415,0.7245613635664143
0.0984034730031685,3.352739394451542e-06,0.015893911040985198,6.690733452562859e-07,0.8856985941431067
0.005745173818259357,8.270534928351504e-09,0.29924549678302576,0.00012693664295899265,0.694882384485221
1.4403538298881346e-20,4.960202558205366e-34,0.00040597877684287007,0.9995940211745502,4.860681228050017e-11
0.10765796472738953,3.267560639509621e-06,0.020147920772306288,1.3244178073020722e-06,0.8721895225218573
0.7768096239179834,0.00039235030764362116,0.0003953825779521695,9.287948650080904e-10,0.22240264226762593
1.5660008319883024e-06,1.850358470832892e-14,0.9493298571307822,0.029659923037187605,0.02100865383117962
0.8361852490867785,0.1625421907196787,4.436496125686728e-09,9.156499763491843e-17,0.001272555757046628
0.06784730078614788,0.9321514984087719,8.269299620102817e-14,3.587007014713939e-23,1.2008049973529913e-06
8.5429443878865e-35,2.851504056670905e-53,2.0298813695307865e-08,0.9999999797011863,2.9008667950747405e-20
0.9704993490406704,0.006466316426752472,1.9878843631294696e-06,5.962989917723377e-13,0.023032346647617694
0.004863317966936225,9.104250419188536e-09,0.28260603612613944,0.000198837267909929,0.712331799534764
7.199115519980411e-06,2.339309240679454e-13,0.9236371147328775,0.020170646252715304,0.05618503989865327
1.4882600091496611e-07,0.9999998511739991,1.0454962927650037e-30,4.141646252475254e-45,6.524253264419801e-18
3.2187602889732306e-06,0.9999967812397094,6.658539721986408e-27,3.445112241232861e-40,1.7552224381627931e-15
7.96707188362992e-28,7.886595963931613e-44,2.3654359335497723e-06,0.9999976345640655,8.590395283386876e-16
3.107213704047276e-13,2.4390021698315542e-24,0.09269484503417974,0.9073010111377102,4.143827799497783e-06
0.00024369339325848178,0.9997563065955499,3.2542007882123357e-21,1.1062198834734512e-32,1.1191567544909486e-11
1.3226319470608514e-07,5.931680256540585e-16,0.8675594925735434,0.12698348744435553,0.005456887718905859
0.000771634450103199,2.6026468422133785e-10,0.6539203105177814,0.0014892651819227532,0.34381878958992795
0.9276756913360523,0.0019519973384107294,2.326142091355076e-05,2.6469440753498443e-11,0.0703490498781539
1.4693007853545156e-20,5.704950690354793e-34,0.0003852916858980472,0.9996147082688673,4.5234655235853395e-11
1.8342013359370497e-07,9.446293245879127e-16,0.9087228741342072,0.08143679001140691,0.009840152434251485
5.201888651998967e-05,3.5407427152210656e-12,0.8948675630038366,0.0076956560372777524,0.09738476206882478
0.9077665732227278,0.002090243292565442,2.982817864988655e-05,2.4519668783591007e-11,0.09011335528153713
0.9710558768012554,0.006205128930449777,1.3049685563563157e-06,3.9964228131736105e-13,0.022737689299338962
7.320725803551804e-17,2.2874458658046935e-29,0.007681402292197175,0.9923185776263327,2.0081470112909727e-08
0.1327614890788935,3.4513049436422375e-06,0.02866860091044026,1.0689416424318982e-06,0.8385653897640802
0.13147115658232586,3.330632608949222e-06,0.01839907610726392,6.440088380863015e-07,0.8501257926689633
0.13075325396327275,3.724614656223241e-06,0.016132598882198746,5.62880947837345e-07,0.8531098596589244
0.0178323763621394,0.982167552485366,1.162782494753402e-15,1.8547694554857457e-25,7.115249348798673e-08
1.7707138823361082e-63,4.008689888510901e-92,2.3550634278671494e-17,1.0,5.359792104455791e-39
0.004824119566032688,8.100174723892542e-09,0.26148704071970164,0.0002286527035302148,0.7334601789105607
7.928132364829616e-09,8.369548640571092e-18,0.7485657436586202,0.2500132599819467,0.0014209884313008839
0.10415481827320625,3.477583972555852e-06,0.014935843192702882,4.918517973998623e-07,0.8809053690983208
0.7652125631432432,0.0003865152046766843,0.000410302765437291,1.3678873498220202e-09,0.2339906175187554
2.465241995996616e-24,6.170940027814388e-39,2.426900837504121e-05,0.9999757309914592,1.6576478271487706e-13
0.005197726670762395,5.834457322323578e-09,0.24287776744643866,0.00015969718858875715,0.7517648028597529
0.9684095367360038,0.007421094761340449,1.600718162354262e-06,3.998607401575519e-13,0.024167767784093398
0.7902335591532736,0.00038587741942426617,0.00031109790224523694,6.823054496655346e-10,0.2090694648427515
5.1545127824991056e-09,5.263189991177718e-18,0.6792029190594437,0.3198840326141034,0.00091304317193993
0.0010989146796471483,0.9989010850420624,2.483647903384434e-19,4.014842797092256e-30,2.7829027264628803e-10
0.24661273314566903,0.7533698292636118,4.819511212120557e-12,6.1315689239978535e-21,1.743758589960481e-05
5.8519554979680376e-05,4.314514200837113e-12,0.8352999351055028,0.00804427537428143,0.1565972699609215
0.6977303164522708,0.0002469154362926565,0.0003351972759614914,9.58098131633424e-10,0.3016875698773769
6.0899460415327196e-05,4.828259899062011e-12,0.8685523364205567,0.0049261455283507605,0.1264606185858488
0.9644650784368592,0.028461610216061146,1.8904432736689635e-07,1.8290063436447868e-14,0.007073122302734077
6.272147718641069e-11,9.110489480370661e-21,0.30267487789193404,0.6972369956341392,8.812641120518888e-05
0.10481647831845009,2.63543769761768e-06,0.02035110340126772,6.969730175416765e-07,0.874829085869567
0.7149329193414917,0.0003851032523301021,0.00030041684472385203,7.06418158066672e-10,0.2843815598550363
1.335490083771577e-27,1.6450964614659446e-43,3.8003938159802142e-06,0.9999961996061825,1.5668174068153464e-15
2.118087815440656e-24,4.4412134918278514e-39,2.4000865809999224e-05,0.9999759991340245,1.6570768667604078e-13
5.488084325813361e-05,5.1240866043581225e-12,0.8483827365730633,0.0072634857931096,0.144298896785445
1.5930737103700714e-07,0.999999840692629,1.423204793959483e-30,5.642966122223861e-45,5.174234266492061e-18
2.037744823143962e-06,3.821380186971637e-14,0.955752916362348,0.021389537702867466,0.022855508189923254
2.5867878457202833e-10,6.501532288740315e-20,0.44135550388314776,0.5584781241156204,0.00016637174255328309
0.0006562220921995812,2.3984490967393246e-10,0.6117572269890221,0.0011367003779412343,0.3864498503009921
2.8312709388475167e-31,1.9571694893897898e-48,1.9418410883051692e-07,0.9999998058158912,5.92220581252315e-18
1.3584832013075275e-22,8.837551115421153e-37,9.086387094358053e-05,0.9999091361263701,2.686381114071364e-12
0.07326207034523158,9.121706917524417e-07,0.037823188130878656,1.958287023232717e-06,0.8889118710661749
0.1299549179125736,3.5814710210215097e-06,0.02382263515381766,6.548130617046853e-07,0.8462182106495261
0.9453365819437275,0.0034203688497021277,1.2594668970080938e-05,7.35561399735984e-12,0.0512304545302448
0.11085716981779525,1.73002709337062e-06,0.01146740484170361,3.291122656474584e-07,0.8776733662011421
0.003695458015860332,0.9963045374816338,1.5577602980948e-17,5.858790986928264e-28,4.502505799728202e-09
3.942560392287685e-06,7.296728222801718e-14,0.9494180668047255,0.01811064830267388,0.032467342332135316
7.426503509170517e-05,5.131039900727678e-12,0.8748969717115309,0.005859161744521422,0.11916960150372491
1.4097358965322938e-20,5.504247805889408e-34,0.0004569593452540094,0.9995430406128549,4.189120934189223e-11
0.012250045065658376,0.9877498825422235,1.123056912802523e-15,1.3708249553761385e-25,7.239211698785008e-08
0.7450954642224455,0.00034467117661082336,0.00035083648206297996,1.0347096017035412e-09,0.25420902708417104
3.5624617625210174e-28,3.4345177898061706e-44,1.2290862989157448e-06,0.9999987709137007,4.2495113514371737e-16
7.115878173349975e-05,5.98021290199779e-12,0.8719651539739409,0.004610211301214816,0.12335347593713057
0.1313611492656826,4.254967837830459e-06,0.02096306225955982,5.413820173660758e-07,0.8476709921249024
0.0009775832166168009,0.9990224165853591,2.0225272923239543e-19,1.4961465778528425e-30,1.9802414456031847e-10
0.26422695756466624,1.6802977029786444e-05,0.008758951689227855,2.0214442690643505e-07,0.7269970856246493
0.04134017991720931,4.068420490072812e-07,0.05737349434221023,7.3892950881886915e-06,0.9012785296034431
0.01968970606424083,0.9803102148285234,1.9107824338589772e-15,4.279077170869434e-25,7.910723384151864e-08
0.9409671115467324,0.05587554168086964,4.4086214155641686e-08,2.1638354812996524e-15,0.00315730268618153
0.25666166718643113,0.7433153019899408,5.968897526039585e-12,1.3695999427735502e-20,2.3030817659232945e-05
0.9613249407522703,0.031068866399417562,1.8695323754815926e-07,2.794845058464607e-14,0.007606005895046784
0.007348572760885411,9.581137500294538e-09,0.26491761069129116,0.00013193340539298222,0.727601873561293
2.0840098948930875e-07,1.0703578139522654e-15,0.9064936296166078,0.08456824139194045,0.008937920590461121
0.8642723470640901,0.13465913970529222,6.133420284735514e-09,1.494102534011891e-16,0.0010685070971972028
0.005593235396788894,8.065670734567871e-09,0.3543247422688894,0.0002862649861140725,0.6397957492825368
2.52084431678992e-31,1.1306137300548994e-48,1.751892987998056e-07,0.9999998248107012,6.1743270154720286e-18
0.8409478817120485,0.1581427411942706,6.103484714724795e-09,1.451737578866015e-16,0.0009093709901960055
3.454116599040681e-07,9.650176092903122e-16,0.9093128906828291,0.07862179747794923,0.012064966427560948
4.922042347616589e-10,1.4008893328536717e-19,0.47249035419395635,0.5271128804534818,0.0003967648603576237
6.233304837732144e-09,7.228366004248711e-18,0.714176130062889,0.2844501844494456,0.001373679254360343
0.0015051736101552428,7.1188651746395e-10,0.41072469381333737,0.0005422999288575748,0.5872278319357632
0.004813503196378616,8.479820936050188e-09,0.23123174729728235,0.00012715606441586675,0.7638275849621022
0.2533363412524033,0.7466496793811734,5.360889693109259e-12,1.0006080774359663e-20,1.3979361062152391e-05
0.9699307492608519,0.008796975085835124,2.2236298883000184e-06,7.231213885633584e-13,0.021270052022701717
0.15438985190218546,3.6029259124169073e-06,0.024443135044139263,1.1292483392273185e-06,0.8211622808794238
0.8639824916883186,0.0008069968551700667,0.000114597669556575,3.077000199559602e-10,0.13509591347925456
8.353111857421879e-09,0.9999999916468881,2.6767566794416587e-34,8.4519592366226e-50,1.4474392282888974e-20
2.6771054094840395e-31,2.0149555284200365e-48,2.0029831363851152e-07,0.9999997997016864,5.5989035068514505e-18
0.01680239668878242,0.9831975460371868,1.2456667863369585e-15,1.3925421352057294e-25,5.727402954076045e-08
2.1755477262025541e-10,4.624275460477642e-20,0.3375191002636495,0.6623463584915725,0.00013454102722324196
0.661592680797924,0.0003963038003270182,0.0003680751901121743,1.1399557713019542e-09,0.337642939071681
4.2373887247163044e-05,3.781797547602439e-12,0.8526211661458506,0.007643035906617558,0.13969342405650284
0.017898178793714654,0.9821017458957467,1.4336736281331487e-15,2.0101303823374666e-25,7.531053721514068e-08
0.7236658981887266,0.27592327303404235,1.1974191086178986e-09,1.5197417209599475e-17,0.00041082757981206945
0.8437225761637378,0.1552959138838298,3.939897724814587e-09,7.931577804490463e-17,0.0009815060125347782
8.012076289011413e-05,4.958820880622156e-12,0.8346404522660948,0.004628566180094844,0.16065086078596144
4.137756377940887e-24,6.742734408744847e-39,3.671031619141434e-05,0.9999632896834973,3.1131969658785777e-13
1.596660744951627e-20,6.599177884912835e-34,0.0005561358410064351,0.9994438640998045,5.91891138132435e-11
0.006295952327703865,9.735302181883933e-09,0.26964996059584406,0.00010202476216218831,0.7239520525789878
8.49001468337881e-05,5.1954592593675746e-12,0.8006050814716035,0.006132654938614599,0.1931773634377528
0.7208778312420356,0.00037233308659464793,0.00037450643326462674,1.2967902954213472e-09,0.2783753279413148
5.366863167358296e-10,8.113872239938563e-20,0.40474493525610017,0.594985189406982,0.00026987480023158653
0.019934774611440408,0.9800651546172763,1.4263122791747654e-15,2.2553158531688804e-25,7.077128166658303e-08
0.007501901847445613,1.2377868537470434e-08,0.3116491445707803,0.00013033548010403932,0.6807186057238016
4.597342247656055e-05,3.997336051944121e-12,0.8983144046401719,0.008082365119599734,0.09355725681375468
6.5983778207392454e-09,6.896569112060278e-18,0.7192221710181261,0.27975039931385765,0.0010274230696383818
0.9444991218132551,0.003457295659967419,9.548866256810396e-06,6.3858822054891175e-12,0.0520340336541349
3.7153161725738806e-10,8.08117667106949e-20,0.47221073628606386,0.5275951753951948,0.00019408794720971327
6.08140832018788e-05,5.321487121403031e-12,0.8606189286253533,0.005031955844159329,0.13428830144196402
3.4916073386592732e-09,2.1977253326032296e-18,0.6880384021381212,0.31095326393131306,0.0010083304389585876
0.8632457719602822,0.0007527524306267366,5.93766527015511e-05,9.418060080812454e-11,0.13594209886220907
0.008106543749377164,1.137408102705356e-08,0.3017843169003059,0.0001568751388161059,0.6899522528374198
5.570973983273618e-05,4.859960309859988e-12,0.8913626482039297,0.006856850017003584,0.10172479203437397
0.8923052288558677,0.10645842601041762,4.8086418709717394e-09,1.0574923604908639e-16,0.0012363403250724152
0.2227308073712563,0.7772527238948929,4.7523005778754436e-12,5.891517008954028e-21,1.646872909851427e-05
0.9494997789658894,0.04443252458142966,7.692943559112529e-08,4.741265995120586e-15,0.006067619523240469
0.9731674577652076,0.01673892992749143,4.4525356751015097e-07,5.5932996639726964e-14,0.010093167053677504
0.0058304721412441455,8.911586031854314e-09,0.3160643335519222,0.00015817975759901704,0.6779470056376485
1.0546393424535887e-05,3.3310344481030396e-13,0.9152303095391826,0.013403065554791985,0.07135607851226768
0.5121073073924859,0.000121809992368216,0.0015974716997556768,1.0248825285689678e-08,0.4861734006665648
5.538080853674045e-05,0.9999446191909775,3.7583221776811683e-23,3.302785383374421e-35,4.854972126559641e-13
1.9488090822841522e-15,5.697884428927408e-27,0.01694655647928832,0.9830533496890987,9.383161096159714e-08
1.043622258606986e-13,9.917625716624328e-25,0.053651598584452925,0.9463469395006958,1.4619147469627203e-06
0.000990710178511641,0.9990092896037398,3.007265666785156e-19,3.9021383018933744e-30,2.177485963512984e-10
0.14142832308464112,4.0128987535291315e-06,0.02288686911401795,8.267446770993744e-07,0.8356799681579102
2.221659198213635e-07,7.077008911803409e-16,0.9038637345887633,0.08711676910931829,0.00901927413599796
0.6569486915108582,0.0002766007932182068,0.0005521352194346245,2.7910209017541076e-09,0.3422225696854681
0.016807553694998246,0.9831923741086006,1.6079991880380231e-15,2.322983400467917e-25,7.219639972231011e-08
4.212385090524402e-06,0.9999957876149068,7.482294532537892e-27,3.836910201407269e-40,2.698762283606902e-15
0.017371814163672224,0.9826281124705963,1.6547637342219031e-15,2.673402215047388e-25,7.336572970917628e-08
0.004784547921900181,7.001365319736959e-09,0.2971812008830621,0.0001953992280197804,0.6978388449656526
0.021557591372400733,0.9784423089454605,1.4952665151350944e-15,1.8106470051934151e-25,9.968213725212727e-08
0.003238344782787532,0.9967616524172478,1.059898620144764e-17,3.119449694635508e-28,2.7999646637828194e-09
3.744280402730548e-42,3.613483962879176e-63,8.982301740355274e-11,0.999999999910177,3.8604286231472045e-25
2.2709568069147728e-11,0.9999999999772904,9.081819530027322e-42,1.5431856747940507e-59,1.460538126682792e-25
1.9306215711540823e-13,2.7767671902080566e-24,0.06536151356856526,0.9346357000976673,2.7863335743689387e-06
0.01633061796958609,0.9836692967548883,1.332597929195184e-15,1.9748119501046569e-25,8.527552437820026e-08
0.00564166609134761,8.327799186595729e-09,0.2939194838064728,0.0002857983524288722,0.7001530434219515
0.005868247393252315,9.834168552396124e-09,0.2283131801248342,0.00014414002403567036,0.7656744226237093
0.1164782677312846,2.7802442447109915e-06,0.02257419285654971,1.0377188989671022e-06,0.860943721449022
0.9652119174981917,0.00950875429407713,2.2377158834992144e-06,5.179837080344575e-13,0.025277090491329684
0.0045829076373641855,7.573932733099785e-09,0.23512444487001274,0.00013208281312906964,0.7601605571055612
0.7323055880878245,0.0003991359913193265,0.00032477496409131677,6.531677346274456e-10,0.2669705003035973
0.00439768234365223,5.76185172473216e-09,0.3700412053821263,0.00024869067659535795,0.6253124158357745
2.2853969465611169e-10,5.2363672660666466e-20,0.41963223568498675,0.5802080215844908,0.00015974250198268528
5.984279167368748e-05,5.310660778632192e-12,0.8667394887080309,0.005915424273552284,0.1272852442214325
0.016691780413883344,0.9833081528077211,1.2865718564653312e-15,1.2475642539037903e-25,6.677839422563444e-08
1.2416651512824288e-20,4.622194746061159e-34,0.0004097010941805693,0.9995902988649483,4.087108865725797e-11
0.13056828664912026,3.7467713021823367e-06,0.024916487268495633,1.2600984924074866e-06,0.8445102192125895
1.0720894328855211e-06,1.1825427746989617e-14,0.9514407135875276,0.031701362591720246,0.016856851731307482
0.10817814438598239,3.2015211074583018e-06,0.023627489069397475,1.1101364952013977e-06,0.8681900548870175
2.295049446401124e-13,3.185150058096082e-24,0.08516594416637026,0.9148312550510549,2.8007823453974983e-06
4.1588194227854043e-19,6.898169128143089e-32,0.0015270167912141918,0.9984729827792463,4.2953934630689287e-10
0.9681050593364326,0.010429487398010672,2.0045022124355782e-06,5.729917473481701e-13,0.021463448762771224
1.343705906128168e-16,7.461100930649593e-29,0.008852894038477641,0.9911470814044253,2.4557096900314678e-08
3.3216123653567884e-10,9.42093240812673e-20,0.3982774795026774,0.6014536703901857,0.00026884977497572307
8.925713541833724e-14,1.1566527715175965e-24,0.05708408834617484,0.9429146155690313,1.2960847046555884e-06
0.006856758529178119,9.231438498574201e-09,0.26414658336772384,0.000116622301042635,0.7288800265706169
0.6595562783202631,0.00037664475354968704,0.00041223465260034126,1.5582606002860628e-09,0.3396548407153263
1.9762412283488445e-20,9.26272965672226e-34,0.0004523886880399185,0.9995476112414415,7.051844649094105e-11
0.8627016837151029,0.0009106848748244635,5.79632551331738e-05,7.897748455092655e-11,0.13632966807596175
1.7795571308467752e-10,4.272881443616253e-20,0.3728948272277783,0.6269841346052222,0.0001210379890438657
0.0010272401280618621,0.9989727596642329,2.767264910811395e-19,3.073701465516583e-30,2.077051375600409e-10
2.2796093928363999e-10,6.264497238461499e-20,0.3777948535865934,0.6220125572015182,0.00019258898392744881
0.0010029427110602987,3.132633530138154e-10,0.5427327204113306,0.0007899761761130116,0.4554743603882327
0.13950849913674762,3.5995806886822394e-06,0.023862170983309842,9.802817867333105e-07,0.8366247500174671
9.814509792529796e-06,0.9999901854901799,4.186179699633054e-25,1.260564040425516e-37,2.7585032747304878e-14
5.078639441012073e-10,0.999999999492136,4.680762220102631e-38,1.2165631382663919e-54,5.945041317837819e-23
0.021018904260203093,1.4552514450872944e-07,0.07113222304174897,1.5801423450519762e-05,0.9078329257494528
0.09859883758761763,2.5266689889054994e-06,0.02429093514941101,1.6661063230700746e-06,0.8771060344876593
0.9684472106390515,0.008490209441525877,2.3638157702851074e-06,6.849505696202518e-13,0.023060216102967268
1.9616449018251858e-27,2.2995628813528563e-43,3.611924872143056e-06,0.9999963880751259,2.098694449513017e-15
0.0056443250898950414,8.07702673083818e-09,0.32833097027358404,0.00019912340071650297,0.6658255731587777
0.015436470028588837,0.9845634730670114,1.5019125956354333e-15,2.098451154286667e-25,5.690439833220079e-08
0.07700755757621008,0.9229913926143606,9.309624266098666e-14,6.123694500520381e-23,1.0498093364665187e-06
3.879771502496327e-10,9.22594519397626e-20,0.5153035437411304,0.4844853535881156,0.00021110228277678353
5.288448922504329e-06,1.8648441377451824e-13,0.9388972106072268,0.020225965502606413,0.040871535441057795
0.8560889834150346,0.0015404911178520692,4.683859913648144e-05,6.356471453086343e-11,0.14232368680441193
0.22914701031878013,0.7708391632485768,4.69184093388984e-12,5.697895133976671e-21,1.3826427951162229e-05
0.9612538098573354,0.010213367825537764,2.0292024549711675e-06,5.221205307715191e-13,0.028530793114149827
0.0012153931574138024,0.9987846065931599,1.9731776173555727e-19,1.3842266537993568e-30,2.494263302003885e-10
0.705596918201642,0.0003558218299920894,0.0005476513794879124,2.3342046745424863e-09,0.29349960625467336
9.771017668527411e-21,3.946838294247588e-34,0.00041678103550557376,0.999583218928438,3.605633769276463e-11
4.3985948146463925e-08,8.311818729732799e-17,0.8762123881147815,0.1204301919217835,0.0033573759774867193
8.322837449171813e-21,3.033502929130583e-34,0.00031447310179760166,0.9996855268692437,2.8958571050854374e-11
0.004970050235430585,8.762192756926377e-09,0.3539893560256312,0.0001394980624537173,0.6409010869142918
0.8373681230773135,0.16149299868846131,5.2598974762925496e-09,1.4407471210996218e-16,0.0011388729743274863
0.0009370870594865795,0.9990629127298598,2.4984594695356375e-19,2.040251442592606e-30,2.1065342414711968e-10
2.9537167955627e-24,5.8715559001150203e-39,3.056882574903782e-05,0.9999694311740687,1.822210348621204e-13
0.9701673608210566,0.009003443144387675,1.5756721815028483e-06,3.46807559049919e-13,0.0208276203620274
3.8041415759873294e-06,8.48514322813929e-14,0.9250097433999894,0.024561935092998314,0.050424517365351265
0.9664819971773021,0.011424991944577323,1.6942266289728314e-06,4.590267868713507e-13,0.02209131665103256
8.880169023058418e-28,9.457968262729674e-44,2.526781569688757e-06,0.9999974732184294,8.887971829453282e-16
0.9726956834305881,0.008020198692469508,1.7842757983055717e-06,4.4817030939831436e-13,0.019282333600695808
2.289768194468356e-07,8.68522753260554e-16,0.9038779650777389,0.08867322474110366,0.007448581204336927
0.3866766282251969,4.4047201590079984e-05,0.0037273347335315256,3.6141519853453426e-08,0.6095519536981616
1.8294340986230416e-07,7.121366603587384e-16,0.9048690574319775,0.08921622749920174,0.005914532125409951
8.169001617144455e-05,4.614011998847977e-12,0.8063355260641849,0.004623367326372329,0.1889594165886573
0.08032959018135889,1.2689332941558036e-06,0.045659112657431895,2.603846914766173e-06,0.8740074243810003
0.003538890971985643,0.9964611058264604,8.89649368258204e-18,2.8013243411543844e-28,3.2015540214187273e-09
2.0778516460182234e-20,8.7118253879447e-34,0.0006264513179741485,0.9993735486208322,6.119373353617608e-11
5.354524734781125e-06,7.987341610092652e-14,0.9336573552995759,0.01984962359626218,0.04648766657934713
2.34999396300351e-17,1.5239824397054004e-29,0.003932285224645694,0.9960677095037392,5.271615119616193e-09
0.006540432560852833,1.0394563406032838e-08,0.33056011886444125,0.00013406515433462017,0.6627653730258078
0.8282876233401081,0.17063744143906726,4.0110639349103885e-09,9.786935956594863e-17,0.0010749312097604086
0.005903405209590156,6.0038989883084295e-09,0.2177620000873058,0.00011942966742912233,0.7762151590317758
1.1924852278665984e-45,5.057488131467467e-68,7.348485195563588e-12,0.9999999999926514,2.6827985935260356e-27
0.4885894087547477,8.701297301547266e-05,0.00147055984399246,1.0786507431329501e-08,0.5098530076417369
0.7199933275563635,0.00020516840336358522,0.0004363020536850407,1.030054075514661e-09,0.27936520095653394
0.9715514584201742,0.010063974372202094,1.5321326056636197e-06,2.876685604654046e-13,0.018383035074730453
2.2378588200497443e-24,4.538896668335357e-39,2.478264901944489e-05,0.9999752173508409,1.3968269509657414e-13
0.9014368461563202,0.0011090663012874116,2.8237522317463404e-05,2.3432422287373023e-11,0.09742584999664253
0.11850069408994175,3.335921161313794e-06,0.020669296043690225,8.46226989466566e-07,0.8608258277182173
0.014080274809861675,0.9859196727157034,9.512858028714897e-16,1.2865573138417882e-25,5.2474434115275066e-08
0.006395662512923516,9.025348937135473e-09,0.29426207500237195,0.00021677704712323037,0.6991254764122323
0.8438558064559415,0.15491032459749304,4.589909106966667e-09,1.0783287693263389e-16,0.0012338643566561433
0.8629992381898528,0.13596275739413058,6.128859752062282e-09,1.042614972637877e-16,0.0010379982871566871
4.967482248070416e-10,1.144275726199584e-19,0.5789171581063964,0.4208047486930983,0.00027809270375700213
0.22080925761784287,0.7791740248379325,6.3255070926465325e-12,8.814419795960811e-21,1.6717537899017878e-05
0.9696710728813583,0.009312493072268852,2.096923010547757e-06,4.861667976904547e-13,0.021014337122876266
3.2932511203691738e-24,7.288494365529792e-39,3.4131708970844816e-05,0.9999658682908358,1.9345981759557463e-13
4.73614194898292e-05,0.9999526385799015,4.2086158004024135e-23,2.4288300020269325e-35,6.087138574066487e-13
5.3482609685696996e-05,3.97662377860137e-12,0.8660499808193476,0.006311438369786931,0.1275850981972032
0.7645970122307899,0.0003056884230398382,0.00039606276501076906,1.931791281250844e-09,0.23470123464936818
0.015414955738123556,0.9845849684969377,1.035938961342265e-15,1.3096284760655915e-25,7.576493755523098e-08
0.23303723854266634,0.7669443622757239,4.075254778840905e-12,6.920683929458262e-21,1.8399177534613666e-05
0.006998357236389909,1.1155544924805907e-08,0.2973613923823,0.00011134967794191091,0.6955288895478232
4.544056957548721e-05,3.828406284906357e-12,0.889878264943822,0.0070431585156431435,0.10303313596713098
0.01743255583753065,0.9825673773297517,1.1083691661001762e-15,1.2269771703963563e-25,6.68327166101954e-08
0.12630833289955837,3.2433210000533346e-06,0.027556172547575117,1.3972496267746408e-06,0.8461308539822396
0.10970163029541957,2.6180406559501223e-06,0.016071686919050605,6.354792952523529e-07,0.8742234292655785
2.982239844972726e-06,0.9999970177601529,1.2101655392873472e-26,1.2417966902441304e-39,2.014088722268367e-15
2.2373674999505338e-13,2.8845322171015988e-24,0.07643680070080504,0.923560605518335,2.593780636104489e-06
0.7016554603678894,0.00035969625697694694,0.0005196239456295127,1.5917792261057449e-09,0.29746521783772495
5.99927341726411e-05,0.9999400072652793,3.6272054466094696e-23,3.0806433037352287e-35,5.480688609065953e-13
0.9745693105742689,0.008204522098868813,1.7339614033705552e-06,5.097384385783575e-13,0.017224433364949034
0.7271798208682246,0.0002708081151253341,0.0003345147014862318,1.0056098651575969e-09,0.2722148553095539
0.9735457482562957,0.008336718953607391,1.6614690628249812e-06,3.9133042311980247e-13,0.01811587132064268
0.9686584754798228,0.008625083243226006,2.0303601023419213e-06,5.231993022531525e-13,0.02271441091632549
4.861883990647299e-21,1.627178114758829e-34,0.0002454341935543464,0.9997545657880674,1.8378045693783833e-11
1.0748757164298165e-20,3.885534071507777e-34,0.00048306784912504724,0.9995169321041372,4.673783157877846e-11
2.537899142559904e-06,0.9999974621008559,7.443598099343338e-27,3.334071570112342e-40,1.5550437483718665e-15
0.9566204046987768,0.038827805322659795,1.1099149389958476e-07,7.461910170323495e-15,0.0045516789870618775
2.614216118979495e-07,1.1544813323538473e-15,0.9315195294271579,0.060843791180374196,0.0076364179708549446
1.7655990956496057e-07,0.9999998234400905,1.6469375812732305e-30,8.432442063837399e-45,6.718126548144539e-18
0.46576278468450594,9.249920014570822e-05,0.0024184849955785227,1.9564979765721507e-08,0.53172621155479
4.373984027147278e-06,6.116010311147845e-14,0.9406627664217533,0.019368160536182677,0.039964699057975984
0.711533855983586,0.00043758422593317986,0.0005435138961094285,1.2319272512687408e-09,0.2874850446624442
0.3879394833611119,4.541225300298605e-05,0.00301469723595729,2.599605941033061e-08,0.6090003811538683
0.20399273065348555,0.7959910561085326,5.0453017318802994e-12,1.071580556192917e-20,1.6213232936534975e-05
2.435856940921328e-07,1.2692808223322016e-15,0.906334177197428,0.08389667741908033,0.009768901797796312
3.8077123539475736e-10,9.453801680698583e-20,0.41513061704464504,0.5846089373145668,0.0002604452600169383
4.802345861109444e-21,1.6920297255866608e-34,0.0002480549051063644,0.9997519450749375,1.995629561182015e-11
0.8915141072605653,0.10712238659751365,5.370643794529068e-09,1.3934198604414465e-16,0.0013635007712769279
0.0065661800672301264,8.750302127119091e-09,0.30829599648277867,0.00018836064337825813,0.6849494540563108
0.8564347316605451,0.14265342088660915,7.0508508395659414e-09,2.038211833882938e-16,0.0009118404019947005
5.994870450551046e-10,1.1684927035618707e-19,0.5308611841172122,0.468709447599981,0.00042936768331987323
0.9693613241846787,0.0077689765478720285,2.0649615828246593e-06,7.213844708221463e-13,0.022867634305144956
0.12000176096259722,3.4552846980608953e-06,0.034320574431846614,2.0708351627765014e-06,0.8456721384856953
3.0083758989773585e-10,7.85580197278342e-20,0.40422722498691305,0.5954852270968671,0.00028754761538230574
1.2490754058749168e-14,0.9999999999999876,2.2072682964644086e-51,3.959507083630972e-71,8.657597079891283e-32
0.9676000298631992,0.008142482659178447,1.7039734972005664e-06,3.128982915032924e-13,0.024255783503812516
0.0429686840311538,4.598192116661848e-07,0.04668928785570129,6.903601728263333e-06,0.910334664692205
0.7295065543643776,0.0003491462632632465,0.00042773609597554946,1.290265868139858e-09,0.26971656198611765
0.13343450972573395,3.199060936255625e-06,0.029382163764880034,1.6057812375268576e-06,0.8371785216672123
8.31290029712238e-06,0.99999168709968,4.11758615157769e-25,4.78520699671802e-38,2.2913406359902493e-14
0.144770169385443,3.905443816692479e-06,0.017568083936888208,8.074450823520684e-07,0.8376570337887697
0.13320049737771275,3.7272205572837133e-06,0.025411269893703087,1.2886126278680773e-06,0.8413832168953991
0.005597148999541282,8.219718552807779e-09,0.33994917290479176,0.00025095143701455455,0.654202718438934
0.12467729977947554,3.1158667083573306e-06,0.021330701245836744,8.630359593161724e-07,0.85398802007202
0.9744438023977563,0.006006205927267573,1.040500523242285e-06,2.1767200386543789e-13,0.01954895117423519
0.9685199880686042,0.025385362528644054,2.1794955119784533e-07,2.018563021944928e-14,0.006094431453180334
0.7730092055165008,0.00033576829235667117,0.00036108117826223805,1.4953828677535826e-09,0.22629394351749751
2.6949698750320507e-07,1.1087380043799617e-15,0.9081299589748641,0.0838726772531685,0.00799709427497896
0.0007958915713599701,0.9992041082267576,1.5217114850329914e-19,1.3621837599714209e-30,2.018822869651032e-10
3.028719344114082e-24,6.016837452202687e-39,3.254425473645588e-05,0.9999674557450651,1.9847154150617456e-13
6.710441781857616e-10,1.14076367540074e-19,0.49088128323177166,0.5087794893366566,0.00033922676052755405
0.9680735734695265,0.009412605931370653,1.746315997929202e-06,6.2815955703784e-13,0.02251207428247695
5.61302395821968e-17,4.4864718559590166e-29,0.006940362034657308,0.9930596260349678,1.1930374829533649e-08
0.9734809318495166,0.007613202633974172,1.7834104693937072e-06,4.031902079628297e-13,0.01890408210563682
0.287362573156462,0.7126196232839694,4.312288890640131e-12,4.0737487854319574e-21,1.7803555256203425e-05
3.806722659587738e-17,2.6240500621821135e-29,0.00443978121480902,0.9955602101679634,8.617227568860081e-09
2.299207857616958e-07,1.270035502846128e-15,0.8722215641879423,0.11825892966511539,0.009519276226155421
0.259780731535726,0.7402010593154571,8.415080926493361e-12,1.757539789163435e-20,1.820914040188192e-05
0.03067354119411507,1.7549749218152965e-07,0.13476968697635344,3.497765015428056e-05,0.834521618681885
4.3849798680757307e-10,9.860098774772922e-20,0.5137314426282446,0.4860178713732801,0.00025068555997732303
4.119411146930242e-17,2.0289709367175146e-29,0.004334670353101007,0.9956653196126178,1.0034280948817008e-08
0.004741119089908254,7.323547655525479e-09,0.24419482602528084,0.00015138540173248476,0.7509126621595308
1.512319503823224e-20,6.288091272567652e-34,0.00043420234050892814,0.9995657975999851,5.950590421055405e-11
6.642566100996937e-19,1.0,3.9598821848017085e-64,4.308894377156949e-88,2.6422381711638483e-40
0.7149572992533167,0.0003353919272209083,0.0005945585964569668,2.762577600195754e-09,0.2841127474604279
0.005980574344096798,7.555891406990813e-09,0.2557472238737317,0.00016612119036079465,0.7381060730359192
0.005952540558107904,8.001044484731847e-09,0.33561572972140385,0.0001649521840688598,0.6582667695353749
0.14618411162202422,3.569154987099857e-06,0.02186127987390541,8.478151939999533e-07,0.8319501915338893
6.91817274200532e-05,5.129666287737518e-12,0.8527171811219825,0.004757700832261144,0.14245593631320655
2.133826517361079e-13,2.0543731480173546e-24,0.06555411538505937,0.9344433674641294,2.5171505978758076e-06
2.669952852684798e-07,8.253114108436277e-16,0.9062847359550794,0.08258988318079934,0.011125113868835228
0.889335565615107,0.109657327825183,3.449068278459239e-09,5.630825917385235e-17,0.0010071031106417484
3.940098511995774e-35,1.152068293403801e-53,1.1938882161211098e-08,0.9999999880611178,1.3414756948827809e-20
0.9429427971689118,0.001901155155272799,2.1413737144653836e-05,1.7541534051666242e-11,0.055134633921129224
0.1120506707899704,2.1774684659587707e-06,0.013903120887603726,6.646031656322062e-07,0.8740433662507944
8.625244229625371e-05,5.5820165031654725e-12,0.8140117460144469,0.003491477946768773,0.18241052359090607
3.0864902808159423e-07,1.3393010935484509e-15,0.9138700258353712,0.07465624870105046,0.011473416814548758
0.1408529222140131,4.564495641231513e-06,0.018051492486261866,6.294561147939833e-07,0.841090391347969
4.0047165637506244e-10,0.9999999995995283,5.516380858438375e-38,1.7115888182847318e-54,5.0262988227921164e-23
4.22934355442131e-05,2.942346138192097e-12,0.9003283919684041,0.009032244477317354,0.09059707011579203
0.9660807156050187,0.010170835274288343,2.7642284631267883e-06,5.666216486594651e-13,0.023745684891663274
6.256329488409853e-05,4.244151084717741e-12,0.8498810681335117,0.005122580677276172,0.14493378789008377
0.015558144975856551,0.9844418119512068,6.742203496175796e-16,4.7590428073141205e-26,4.3072936111493124e-08
0.922616208410781,0.0018693269742109469,2.9372717790162587e-05,2.7980470679448294e-11,0.07548509186923749
0.01767440962210998,0.9823255148789686,1.4599922382951681e-15,2.1685661859544683e-25,7.549891970562571e-08
7.652384105772827e-09,0.999999992347616,2.531127030748559e-34,6.441261963129085e-50,1.503057066830874e-20
6.0621703602419486e-05,4.691406713941704e-12,0.8827994044510431,0.007521446751819016,0.10961852708884422
2.7376083780869e-24,4.937991078601416e-39,2.569921562954977e-05,0.9999743007841818,1.8869105785164566e-13
0.005041377518749472,5.136014053179818e-09,0.2987085759994826,0.00018226166336563897,0.6960677796823882
0.7483794909083377,0.00038969757582614403,0.0005056773705584552,1.5998930711073702e-09,0.2507251325453847
3.584835659042757e-42,3.226291260209727e-63,8.81191994122258e-11,0.9999999999118807,3.4951573746425577e-25
0.73491218625776,0.0003430142997962435,0.0003997468809671138,1.3394760081712468e-09,0.2643450512220008
0.8268040701620469,0.17215504176440236,4.485690127608193e-09,9.669874701661822e-17,0.0010408835878604795
0.0267967640416171,0.9732031747947739,1.213222065769278e-15,1.641022058260923e-25,6.116360774146899e-08
4.7746817625975225e-05,0.9999522531817299,5.512940744499882e-23,5.960352603085432e-35,6.441668191021527e-13
0.9688866415366539,0.008053759016751457,2.062309734412931e-06,4.652783224807722e-13,0.023057537136394687
7.904127350358274e-28,8.450627104659352e-44,2.603590273974852e-06,0.9999973964097252,9.696692305804105e-16
4.8994983377323476e-17,3.355068103434413e-29,0.004705681802011495,0.9952943089188148,9.279173629137602e-09
5.327232196100009e-05,5.348893992982421e-12,0.8556005735749193,0.007871735027334794,0.1364744190704359
2.894047002593999e-10,5.778010449775966e-20,0.334093215485319,0.665736368359741,0.00017041586553529482
0.9743570374182047,0.008636389385703555,1.7157458992431917e-06,4.0544386133040165e-13,0.017004857449787178
1.0992676150939114e-13,1.426356750868312e-24,0.046003942090065614,0.9539941371030756,1.920806748908271e-06
1.4233068362066493e-20,5.101492373013056e-34,0.0004139068669502925,0.9995860930851033,4.7946473342375626e-11
3.318172872160596e-24,6.936341330284011e-39,2.9284350269651607e-05,0.9999707156495085,2.2179760540369377e-13
0.0011018185678723276,0.9988981811942769,3.3288887631679833e-19,5.369544264857278e-30,2.378506393300337e-10
4.355752194344074e-15,0.9999999999999956,5.460477960908247e-53,1.3483167323418426e-73,5.3133239764499556e-33
5.2043636218753444e-05,0.9999479563631626,4.7062400834903255e-23,2.851092370399806e-35,6.186119807318707e-13
0.975672627304288,0.006434550920601334,9.004324412978809e-07,1.581524464509612e-13,0.01789192134251121
0.28231876821621826,0.7176650568379416,4.439168546477943e-12,7.550241031946212e-21,1.6174941401003384e-05
0.00551904428271656,8.948236925359198e-09,0.29358440611327974,0.00011077219365721952,0.7007857684621095
0.7638903506854173,0.23581006733859594,3.4316291756391826e-10,2.20027463476973e-18,0.0002995816328236989
0.029028635881432802,1.8863481234939582e-07,0.11196599569694657,1.8252487164843497e-05,0.8589869272996434
0.2443148694769984,0.7556697174521376,5.595642929853349e-12,1.0748377469961527e-20,1.5413065268196826e-05
0.009365664973222254,2.2370737793900014e-08,0.2784396161693757,9.831933307615706e-05,0.7120963771535882
5.729460364965354e-05,0.9999427053954439,4.6446671276947533e-23,3.513361824637084e-35,9.063957224914229e-13
1.337875322574248e-07,6.106176532311739e-16,0.8904771559868345,0.10456660877854962,0.004956101447082989
2.144563873856514e-38,2.7775416303879985e-58,1.2180805382010382e-09,0.9999999987819195,1.4564142746601622e-22
0.9737880638868173,0.007837482482182263,1.206306629614704e-06,3.156397268451279e-13,0.018373247324055143
0.24680504230914463,0.7531781761496864,7.136769534166798e-12,1.6700274691614666e-20,1.6781534032058833e-05
0.13876349660152312,3.5767842831667957e-06,0.02236317908287871,8.046642524726465e-07,0.8388689428670625
0.13015165654731173,3.4185036097503143e-06,0.02798065424366827,1.2046409210638726e-06,0.8418630660644891
9.362161280101397e-21,3.8313274637528225e-34,0.00038310009186160447,0.9996168998639727,4.416573778743536e-11
5.154374643736372e-05,0.9999484562529349,6.156559538110177e-23,6.314753636835754e-35,6.27735549221131e-13
4.313493766889314e-17,3.0001531085886636e-29,0.005812216325039613,0.9941877727315691,1.0943391331689732e-08
3.0651877491805077e-10,7.924268168923958e-20,0.5080905179876437,0.4917216229747308,0.0001878587311067179
2.241981928321662e-13,3.157154505833042e-24,0.10119769970533707,0.8987995426177113,2.757676727378457e-06
0.0012291201854413018,0.998770879538399,2.177417112877137e-19,1.77492101923755e-30,2.76159671535078e-10
0.8632817869407137,0.13571162247871546,7.819856116082901e-09,2.6006203245749687e-16,0.0010065827607145836
1.904221193957526e-07,7.395346659625729e-16,0.891279305542966,0.10241403042636167,0.006306473608552112
0.8598099049613726,0.139111698812246,5.760099060764477e-09,1.0967211062109926e-16,0.0010783904662821882
7.521709859937956e-05,0.9999247829005429,3.570447993409778e-23,2.6076832539489933e-35,8.577621605154457e-13
0.12198988166671722,3.1935557654046926e-06,0.024701129474387205,8.538077686775368e-07,0.8533049414953614
0.2443400541763253,0.7556478306755173,4.59657371129347e-12,5.239804537930318e-21,1.2115143560702681e-05
0.0005968443859955595,7.571792498804707e-11,0.5494797195300709,0.0008639920434094948,0.44905944396480596
0.8717132442919339,0.12723611777529611,6.180249436649093e-09,1.0849302901938161e-16,0.0010506317525202924
0.24527365603933243,0.7547085989986703,5.98920736672425e-12,9.275074621544374e-21,1.7744956007981137e-05
1.5018645667156144e-20,4.2986120783887415e-34,0.0004121633006868086,0.9995878366354415,6.387161086318315e-11
0.20184011768688373,0.7981468914615591,2.6256591197419156e-12,3.492545285681813e-21,1.299084893150605e-05
0.0045719667951175415,6.020434642986826e-09,0.3026874976178361,0.00020053764459863815,0.692539991922013
0.014212890521594768,0.9857870547048104,1.2448202829654878e-15,1.7655260076916673e-25,5.4773593410066415e-08
0.002220048927435946,1.3229577771958474e-09,0.4243695503366624,0.000499233252821271,0.5729111661601225
5.334100239238932e-17,3.0750381856373796e-29,0.005180263066253588,0.9948197255224092,1.1411337163228523e-08
0.030014038518745113,1.3661510290867813e-07,0.12156127451459417,1.610211208020216e-05,0.8484084482394776
0.0002420476523292228,0.9997579523372869,3.545123462090231e-21,1.1630290447066534e-32,1.0383889084668818e-11
0.016882900242363646,0.9831170336781248,1.2191670323837949e-15,1.5355515086965723e-25,6.607951017282317e-08
0.683766251977969,0.3160307938792753,2.7372457046355646e-10,1.0425914630691942e-18,0.00020295386903119962
4.960035686992822e-05,4.41828390208189e-12,0.8828884037222735,0.006897008064979334,0.11016498785145874
0.8285001111072438,0.17038400735234935,6.402590499510433e-09,8.30914973282195e-17,0.0011158751378162566
0.972547065124966,0.010019686231033125,1.9823966715914168e-06,4.0068245594275614e-13,0.017431266246928697
0.016615652937627123,0.9833842781402647,1.8960178481822878e-15,2.6725742661392085e-25,6.89221059786027e-08
0.3941762358440688,4.893341783451633e-05,0.003669665130447929,2.911829769160917e-08,0.602105136489351
0.971419579672891,0.008238943098445929,2.4574737326037377e-06,9.562401472018334e-13,0.020339019753974192
0.00520886695372479,7.844564512775651e-09,0.32654116761278673,0.00018907379471218335,0.6680608837942118
1.0560913905083016e-13,1.28116556181737e-24,0.04263581039723352,0.9573629510646675,1.2385379931842485e-06
0.12199952748055284,4.0896323606398574e-06,0.01675191133653131,6.937009610461135e-07,0.8612437778495942
0.967634582586945,0.010454843643082273,1.3389532757443919e-06,4.186759052251197e-13,0.021909234816278194
2.3046248903135493e-10,6.385980532979458e-20,0.40575138141493594,0.5940201756979182,0.00022844265668335793
0.10818039533817944,2.8051728719845756e-06,0.02752302029704739,1.5608208631893952e-06,0.864292218371038
9.373871877402278e-09,0.9999999906261282,2.631201359002198e-34,9.702260687514342e-50,1.6018484815669415e-20
0.05071928803246216,6.125420930617002e-07,0.02226265252186436,9.872717548776715e-07,0.9270164596318256
7.837034210389367e-17,6.308831511794313e-29,0.008148411168291349,0.991851574491398,1.4340310521352656e-08
3.548226562770514e-09,1.5550558025737584e-18,0.6389334181646109,0.36000507407099,0.0010615042161724155
1.6693903569101086e-07,7.517464143355485e-16,0.9231980663810988,0.06949560266250847,0.0073061640173564925
1.6886396561420276e-07,7.095582401907946e-16,0.9152862156086217,0.07766211949361924,0.007051496033792957
0.01755352208269651,0.982446413556359,1.3536619048388987e-15,2.0078863161399861e-25,6.436094311687915e-08
3.189544664628595e-24,8.055876041836616e-39,3.254521066614944e-05,0.999967454789109,2.248905841694413e-13
5.078426742655584e-05,5.132184925410048e-12,0.8644131279191333,0.00790322109267212,0.12763286671563595
0.840609176342877,0.1582755210458264,7.111347582263364e-09,1.3933023818947618e-16,0.0011152954999488554
6.199455694685016e-05,6.115380738123402e-12,0.843282646278034,0.0071575653821132216,0.14949779377679082
0.21218982376439788,0.787796101579394,3.0566796716242602e-12,4.70056465875575e-21,1.4074653151426261e-05
4.321711692136739e-17,2.0193749222203395e-29,0.0039903492408828855,0.9960096434017807,7.357336545486848e-09
3.8176749569364226e-17,2.7471744973061925e-29,0.0037757116293312036,0.9962242791024225,9.268246300672994e-09
0.019340924252950586,0.9806590264854993,9.981527041940866e-16,8.120833797506933e-26,4.926154884425371e-08
6.421570542444821e-14,0.9999999999999358,3.072821727680731e-49,1.081968604028951e-68,2.0022341824306103e-30
3.9727537714871204e-10,8.230861809465554e-20,0.42435166503058797,0.5753744710592252,0.000273863512911494
0.7647078271793457,0.23461475040244467,4.305421169398499e-09,3.0957764161671455e-17,0.0006774181127884623
0.1440755918156836,3.4782217204004586e-06,0.020780216188379216,7.62742319377117e-07,0.8351399510318974
2.016799918292531e-20,7.49852830093795e-34,0.0006152928303935106,0.9993847071005457,6.906071173756197e-11
1.627459326471217e-07,8.059748129262545e-16,0.926065050013453,0.06738276786165386,0.006552019378959878
0.0007676474566762104,0.9992323523656733,1.65007094630168e-19,1.9283111839742367e-30,1.7765046409794399e-10
0.6982046276927278,0.00032195418065005085,0.0005215620211729468,1.9419549792441746e-09,0.30095185416349424
4.021262317955652e-05,2.801162229730994e-12,0.8900099595709178,0.009898187920165079,0.1000516398829364
1.2262200448049978e-07,6.112370999990863e-16,0.9212550115161147,0.07340957227419742,0.005335293587682983
1.2768690097941527e-38,1.9629172854399704e-58,8.863069651005729e-10,0.999999999113693,9.609464908352812e-23
1.886888858825474e-20,7.491977580888908e-34,0.0006057518889626058,0.9993942480541297,5.690781044936306e-11
9.647003605240712e-42,9.687133041304024e-63,1.5304828910136286e-10,0.9999999998469518,9.631621350084734e-25
0.9544927077444134,0.03942511526116561,8.382251247055396e-08,6.055670743450111e-15,0.00608209317190211
2.860769922618169e-06,4.712744746352139e-14,0.937354383938528,0.03617983315500277,0.026462922136499378
1.164612777759932e-05,4.959969362114535e-13,0.9410338141166158,0.007957382084291342,0.05099715767081923
0.15400721476337464,0.8459749285128696,2.2233347116035897e-12,1.1681408972458556e-20,1.7856721532424703e-05
0.2717354838163739,2.5155546772778525e-05,0.006100049828648765,1.0622866186971057e-07,0.7221392045795427
3.1356934486931144e-17,2.1452981235628564e-29,0.0036388320788221925,0.9963611620902602,5.8309174418390026e-09
0.23450857038484357,0.7654738684184119,8.521099433831364e-12,1.669992408205777e-20,1.7561188223483827e-05
0.2434273734909287,0.7565607082779718,5.0397461266358094e-12,6.3020871009707915e-21,1.1918226059704766e-05
0.0008152375539244429,0.9991847622523753,1.8801418916971122e-19,2.2810705779054822e-30,1.9370022154119962e-10
0.006021197949978897,1.0879962224259847e-08,0.2324014879476482,0.00014625017964887298,0.7614310530427618
3.375679347655922e-10,7.757619732079497e-20,0.46753555393536256,0.5322624556129115,0.00020199011415803685
0.020601832610769196,0.9793980904517674,8.850973815791171e-16,8.683479962357632e-26,7.693746256794583e-08
1.4973372710729855e-05,3.5796506171674833e-13,0.9023273075090343,0.01287545524866003,0.084782263869237
0.7166323344032899,0.00036079250113220536,0.00046246288429697995,1.257261436508376e-09,0.2825444089540196
0.028485304419444166,3.348326533031166e-07,0.15890192817118928,1.6573204462234136e-05,0.812595859372251
4.0031731122913895e-17,2.704908580668761e-29,0.004859290487492096,0.995140701617014,7.8954938984468e-09
0.03370106654137225,2.0780004139627466e-07,0.09439260274951719,1.3766278480022028e-05,0.8718923566305892
6.028345829960716e-05,0.9999397165410085,7.232939076568525e-23,7.335781528716104e-35,6.918666160908712e-13
0.7215892611971626,0.00027897254587636163,0.0002502505591104747,7.280444723575764e-10,0.2778815149698061
0.8768879135310156,0.12206832346342292,4.588456782149562e-09,1.1019455834059188e-16,0.0010437584171044613
0.9686134178977126,0.008702277015997477,2.163340593183831e-06,5.315124224048344e-13,0.022682141745165207
0.6204998026344276,0.37933568368060566,1.9060178815717328e-10,1.0655348903956035e-18,0.00016451349436487976
0.005017922622188387,1.2493115427377347e-08,0.4256597778656764,0.0002359857216253944,0.5690863012973943
0.12281538157041025,3.2965773988078423e-06,0.016765700913770956,1.0858898227402073e-06,0.8604145350485973
5.7197785269233056e-05,0.9999428022140814,3.338798079987127e-23,2.9277534503792895e-35,6.494554132479117e-13
0.8789902081324855,0.11971752334808083,5.666324068362951e-09,1.3022982821033417e-16,0.0012922628531093616
0.007028822521459613,1.0960111632736031e-08,0.30255761029172584,0.00012697507401205832,0.6902865811526908
0.12189304032636171,3.431198898279818e-06,0.017946326123576932,7.276624654855403e-07,0.8601564746886977
0.38041820035682117,4.2303227365538694e-05,0.005591572896623205,1.1395428691875767e-07,0.6139478095649031
0.9093954604694553,0.0015821153111731968,4.3734113705887945e-05,3.157794279235342e-11,0.08897869007408778
0.43636928164265465,0.5635678208838614,3.2607164604699287e-11,8.500437016256186e-20,6.289744087690747e-05
0.6339491999685405,0.00031884623759992825,0.0005616612054714302,2.9410322938455546e-09,0.3651702896473558
5.043161507223112e-10,1.278232258311674e-19,0.551749887598149,0.4479557034842431,0.000294408413291656
0.575794781860459,0.0001386631059284768,0.0006286314906378962,2.7041174211995207e-09,0.4234379208388572
5.627323447717175e-15,1.6090025497533208e-26,0.02893913760839406,0.9710606237064972,2.3868510312378365e-07
0.8491246115438369,0.14971255075703532,7.0278826399441505e-09,1.6936745917859668e-16,0.0011628306712449536
0.8652290584613357,0.0012463176156297805,7.87347612380654e-05,1.288398933665757e-10,0.13344588903295646
2.7438141746375837e-10,6.902658439318556e-20,0.3469104677403964,0.6528949811385824,0.00019455084663977103
0.9689373046670008,0.007334637042153936,1.5010405636773527e-06,3.7751169517769793e-13,0.02372655724990401
9.325460545276206e-21,2.259238291276397e-34,0.00038951068937147503,0.9996104892665368,4.409160068038569e-11
0.12637919519779195,2.6286567125054928e-06,0.01527637195951919,5.168403326102628e-07,0.8583412873456437
2.422304958805219e-07,1.1191385416914213e-15,0.8975989750761888,0.09005426751384617,0.012346515179467794
0.9568290042339896,0.03930127982068157,8.959793111763754e-08,4.438516242794552e-15,0.0038696263473930715
0.9744928042821251,0.008324944953040784,2.3234019312306513e-06,7.508962625106697e-13,0.017179927362152098
5.001981343703387e-10,8.698992172230987e-20,0.5014628027834735,0.4981986855304196,0.00033851118590860264
7.091652546180365e-06,1.848787584034674e-13,0.9393603137307716,0.012490989420054194,0.04814160519644319
2.433131506251759e-12,9.040270234891024e-23,0.1564801891424371,0.8435069380783274,1.2872776802413932e-05
1.4421071661332692e-07,5.268628561958015e-16,0.872424442046225,0.12171931622255337,0.005856097520504294
0.021342898686989117,0.9786570329269658,1.3213540382673967e-15,2.3204686293308065e-25,6.838604371335352e-08
0.12765177383841533,3.3335838632034164e-06,0.021149043161233814,1.0291030234598492e-06,0.8511948203134643
1.7461126087410756e-10,4.347922010808885e-20,0.400476952402549,0.5993908973404106,0.0001321500824290274
3.108254756106496e-10,7.395142724350238e-20,0.4850805587856988,0.5147041486492685,0.00021529225420720545
0.0007113509268252381,2.2125827153548732e-10,0.5848474789779837,0.0012826668221857305,0.413158503051747
0.006729202149570514,9.341665963827138e-09,0.2818454214560961,0.0001818539178726398,0.7112435131347948
0.0008736506229010852,0.9991263491893677,2.381467211309038e-19,2.0251365872833945e-30,1.8773116967296476e-10
0.004213091826814034,6.73937979167466e-09,0.3739129733014174,0.00027447470119538645,0.6215994534311934
1.2254024958898703e-24,2.428772143102828e-39,1.703187983000363e-05,0.9999829681200868,8.324651481307209e-14
4.4503300263324726e-05,3.7493449663790064e-12,0.8715647077391112,0.006642116111945556,0.12174867284493057
0.5631126052584973,0.00013599201698229275,0.0012836440808274726,6.794842882163641e-09,0.43546775184884995
0.9676568418608387,0.009011009996592228,2.820135506628434e-06,7.166037249171153e-13,0.023329328006345813
0.8157350256661142,0.18297742789950294,6.409671569427951e-09,1.8712835099467023e-16,0.001287540024711061
0.006781203244648515,9.049074022661515e-09,0.31514166029804097,0.00015608800212382957,0.6779210394061127
2.0954801578378735e-07,8.735613868122981e-16,0.903813484715995,0.087914344513426,0.008271961222562378
0.25560568573457265,0.7443802786199192,6.133305923789297e-12,9.98167082576102e-21,1.403563937501698e-05
8.139471580029717e-09,0.9999999918605286,1.9699292866053412e-34,2.3919116934354176e-49,1.637595294132263e-20
0.915448221475354,0.08328399685937114,6.426829980338313e-09,1.8091274940359782e-16,0.0012677752384447705
8.579396849646129e-14,1.1165372806733034e-24,0.050272327666322024,0.9497263232837665,1.3490498255804542e-06
0.9482672982890842,0.0029173599072467985,5.823227446586448e-06,3.1601551558075165e-12,0.04880951857306221
0.10206500833787753,2.9628586043545437e-06,0.012678364190931778,6.574208815664642e-07,0.8852530071917047
3.1614095673845264e-07,1.652925927872544e-15,0.9222687328178388,0.06716622432547151,0.010564726715731382
0.9708660178809425,0.008156973894452418,2.728349105950866e-06,1.2457874897683613e-12,0.020974279874253324
0.0009607601712789306,0.9990392396252453,2.8622200132803714e-19,2.538833461037944e-30,2.0347575087081808e-10
5.444835823186298e-10,1.3988994080817054e-19,0.576747765008606,0.4229109650187872,0.00034126942812300786
4.2372629881762336e-05,0.9999576273694976,3.82731320989244e-23,3.4486995164330316e-35,6.206689429266576e-13
0.005682054832039146,6.302442708628786e-09,0.2730368270310604,0.00014395569455151653,0.7211371561399063
0.0007130989772924418,2.760211730173507e-10,0.6620199362389612,0.0008859712123574468,0.3363809932953676
0.966776574075759,0.009635891598440017,2.90570830361174e-06,6.074012770690011e-13,0.023584628616889848
0.8276141810864498,0.17127711111080923,6.509764747768955e-09,1.7051411099656708e-16,0.0011087012929761422
0.5921783765328479,0.00011783228870104088,0.001087807452287607,7.165033417892634e-09,0.4066159765611301
0.7113614317473881,0.2883377314098936,6.818069970555214e-10,5.3883638497226135e-18,0.00030083616091121926
0.25483719462780213,0.7451451638640887,6.704220897686349e-12,9.89788638287991e-21,1.764150140499037e-05
0.28059446702395413,0.7193913996447678,5.145480574879908e-12,8.833741491124112e-21,1.4133326132465907e-05
0.21495201257482366,1.473613636295084e-05,0.010514627542298191,1.4437359570941024e-07,0.7745184793729194
1.5538354146736222e-07,6.656863836047626e-16,0.8853740981181061,0.10808100036371501,0.006544746134636848
8.954575053844618e-12,5.473151650342476e-22,0.2161083457324187,0.7838572344855449,3.44197730818504e-05
0.714563732389626,0.0003647459537915854,0.00034335053259582017,1.6568240603816977e-09,0.28472816946716245
0.9666060438087731,0.02183773369785841,3.663194728263541e-07,5.4570244004351005e-14,0.011555856173840827
5.0288587014308165e-05,4.026234032862004e-12,0.8793796604589357,0.005604444412587672,0.11496560653743608
1.6027958524711212e-13,2.5090272643567593e-24,0.06669039394179109,0.9333074827115025,2.123346546000404e-06
0.8382325077472325,0.1603823903313105,6.936051298005694e-09,1.3202182363639364e-16,0.0013850949854055559
0.008604793876233299,2.4909329120429428e-08,0.22916133304297917,0.00011117632296044086,0.762122671848498
0.9668384578423505,0.01014522693417531,1.8181766623385746e-06,7.04542701165622e-13,0.023014497046107328
3.010277398729601e-07,9.3570159614946e-16,0.8825632811748503,0.10788920874033987,0.009547209057068963
0.005010447506815768,6.531584762874777e-09,0.30432673245707853,0.00023669948401618067,0.6904261140205048
0.015748080829579125,0.9842518545070514,1.4677906333869183e-15,1.182139072037162e-25,6.466336794743225e-08
7.75213647004408e-05,5.921142489618746e-12,0.8670406024843008,0.004200213157960758,0.1286816629871168
2.3118868490012105e-13,2.5656704025673724e-24,0.06505255755479396,0.9349443752316058,3.0672133689944495e-06
1.5869021672684169e-13,2.1186168870862407e-24,0.06220920538574572,0.937788623050038,2.1715640575055216e-06
3.0773845241396717e-15,1.0378073533618478e-26,0.026916306742011273,0.9730835216014159,1.7165656967346656e-07
0.12675842568107884,3.158214537639828e-06,0.02511863461066118,1.2418155563030214e-06,0.8481185396781661
2.898509741091689e-17,2.0335084396381347e-29,0.003739242344384275,0.9962607514463625,6.209253248829923e-09
0.06659590487523213,0.9334030597543007,9.074457493120431e-14,4.043850632213851e-23,1.0353703763430367e-06
7.977981493484786e-21,3.6125850167761226e-34,0.0003301253398670773,0.9996698746245765,3.555655726654555e-11
0.005733576080218943,5.971944958774344e-09,0.22614656000967812,0.0001268262535446362,0.7679930316846133
0.11802520032935623,2.5323677561189446e-06,0.013778073311443307,5.170797187414728e-07,0.8681936769117256
0.2619596921278677,0.7380252530322915,4.214855878891684e-12,7.27148030927403e-21,1.5054835626131118e-05
0.09661078318337454,2.8699374836019626e-06,0.019360346144470787,7.792817642799849e-07,0.8840252214529067
4.307568225534763e-10,0.9999999995692432,4.6567207661142456e-38,1.5440765304310746e-54,6.579810498911575e-23
3.149990047644052e-17,2.3782226519168746e-29,0.0038671069167246497,0.9961328868048583,6.278416971263742e-09
0.36692127239000116,4.6943369964758645e-05,0.005987395495007967,6.55509053844102e-08,0.6270443231941208
0.0013431587496666214,0.9986568408872282,3.969158088183735e-19,2.2223282124204405e-30,3.631051341648828e-10
0.969785771170197,0.006154604335581444,1.5485063992484004e-06,4.720779582283735e-13,0.024058075987349985
2.9743107236902388e-06,0.9999970256892746,9.379233130478495e-27,5.445798052542559e-40,1.6794266808589336e-15
0.6999678600579441,0.2996309627036105,8.815937019516382e-10,9.122692173977302e-18,0.00040117635685165234
2.201017236120195e-24,4.536081590878186e-39,2.9812153497071775e-05,0.9999701878463314,1.7153035662046438e-13
5.962670250746133e-05,0.9999403732965882,6.875790006553109e-23,6.796765849375784e-35,9.043549502594519e-13
0.000824011130552355,2.8898205735774984e-10,0.648076114421088,0.0008387535530478887,0.35026112060632963
0.031295161309128704,1.7625870314942413e-07,0.08637408729741829,1.9136447974844568e-05,0.8823114386867751
0.0042583515472086825,5.984924143856756e-09,0.3004904392071327,0.00018226503996748007,0.695068938220767
0.3792694830284546,5.291072373929058e-05,0.0041320819844371925,3.5534442467989794e-08,0.6165454887289263
2.1039561699040795e-07,7.426537511130013e-16,0.9082136725429395,0.08538541217178543,0.006400704889657374
3.086485400663856e-10,7.790863609955696e-20,0.4524648519885151,0.5473030239684977,0.00023212373433863757
0.7054516909539136,0.00038351583887018855,0.0003276135107571238,8.60277438774198e-10,0.29383717883618177
0.7646475521231015,0.00037294490330949117,0.00041748225965904936,1.3941793736700266e-09,0.23456201931975057
4.642808060194342e-10,0.9999999995357192,5.56018127214233e-38,2.1108355369674265e-54,4.9810456774418344e-23
1.9971020500896214e-13,1.8799152600643354e-24,0.06415679974353924,0.9358403123380268,2.8879182342215595e-06
0.9772401994477086,0.007998515748667473,1.5560749364377093e-06,3.639398658015552e-13,0.01475972872832366
6.713046912504276e-21,2.5403173183804064e-34,0.00034623499718273423,0.9996537649767137,2.610351978666248e-11
1.7188374898743445e-07,3.9798315898542403e-16,0.9265006599769512,0.0661309634179349,0.007368204721364545
6.323218727146681e-05,5.989988455799804e-12,0.8549345376360703,0.00393338474645217,0.14106884542421605
1.808011319014165e-07,7.612023930464162e-16,0.8993385388411209,0.09443880754079152,0.00622247281695485
0.007074545057620388,9.486909496016182e-09,0.25674810944483095,0.00010351760437949806,0.7360738184062596
6.547772872057176e-17,5.758337991829725e-29,0.005100420707470818,0.994899564943841,1.4348688116859023e-08
2.1710748259144034e-24,2.1294402391884608e-39,2.0933736728221446e-05,0.9999790662631247,1.4717506789265758e-13
0.11888051754768189,3.2854305158572822e-06,0.019235557548382253,6.794552331003383e-07,0.861879960018187
0.37295145739623653,3.906651380949898e-05,0.0036329701317116265,3.9331169431311275e-08,0.6233764666270728
0.032121972521068874,2.3356772433833984e-07,0.09848878138264394,8.52532266662449e-06,0.8693804872058962
0.004219989836089275,0.9957800059087529,2.0382833339987812e-17,6.353218526764603e-28,4.255157796726318e-09
2.0654320246846902e-20,6.328122314090256e-34,0.0004930058004767897,0.9995069941184966,8.102649703365433e-11
2.9279411787370533e-10,7.784521105089428e-20,0.4129307626158422,0.5868475212195033,0.00022171587186041434
9.800661442836968e-09,0.9999999901993385,2.3625160759885157e-34,7.223978999162907e-50,2.432917356133371e-20
2.3223311424959705e-13,2.050046400797347e-24,0.06243896352173892,0.9375582387331586,2.7977448702878813e-06
0.9584551358775383,0.0371439647798818,7.748627603621282e-08,4.106288614367352e-15,0.004400821856299738
0.22635000418715256,0.7736343841190798,3.795794678995628e-12,8.231128214474037e-21,1.561168997168725e-05
1.2749497921310938e-07,0.9999998725050208,1.282411064030946e-30,7.608603089629195e-45,5.418342991587386e-18
0.025941131607265043,1.5369832768765835e-07,0.10289206773458132,1.6055297139179772e-05,0.8711505916626867
1.1566834901337704e-08,9.191983293310622e-18,0.7748855692297487,0.22314613757027776,0.0019682816331384224
1.2671083028915419e-17,1.0,1.9635492759656884e-60,1.190957725872e-83,3.1560241693410226e-38
5.532223240348197e-05,4.254439819444995e-12,0.8829942034767333,0.004565463995314313,0.11238501029129452
0.0003571451806936477,7.82045573119559e-11,0.7166425011337622,0.00156839974162869,0.281431953865711
5.7016624524662966e-05,5.091874452460778e-12,0.8525362023845964,0.007452232827129051,0.13995454815865813
4.456590817016172e-05,3.7362513570747424e-12,0.894752091803832,0.005340332275877748,0.09986301000838396
1.6280626983070695e-08,1.879115002786035e-17,0.7750805507469751,0.22273922685493128,0.0021802061174666693
4.318037208767505e-10,7.961781301863285e-20,0.46560005228537354,0.5340485801169494,0.0003513671658732035
0.30934492948077047,0.6906306394869508,7.238729461047407e-12,1.3096194061545482e-20,2.4431025039999757e-05
0.0006286015292808774,1.9973314336400556e-10,0.6547522815843929,0.0015364048230447564,0.3430827118635484
2.1492975371859457e-07,1.2444351842047965e-15,0.9151369164352718,0.07624659564032384,0.00861627299464944
0.000944692451133331,0.9990553073881855,1.7937207337751544e-19,1.3326043220524254e-30,1.606811236324119e-10
0.847499324286572,0.1509918120576558,7.422050446062853e-09,1.9505952707998025e-16,0.0015088562337215953
1.062920601285826e-08,0.9999999893707939,1.884753977013089e-34,8.004030966990066e-50,2.3831585673185303e-20
7.486090411836496e-05,6.6640518384282585e-12,0.8699914158959683,0.004897275908826927,0.1250364472844223
4.329160121891038e-05,3.89801838764346e-12,0.8553095144740329,0.007922555383903672,0.13672463853694655
0.6978583609910133,0.0003292343810731944,0.0004870482146962471,1.7008701159089962e-09,0.30132535471234717
6.304219883791229e-35,2.2762530208890498e-53,1.792640386584718e-08,0.9999999820735962,2.5722619783245714e-20
3.5321660008375468e-06,0.9999964678339961,1.0028046875812508e-26,7.265254258278919e-40,3.045300227444289e-15
0.014825548799419679,3.3634235443471234e-08,0.2054605032004975,4.638036739587162e-05,0.7796675339984516
1.2384098153185933e-27,1.46583229442427e-43,3.4207330453450724e-06,0.9999965792669535,1.1880216097033043e-15
0.6963054074851434,0.00028931882782146307,0.0003944724489608575,1.0432721018266287e-09,0.30301080019480225
0.005484977951952552,5.574426166266772e-09,0.24215277132960364,0.0001555225186940994,0.7522067226253236
0.9700914799479347,0.010539772078004519,1.4081424227079589e-06,3.7452314367601484e-13,0.019367339831263628
0.0010617274680905782,0.998938272319415,2.322471941709308e-19,1.1877273892895767e-30,2.1249449471108168e-10
0.12168348047507177,3.4008475581717076e-06,0.023352398508101904,9.016627159854033e-07,0.854959818506552
5.0347199023165594e-05,4.323636307883257e-12,0.8508367663212535,0.00968755153504574,0.13942533494035395
2.91149309681665e-13,2.928573699732949e-24,0.06973886463924726,0.9302572541502337,3.8812102279816885e-06
0.005112208770425515,8.148330210567478e-09,0.21973658322965595,0.00012729824518150354,0.7750239016064069
0.0009916538822484773,0.9990083458736471,3.696797006166157e-19,1.2709907247558269e-29,2.441044777140405e-10
0.019701860558698575,0.980298076706514,1.3467764635356645e-15,1.4003116215790154e-25,6.273478609912624e-08
4.28700301759717e-17,2.579969726884978e-29,0.004564260386032136,0.9954357326575641,6.956403666176257e-09
1.459629785894469e-06,1.6202824824164118e-14,0.9229216559996873,0.04831277993201374,0.0287641044384968
6.599278728117611e-05,0.9999340072119159,5.340539533564156e-23,2.868814142049842e-35,8.027662369688318e-13
1.0875501394242259e-13,1.5006954502931083e-24,0.058245982365677934,0.9417526896652784,1.3279689347724708e-06
5.553894823683886e-05,4.740544359283504e-12,0.8537013013914255,0.0054775173393197055,0.14076564231627722
2.0020063173536996e-07,7.77745744862358e-16,0.9024604993205944,0.0898942882531437,0.007645012225629561
4.4269709372234814e-05,3.972828201658375e-12,0.8754690440646323,0.008821288620577118,0.11566539760144535
0.7433650988294211,0.00035583118096485506,0.0004464268495086745,1.890734715790211e-09,0.2558326412493706
0.7857778672774063,0.00044198954361703236,0.00036240251531355035,9.824246483861692e-10,0.2134177396812385
3.3189248795092696e-10,8.140595576365018e-20,0.4350184503061676,0.5646643759024794,0.00031717345946055426
2.2924089756998475e-10,5.92536088575824e-20,0.5009263109838284,0.4988995550427955,0.00017413374413527988
0.005091561346359932,8.352116625372166e-09,0.2436473952063036,0.00011341423229968506,0.7511476208629202
0.9635589401332793,0.011815072619176603,2.279374165434932e-06,6.675607562835621e-13,0.024623707872711117
0.8722262778101875,0.12697943352165328,5.03807379206838e-09,1.240737351739263e-16,0.0007942836300853992
0.12871293187372615,3.3950674543411847e-06,0.03173312536739489,1.0170338725889376e-06,0.839549530657552
0.006435072978220403,9.364062165537428e-09,0.31998836598898517,0.00021270863839823384,0.673363843030334
0.0006782759761620081,2.673846546814209e-10,0.5899877498563724,0.0008870340067851318,0.4084469398932959
1.6387497868923323e-07,6.527568069711834e-16,0.8634690602292567,0.13008747370805016,0.0064433021877139535
5.65625548198796e-05,0.999943437444562,5.669219797384878e-23,3.8974694869401783e-35,6.181224557212778e-13
0.5119788781404667,0.0001041495470288694,0.003055046980997579,2.7916938244093843e-08,0.48486189741456853
0.9673057952680436,0.011191987412309763,1.5524389870068608e-06,3.768769170382807e-13,0.021500664880282714
0.005726648164147428,6.390139156616309e-09,0.24116917592816337,0.0001317889790430332,0.752972380538507
0.7314372502559415,0.0002914861907827111,0.00028313043721673735,7.414803681255437e-10,0.2679881323745786
4.723445885778238e-21,1.6630749622360472e-34,0.00025793330618675977,0.9997420666715062,2.230708575732209e-11
0.005454016855328894,1.6366915898104047e-08,0.3182363475910751,0.0001048419275034586,0.6762047772591766
0.005431996235711861,6.236268594547085e-09,0.24360109940720975,0.0001093052470187586,0.7508575928737911
0.7230788675709741,0.00037276043009608963,0.00042398119003108026,2.0476996715606142e-09,0.2761243887611991
4.63279411635576e-10,1.1819337347099e-19,0.5228172770252099,0.4768633730774483,0.000319349434062299
3.720868304361731e-06,7.80315903647491e-14,0.9470645901695272,0.018443050508721054,0.03448863845336948
0.7365652399391954,0.0003470385798280098,0.0004320385087051762,1.4027199194828412e-09,0.2626556815695514
4.4062664695090526e-05,2.6526451050509474e-12,0.8610655546669906,0.005981987369470279,0.13290839529619133
7.223083955774887e-05,6.24322420744057e-12,0.8741449575155521,0.0062135443592993105,0.11956926727934784
0.2533163661204334,0.7466614365126255,5.245575618027337e-12,1.1546046580749194e-20,2.2197361695511305e-05
0.0006667808976202843,2.2300873551826307e-10,0.6507720417901658,0.0013884308562046401,0.3471727462330004
0.03753140803919881,2.5765124990498637e-07,0.1042609967333169,1.538039964008316e-05,0.8581919571765944
0.11164386386728518,3.42377632731281e-06,0.01702166246907587,9.800177265365309e-07,0.8713300698695852
0.6989365058068364,0.0003249602031009646,0.00048124627340003656,1.7743978712472488e-09,0.3002572859422649
0.700323851404536,0.00030772563401308033,0.0006694971175017767,4.040497405249631e-09,0.2986989218034516
0.23288551981200467,0.7670926079808855,4.997147269150845e-12,8.740920620367863e-21,2.1872202112750347e-05
2.9366990671648867e-18,8.045056090512853e-31,0.0023881749174419196,0.9976118236648033,1.4177548090413296e-09
0.029323354047418926,1.6602398806680746e-07,0.08805209933912111,1.4258190082482796e-05,0.8826101223993894
1.4171854270883662e-07,0.9999998582814572,1.0591619967125502e-30,2.964151902186829e-45,3.6848177236669086e-18
1.8854739326742943e-20,5.733712902601985e-34,0.0005472561394927852,0.9994527437876494,7.285786112940692e-11
0.7364334652023478,0.0003306264649124626,0.000627733943486143,3.4032602559568433e-09,0.26260817098599337
1.9599017260497215e-13,2.72396417173094e-24,0.08135969764034591,0.9186380573460327,2.2450134255334906e-06
1.8362801180895413e-07,1.386285108406596e-15,0.9530868745979159,0.04145502225355362,0.005457919520517215
3.6663729171654136e-09,2.5345861170593912e-18,0.6864636903460899,0.31261241726788364,0.0009238887196536029
0.8589324947596192,0.0010490034419829053,8.939317127333433e-05,1.395559542980572e-10,0.13992910848756873
7.056509020945926e-05,4.332114310712963e-12,0.8305630384851888,0.00486563872220474,0.1645007576980651
6.030552050551015e-17,3.978341268881358e-29,0.006800434041384353,0.9931995535531559,1.240545944916136e-08
0.12677132849694905,3.2015533255217837e-06,0.019351427113889673,8.520569345026537e-07,0.8538731907789012
0.0034959454526119517,0.996504050846393,1.6593972102733237e-17,6.7076278953569575e-28,3.700994994864344e-09
3.566307647874312e-68,1.0,8.746534481173027e-210,5.311908150834237e-277,2.6147143792973702e-138
0.2544289949142646,0.7455565035611226,3.694077297042364e-12,4.765785681486113e-21,1.4501520918862102e-05
0.11436178146128738,2.9209272170741143e-06,0.020528303024244948,7.090619715769224e-07,0.8651062855252789
0.0009203342781814349,0.9990796655399334,1.9041088135264362e-19,1.5789766884130833e-30,1.818850617397691e-10
1.780359966000104e-07,7.715857347225836e-16,0.9042229840754338,0.08756706278329453,0.008209775105274368
1.1568332846512541e-13,1.4307113547901063e-24,0.05276316395078313,0.9472356724862478,1.1635628531943792e-06
6.150134267997351e-05,5.597893941483945e-12,0.8470954127249963,0.007340873364908498,0.14550221256181742
0.000832478461269981,0.9991675212764343,2.4168516635046377e-19,2.680868572612983e-30,2.622957356876942e-10
0.23903134230555134,0.7609474219192661,4.708887375560122e-12,8.29039181553921e-21,2.1235770473604333e-05
1.3568457232809404e-05,0.9999864315427259,7.828855127764785e-25,2.8005012780581396e-37,4.1393470214603545e-14
1.5764853878300914e-17,9.230733043736301e-30,0.0026578283140807945,0.9973421681825272,3.5033920103101624e-09
4.793112415177597e-10,7.932034220164002e-20,0.4558005043827346,0.5438353066380328,0.00036418849992141627
8.301857147198536e-06,2.485795493039993e-13,0.9470819308632362,0.017801505530498987,0.035108261748869
0.24353346553138205,0.7564496187048736,7.18659742770777e-12,9.169359476201983e-21,1.6915756557774304e-05
2.695349575857867e-06,0.9999973046504226,7.329368133657605e-27,4.579277427850137e-40,1.5781450376391349e-15
0.005612947839367491,9.247332869889117e-09,0.2599605528232964,0.00020971089641698735,0.7342167791935862
3.1963382446310493e-06,0.9999968036617536,9.203390321676225e-27,5.548207960469523e-40,1.839417269038903e-15
3.477579606191063e-17,2.292224489349562e-29,0.0040456236950409405,0.9959543674071959,8.897763087840002e-09
3.81151323096108e-05,3.1439027028720655e-12,0.9021330331793764,0.007070875841458624,0.09075797584371152
0.006090362829351111,7.4758400328081e-09,0.27251189382519886,0.0001668702658327619,0.7212308656037772
0.24183422125994125,0.7581458421941064,4.4724715211596705e-12,7.164846766834653e-21,1.9936541479727162e-05
0.006554635190473479,9.841198455198777e-09,0.28078503858478043,0.00016755430297738424,0.7124927620805702
0.4562588273981954,0.00015321915025659556,0.0008080268186563491,2.1732507163238018e-08,0.5427799049003844
0.26397044158922583,0.7360155665650177,5.692817311306372e-12,1.1823862266769274e-20,1.3991840063628866e-05
0.2465649764156573,0.7534201170130267,4.969132423591535e-12,6.783794911625953e-21,1.4906566346782901e-05
0.20384426239150846,0.7961405217158938,4.9417752626664164e-12,7.430125229056278e-21,1.5215887655925498e-05
0.8657594202671947,0.1331869155214164,5.931041881468715e-09,1.7292065809028725e-16,0.0010536582803468664
0.0009103412884958956,0.9990896585281304,2.065108239558605e-19,1.5226795624735507e-30,1.8337359729269172e-10
0.014601330883312644,0.9853985884906011,1.3146923995071495e-15,1.632593809729849e-25,8.062608496620684e-08
0.24763087166320322,0.7523517246883944,4.157153349215806e-12,5.030526174226308e-21,1.7403644245315847e-05
6.437585289993136e-28,8.064680691940218e-44,2.670415601969471e-06,0.9999973295843971,9.295600427476073e-16
0.020012790533191754,0.9799871412276077,1.5328561267776163e-15,1.6684287211633767e-25,6.823919897274837e-08
2.3828147479033014e-07,1.0722048207504107e-15,0.8974529176810047,0.09554015144931324,0.007006692588206284
1.3005923125872357e-07,0.9999998699407686,1.4324371692633456e-30,7.941750835556855e-45,5.534567653196135e-18
0.7071185930546864,0.00036647658345347495,0.0003696358945824931,1.5286356027132317e-09,0.292145292938642
0.13116583843563798,3.0212495602842306e-06,0.01788610774171178,7.744485215475384e-07,0.8509442581245683
1.4092671947630456e-07,5.229007938327231e-16,0.8645634365188031,0.13015696383783232,0.005279458716644519
4.133339691530585e-10,1.1137261331820135e-19,0.5182051470415506,0.4815779836646186,0.00021686888049674872
0.9723935158000405,0.00914690101621029,2.838084896031096e-06,9.021360032989799e-13,0.018456745097951113
0.9716081314347818,0.006986999272429145,1.3164584300329187e-06,3.0610533218082474e-13,0.02140355283405315
0.8662465973971503,0.13249896140250514,5.830324523843179e-09,1.2729634751714206e-16,0.0012544353700197778
0.2350999051975208,0.7648868108084023,5.068239079118678e-12,6.30033686341866e-21,1.328398900863408e-05
0.019374424051400312,0.9806255020519441,1.9728776498559716e-15,3.6523090968190194e-25,7.389665357773072e-08
2.5309901060955486e-20,7.70008207291782e-34,0.0005240570648786894,0.9994759428410279,9.409337976878418e-11
4.957965628961024e-05,0.999950420343205,3.652262032562541e-23,3.4727508422278773e-35,5.054180209185485e-13
0.007609794145477453,9.78984181608468e-09,0.2675359670942846,0.00013211338230924326,0.724722115588087
3.2716573869702417e-06,0.9999967283426109,1.2593806647775672e-26,1.1845983675658916e-39,2.2477479993290788e-15
6.004587513803396e-05,4.41966053630328e-12,0.879497771940622,0.00525505165907287,0.11518713052074735
1.0165717641380438e-13,1.1714285566943504e-24,0.06757066733806859,0.9324276292238012,1.7034380286785223e-06
5.1139574384707595e-05,4.2067522920004536e-12,0.8486656661730685,0.0071860445189205575,0.14409714972941923
5.096635953739571e-05,3.894048099934723e-12,0.8841588177782784,0.004745674730430146,0.11104454112785996
2.1460106172544485e-07,1.1336750718128809e-15,0.9119361039843947,0.07669785800018389,0.011365823414358373
0.2825329813957669,0.7174459954403105,4.6471336226832144e-12,6.082349928645021e-21,2.1023159275463253e-05
3.6404772041779806e-13,2.9569458592748414e-24,0.05972308149423613,0.9402741055959842,2.8129094156083244e-06
0.017536715482852894,0.9824632239683516,1.1056795699900985e-15,1.0368641120631817e-25,6.054879448308889e-08
0.8532173397575324,0.14562981198718086,5.498869176386459e-09,1.4309109858825477e-16,0.001152842756417487
0.01990841871356186,0.9800915130389283,1.5035329406640162e-15,2.1812210316681735e-25,6.824750835217731e-08
8.425388754092857e-12,4.409896718189615e-22,0.2133994534845712,0.7865768622842787,2.3684222724588e-05
0.22604460286239864,0.7739382852884429,3.737556793950618e-12,4.41366652937404e-21,1.7111845421121363e-05
3.0935567162075284e-07,1.1676299858311845e-15,0.9291080798325739,0.058643228723031945,0.012248382088721402
3.343200493257812e-20,1.0,8.236540365932443e-68,3.7227355612146306e-93,4.756687674087763e-43
3.5291353068854585e-10,1.5895626875457906e-19,0.575131230848063,0.4245649273242568,0.000303841474766706
0.8184310272033416,0.1805612724756179,4.446026674611294e-09,7.344002217635215e-17,0.0010076958750139585
2.226143183754228e-07,1.130669277737729e-15,0.9052653494000794,0.08626703083828846,0.008467397147312705
0.849005183971177,0.15007829623916724,6.333943352650551e-09,9.270674438915165e-17,0.0009165134557123606
0.9733425244858327,0.007990231597908818,2.181447695786667e-06,5.7612454679129e-13,0.01866506246798657
0.0009296892227165838,0.9990703105899599,1.983532030900581e-19,1.402983588735137e-30,1.8732351286042385e-10
2.6142467199999967e-24,5.396635152558008e-39,2.832362365417174e-05,0.999971676376188,1.5789374957148913e-13
2.6509446682534557e-07,1.0698101963337012e-15,0.933207710055823,0.057903839278566925,0.008888185571142123
2.5612398196783903e-11,0.9999999999743876,1.0973412516349607e-41,5.8720977044717995e-59,1.536766849974238e-25
4.185516096281517e-24,9.533824554510552e-39,3.736247988951965e-05,0.9999626375197248,3.8569881382573493e-13
0.975825225312581,0.010080603932663867,1.1115257460713092e-06,1.5613554546870363e-13,0.014093059228852576
8.635588823153444e-14,1.226681266214387e-24,0.04383105654658637,0.956167603107428,1.3403458992418851e-06
0.9668443575992252,0.007191289804913726,1.486191172139456e-06,4.08332777609163e-13,0.025962866404280575
8.454827131504555e-05,7.83075793030657e-12,0.8435569167037171,0.005039434147343829,0.15131910086979322
0.7387684619421158,0.00038939724711380385,0.000363055463433961,1.5933398527520129e-09,0.26047908375399664
1.5444555946336073e-05,0.9999845554440067,4.955067403320043e-25,9.238303588231632e-38,4.7155103723208905e-14
3.158264273014237e-10,7.844306506804914e-20,0.4788448592616195,0.5209118696665892,0.00024327075596487628
0.005682319689847864,9.201544263475695e-09,0.22604163884936423,0.00016387924434408595,0.7681121530148995
0.03745100375249118,0.9625487192180048,1.1957706111658168e-14,2.082212457005972e-24,2.7702949200509654e-07
0.7076576115835687,0.00027203121354078027,0.000302911485995622,8.338152870057853e-10,0.29176744488307965
0.003385194560283949,0.9966148015938534,1.1498553437560371e-17,1.0299163184825988e-27,3.8458626287901596e-09
0.45688908831514985,6.31212337536721e-05,0.0019354249291417306,1.728795727649748e-08,0.5411123482339976
0.23672476000055545,0.7632600223747565,6.003579372455559e-12,1.0713565236917951e-20,1.5217618684466014e-05
3.843323859569073e-05,2.965836409896002e-12,0.9061530634706211,0.009504740895326106,0.08430376239249128
0.7155941855312841,0.00041911624139814966,0.0006648480924669594,2.127167824092011e-09,0.28332184800768295
1.0972525656856499e-14,5.80775883260407e-26,0.028194597006688013,0.9718049576754101,4.4531789102562094e-07
1.5642388408715636e-07,6.529806871873181e-16,0.8655732762400297,0.12807396601879353,0.00635260131729205
0.0007668421243161135,2.9609147794879105e-10,0.6198431723740507,0.0009476774917999936,0.37844230771374177
0.22920084346280203,0.770778573014078,4.500707196738072e-12,7.135498718475209e-21,2.0583518619206573e-05
0.006170340692742939,9.147809827693788e-09,0.33712996205384876,0.00014663018948406168,0.6565530579161144
0.005611127795071535,7.574260876645496e-09,0.3364411038580694,0.0001572564974518954,0.6577905042751462
5.930727632313658e-17,4.43109083779586e-29,0.0057934029743743395,0.9942065852937859,1.1731839552130997e-08
0.0008379026767874417,2.783228805987187e-10,0.6724786041002736,0.0010010460710324685,0.32568244687358366
3.2484865123998925e-17,2.044600593188304e-29,0.004250817540425397,0.9957491765067507,5.952823900467948e-09
4.249279073348644e-05,3.649322844209256e-12,0.8937840392286741,0.0060948942784266455,0.10007857369851633
5.4041632737607914e-05,4.415278496245822e-12,0.8510007574822659,0.005846389246776935,0.14309881163380447
0.005393458835645299,7.553488955729514e-09,0.3251699689310598,0.000166627570814085,0.6692699371089919
0.03650240311011534,2.484965849887125e-07,0.09394857357463694,1.4546730628627922e-05,0.8695342280880342
0.7183475388322577,0.0003261216951495765,0.00042008929190312885,1.355256285555703e-09,0.2809062488254334
0.016372459781637608,0.9836274967023533,8.337573831719573e-16,5.843167416290489e-26,4.3516008253216284e-08
0.14651800562285333,3.901464986343458e-06,0.016642531427097672,5.602698240051872e-07,0.8368350012152387
6.357371933691449e-05,3.3269962467564008e-12,0.8421985076618529,0.007088773411672943,0.15064914520381034
0.0007956618364851033,0.9992043379970761,1.722097091619955e-19,1.4076784691088505e-30,1.6643871789757004e-10
0.5088703638060246,9.028957598557772e-05,0.0017084297818832721,1.3440152810961456e-08,0.4893309033959537
0.8377798235000226,0.16107416005864694,5.752894426398422e-09,1.5806004149777104e-16,0.0011460106884358602
0.9652398720394341,0.008723681188193189,1.814092756217639e-06,5.470422305165037e-13,0.02603463267906973
4.28325016652818e-05,3.8624885140590965e-12,0.8942872785265517,0.0053930145167088,0.10027687445121176
1.0062432788656516e-17,1.0,1.4692831804364852e-60,1.9398602479762564e-83,4.26076321130092e-38
0.9692975399069244,0.00945664271009503,2.5199642326532698e-06,5.187262121296329e-13,0.02124329741822926
0.00534953099772333,7.542818099020135e-09,0.3451470152436161,0.00023983066357268905,0.6492636155522699
4.829827824416471e-15,0.9999999999999951,5.831190029996715e-53,6.7073648147056025e-74,3.7961613763602067e-33
6.511875853683894e-12,3.8582858118037212e-22,0.18953207264280086,0.8104478850356185,2.0042315068723466e-05
0.0008494688967956128,0.9991505308377221,1.9525973244028849e-19,2.2389900879326346e-30,2.6548224311388647e-10
2.1908007145771494e-10,5.0362471245626945e-20,0.3929442757759329,0.6068979543279026,0.00015776967708437152
0.0005559722223374457,0.9994440274902581,1.3743533379452315e-19,6.523641747467223e-30,2.874046229413022e-10
0.6918481798719747,0.0002447986891378024,0.00034437361134367634,1.1758264830844383e-09,0.3075626466517174
1.198527858985615e-07,5.102256129158943e-16,0.8991634409697054,0.09514462390187034,0.005691815275637669
5.316121118666611e-24,1.7756129351852225e-38,5.587942018586147e-05,0.9999441205795587,2.553969150765139e-13
8.948958758807622e-21,4.056078269685789e-34,0.00037579074462287663,0.9996242092077953,4.7581914377538976e-11
1.6058783918153522e-29,4.918333845479441e-46,1.068049175491225e-06,0.9999989319508246,8.22720465078444e-17
1.7206551015686576e-07,6.585221720481379e-16,0.8934543559021371,0.09956064165853395,0.0069848303738179315
0.9402099643896388,0.002708709786898264,1.1582622758335857e-05,5.488574613620555e-12,0.05706974319521607
1.2734538706685567e-11,5.875982200988943e-22,0.19765352748436657,0.8023167096997271,2.9762803171709127e-05
8.076740840318706e-05,6.448373614691671e-12,0.828986432070716,0.005152574311002274,0.16578022620343005
0.30747343152050993,0.692503392709802,9.341409636335916e-12,1.8056036079135287e-20,2.317576034667826e-05
7.434516876104579e-14,1.1271387952828063e-24,0.03900039640182707,0.9609984509501208,1.152647977776092e-06
1.6071421850172966e-13,2.0179206733655146e-24,0.06606722715402402,0.9339310928678369,1.6799779782809853e-06
0.6561641674626576,0.000322739028521884,0.000324022748857509,1.2230666634400649e-09,0.34318906953689643
1.5655952465780793e-24,3.108006273647019e-39,2.1842640085072675e-05,0.9999781573598115,1.0335950716413943e-13
5.537533243331326e-10,1.2759757720211228e-19,0.5114824283584837,0.4881689422917995,0.00034862879596345684
0.10603587651308052,3.250152607787799e-06,0.027870279954974566,1.1901797199760217e-06,0.8660894031996171
0.6547028944619451,0.00015914565558958034,0.00031238975279853585,7.956344834624107e-10,0.3448255693340326
0.017836706691275104,0.9821632253375261,1.5844863430226017e-15,2.2830603160132943e-25,6.797119719441928e-08
5.6353000631220456e-06,0.9999943646999332,1.8551594458946657e-26,1.373835846705927e-39,3.72767475656317e-15
0.007846861355953246,1.1056316472121628e-08,0.3164050314930935,0.00016379479871878752,0.675584301295918
0.016318375439924707,0.9836815391598913,1.296906104111662e-15,1.735421605691869e-25,8.540018267858628e-08
2.0369329386856071e-07,1.0080223195019567e-15,0.8714110661407353,0.11983389758221995,0.00875483258374983
1.1302797129704918e-31,1.62280884107688e-48,9.578614100041337e-08,0.9999999042138591,2.1616219408739193e-18
1.1690087217689713e-08,8.498524180515288e-18,0.7863793263551382,0.2116801048085214,0.0019405571462530857
0.9236691250639575,0.002317534948970998,1.9361190750451926e-05,1.5891907007021463e-11,0.07399397878042922
0.9290985783565047,0.0019043463506963978,1.9111599093718994e-05,1.3609041367324032e-11,0.06897796368009612
1.0371390358692252e-06,4.8972479487953976e-15,0.941431553381635,0.035699950477057735,0.022867459002266718
5.58388482241641e-05,5.333835927632312e-12,0.8825638235893404,0.00495936664065743,0.11242097091644426
0.8602626678748525,0.13888986571966266,4.9485615025080515e-09,7.830774042742374e-17,0.0008474614569233904
0.07205154882170989,8.017567147499748e-07,0.038720500401279376,2.8017267240019606e-06,0.8892243472935719
2.053197974205602e-24,4.6049787366765225e-39,2.4102366859478882e-05,0.9999758976329843,1.5603350146048185e-13
0.01940673255869914,5.659473174438628e-08,0.12078655707709018,2.1929928648956757e-05,0.85978472384083
0.30145459056598645,0.6985229773041018,5.461951086455629e-12,7.422586882336069e-21,2.2432124449604513e-05
8.654569342980884e-21,3.2393018243551734e-34,0.0004174787304923684,0.9995825212328668,3.664080855184324e-11
5.613855872848794e-05,5.697564560221822e-12,0.8727125325449652,0.0038502822893819785,0.1233810466012269
0.0005832057192465751,1.9867867051231804e-10,0.6595143970140075,0.00127681446884599,0.33862558259922126
0.9706619097288057,0.008736921080592323,2.054466392160935e-06,4.964499146023201e-13,0.02059911472371335
4.3267603401335195e-05,0.9999567323960229,3.0672445775918447e-23,2.3024560415639408e-35,5.756552342987392e-13
0.34461679847566734,3.5473600603416844e-05,0.004319471480021191,6.078745609534175e-08,0.651028195656252
1.1988119297202855e-27,9.494630712702053e-44,2.678468449129217e-06,0.9999973215315494,1.5734271383095383e-15
7.604230747726872e-21,2.862350893355501e-34,0.000386271897747411,0.9996137280732708,2.8981767736695935e-11
0.8493867814930722,0.14961631824766605,5.290700768772799e-09,8.844274863575976e-17,0.000996894968560994
0.019448900016714267,5.7691122275497886e-08,0.11332579633895193,2.351343071603909e-05,0.8672017325224955
6.426527716345799e-05,0.9999357347219286,5.069798941313163e-23,3.432184157986824e-35,9.079188772688195e-13
2.1617799122214465e-07,9.15694780762975e-16,0.9113846003055446,0.08249564856540205,0.006119534951061219
0.9714653656984666,0.00880669162501627,1.7632934980170119e-06,3.1420720450237293e-13,0.01972617938270488
0.8331267340699704,0.1657850867721612,6.877165255117734e-09,1.540390516638953e-16,0.00108817228070299
2.042100160442571e-13,3.5159767738597906e-24,0.0728008506744297,0.9271967210924134,2.4282329526881884e-06
8.312797439465799e-09,1.0579938235142902e-17,0.7850795774582241,0.21309339806821687,0.0018270161607616179
0.005155100859234953,8.006550919346124e-09,0.21670210726662575,0.00011638853340962418,0.7780263953341788
1.5421618499110607e-07,0.9999998457838151,1.198925384150324e-30,5.577432008156224e-45,5.415422315031058e-18
0.8496303909228689,0.1493913576217543,5.902332441925834e-09,9.07205957871103e-17,0.0009782455530443653
0.7456842746935213,0.0003674925789128992,0.0005864992960875482,1.9059370522425905e-09,0.25336173152554126
3.5526364632096605e-10,8.281740734394893e-20,0.4752616518826855,0.5245436904511999,0.00019465731085106626
4.944297836750639e-05,4.498733621792853e-12,0.8447285404935424,0.006588064440632063,0.1486339520829591
0.13128697908251125,2.7043718285870453e-06,0.018335938837704447,6.371113363340578e-07,0.8503737405966194
0.8291667687910034,0.16953784790080603,6.998980178615467e-09,2.237451447433633e-16,0.0012953763092101033
6.462570038560347e-17,4.8036407530079156e-29,0.006397430158733134,0.9936025563943605,1.3446906361386295e-08
2.933528346613433e-24,6.165833506043675e-39,3.5691977242379725e-05,0.9999643080225562,2.014906409978694e-13
1.9833926636834422e-20,1.2736624458565125e-33,0.0007375978329517968,0.9992624021052909,6.175721783148322e-11
0.37211145079791924,3.832993049815328e-05,0.004946907974311367,8.557400226769105e-08,0.622903225723269
3.902176516043746e-20,1.0,3.825804896343077e-68,4.156804086344446e-93,6.2746901579642716e-43
2.0047635767510336e-07,7.139341347308771e-16,0.9169628235003221,0.07430155485760942,0.008735421165710154
1.5167889310844107e-31,9.630727072092467e-49,1.7908625480928968e-07,0.9999998209137452,3.1978700459774083e-18
0.017068178015038824,0.9829317497091247,1.4740581713231793e-15,2.014560312684231e-25,7.227583483209057e-08
0.7554787066055705,0.0003158049574066546,0.00042619590035111645,2.5835287064560856e-09,0.24377928995314302
5.464960261813354e-09,3.545109028757716e-18,0.7597386638142138,0.23902436716685954,0.0012369635539662774
0.9521547108645863,0.041790458002760725,7.804051686012536e-08,5.223313626691748e-15,0.006054753092130845
0.0010226725882971435,0.998977327195126,3.043859867366373e-19,2.9919026659659245e-30,2.165769166627378e-10
0.24432817930416234,0.755651315114808,6.153597456938461e-12,1.0891288848649257e-20,2.0505574876058345e-05
0.5748434709824876,0.4249842259736778,2.3285351585818093e-10,9.854886821859636e-19,0.00017230281098117018
1.1818963339554805e-20,4.353529304185092e-34,0.00048229545732422226,0.9995177044908978,5.177808080429924e-11
0.01622730424882681,6.14648994150372e-08,0.14597218840911347,3.3452781405450325e-05,0.8377669930957549
1.9913730310881335e-11,0.9999999999800864,7.307809888307962e-42,2.231260908688483e-59,1.580984668076531e-25
4.763924096490872e-05,3.724413465294859e-12,0.8515497028057706,0.007012236532866899,0.14139042141667335
2.6039042640183005e-06,4.6120147097262115e-14,0.9422640940544361,0.03305616520175957,0.024677136839494167
0.004499941025636724,7.273225537909032e-09,0.32514161081898985,0.0001994487016084732,0.6701589921805395
1.393098814050425e-31,8.404473605598486e-49,1.898030078910128e-07,0.999999810196992,3.4608427357577057e-18
0.7422574088315484,0.0003132193245877299,0.0003516190769125304,1.4467890981391743e-09,0.2570777513201624
0.37990507509064786,4.4160423625089195e-05,0.004067167105315647,4.59144205136804e-08,0.615983551465991
5.633983062325934e-05,4.0437333533235944e-12,0.863630638207549,0.006174978441407704,0.13013804351637642
0.956106746900712,0.03900459713678355,1.0479514880407244e-07,5.92146019123456e-15,0.0048885511673497015
0.004843776438270825,7.50045461831555e-09,0.33240504156318873,0.00014696852979185148,0.6626042059682941
0.00532836520998463,8.411140269556766e-09,0.27499237750048006,0.0001944369828026865,0.7194848118955923
6.630736809250831e-05,5.29052405614945e-12,0.8480961748865558,0.005783093911139582,0.14605442382892167
0.8759995022258737,0.1232319010219569,4.589916345554144e-09,6.881726518481014e-17,0.0007685921622529526
7.045003442848632e-17,3.683878143947261e-29,0.005356064321590817,0.994643919519457,1.6158952164882653e-08
5.451751851770639e-10,1.2308831901510875e-19,0.5278752772775313,0.47186308977658,0.000261632400713593
0.15247861830142725,3.3464776775673828e-06,0.021701715233560293,8.781160404910606e-07,0.8258154418712943
6.753209473220455e-17,4.8133362061581194e-29,0.0070293266388204234,0.9929706628252549,1.053592450557267e-08
4.2707925983329017e-10,1.1501508178764586e-19,0.44856683455780566,0.5511508439759056,0.00028232103920927177
8.026462353293369e-21,3.6784932825295064e-34,0.0002841320828725253,0.9997158678795625,3.7565154355336486e-11
2.1526977882334084e-13,2.1039621725175635e-24,0.06822967860483338,0.9317675725729467,2.7488220046479074e-06
0.006741031270236372,9.006027445339955e-09,0.22749454687192638,0.00010478023488836792,0.7656596326169214
5.442793801938658e-05,5.040733713325544e-12,0.8816076217031144,0.004045749132324062,0.11429220122150151
0.006005524293175733,9.31513014644509e-09,0.25911969230902143,0.0001835468886013714,0.7346912271940713
0.9685289966280624,0.009239991114443643,1.9702523977767068e-06,4.941281502355999e-13,0.02222904200460204
0.7190959162016033,0.0003106716977580953,0.0005387566180103527,3.1843044344676984e-09,0.2800546522983239
2.3771975565040047e-07,1.0608335339380428e-15,0.9280093967395682,0.06513186107916882,0.006858504461506054
0.017537719408526026,0.9824622218851241,1.3853147418924887e-15,1.5838330143710502e-25,5.870634853902091e-08
8.902214483631998e-05,9.376956243462434e-12,0.8228856201819802,0.0049916264997153315,0.17203373116409112
2.616847089020969e-07,1.0228519292847446e-15,0.9349647451982169,0.0564057384350764,0.008629254681996722
2.2021031315637208e-07,8.912049844131814e-16,0.8924918913224208,0.10031349550113465,0.007194392966130639
0.9686915715251609,0.008492137479432236,2.1942986219197497e-06,7.813588594568598e-13,0.02281409669600358
0.11402547289952887,3.5499137084300347e-06,0.023243439841356264,9.713320957188705e-07,0.8627265660133107
1.147599037947765e-11,5.707921910634958e-22,0.21265176370545033,0.7873225735778522,2.5662705221603963e-05
5.005885167482233e-10,1.235907685613486e-19,0.5312580500654472,0.4684308920056606,0.00031105742830368603
3.6824832495625377e-17,2.352214059333583e-29,0.003912683243389364,0.9960873096219477,7.1346629704764226e-09
0.13353748632073312,3.6525436558971458e-06,0.017631001912723238,7.05147251906853e-07,0.8488271540756357
3.4830630031974546e-07,1.1156608750766042e-15,0.9288227139606586,0.058279911618129336,0.01289702611491063
0.2870639488255574,0.7129196485604175,4.564877840140808e-12,9.020406670788124e-21,1.6402609460245624e-05
4.759525582245062e-05,4.7323556323446624e-12,0.8409442066866857,0.006289201186377038,0.15271899686638243
5.7305659496867e-05,5.5671664677576314e-12,0.8522194879355728,0.004809863691099089,0.14291334270826384
0.872359087647721,0.12657801274028382,4.332326873690349e-09,8.200749501159327e-17,0.0010628952796683962
0.9721398672454065,0.018927731654633784,5.668976626350871e-07,7.409974000007303e-14,0.008931834202223146
0.10833895569605108,3.200971275295319e-06,0.014106540985380039,5.899343084631999e-07,0.8775507124129852
0.8678063827299934,0.13107004175663756,6.4302335799841726e-09,1.4969325072970167e-16,0.0011235690831353593
0.0009019469742772605,4.399299648531602e-10,0.5032319229360362,0.0010062993037911168,0.4948598303459654
3.571103662151553e-10,9.18420982461867e-20,0.415266310930894,0.5844490636723262,0.0002846250396694125
0.0059430804948687795,9.50554939473611e-09,0.2608883803050436,0.00015175484063953597,0.7330167748538987
1.829158163509136e-31,1.082008083469294e-48,2.299273262823851e-07,0.9999997700726737,4.411677126696253e-18
1.2807538130194164e-13,1.7447651205412487e-24,0.047627121044197314,0.9523712459583985,1.6329972761754704e-06
0.4025537627871819,4.688506753485733e-05,0.003304670591259697,3.510012111023847e-08,0.5940946464539024
2.5581696551897934e-07,5.760130168702881e-16,0.894158356691217,0.0971086067546311,0.008732780737185836
0.002157586116570953,1.96869688708294e-09,0.4487555449558263,0.00038683866012290813,0.548700028298783
0.9093113332347275,0.002612612394959264,3.2996211647071824e-05,2.92649612337532e-11,0.08804305812940141
0.2425370426424107,0.7574475670036501,5.675322520267535e-12,6.946527835967564e-21,1.5390348263730127e-05
3.6857221515336096e-24,8.730402080198171e-39,3.576359851113618e-05,0.9999642364011504,3.3834256100748437e-13
2.885620799191321e-24,5.6177084440582286e-39,3.1025199359508796e-05,0.999968974800467,1.7364968233067766e-13
1.0178652421474889e-09,4.043992433149049e-19,0.6780251235211259,0.32155642047514676,0.0004184549858621794
2.3858754051771278e-24,5.816837843130744e-39,2.716831479529786e-05,0.999972831684964,2.406564363094484e-13
1.4564851060847864e-07,6.219934644762703e-16,0.878530700997863,0.11300463633489091,0.008464517018735008
6.085941093533939e-05,4.452549936584904e-12,0.881739132295084,0.00573677043917228,0.11246323785035578
4.522905999782306e-05,3.4228447247513925e-12,0.9019465644281557,0.007957002819530174,0.09005120368889347
0.7633728357305953,0.0003479513748157203,0.0004604000972885705,1.5786069100701634e-09,0.2358188112186936
0.8955026494712397,0.0011961523613171923,6.671166763841521e-05,8.256170417188918e-11,0.10323448641724293
6.198954541697709e-35,2.1647972623235474e-53,1.4331697311470523e-08,0.9999999856683026,2.9703833848823105e-20
0.00018850805619462254,3.24037139265303e-11,0.7733863811110855,0.00254535145034708,0.22387975934996898
1.6729220225987803e-13,1.9764372054823437e-24,0.06748594238757825,0.9325121934324029,1.8641798514338905e-06
1.9100753708989584e-24,4.8465096583809786e-39,2.4550859755092556e-05,0.9999754491400609,1.841793041371373e-13
0.016850780122329573,0.983149152681768,1.4339837662921824e-15,1.3972229932522185e-25,6.719590090753353e-08
2.1235893139462626e-20,5.738059569047608e-34,0.00033469984685104273,0.9996653000919128,6.123633851609643e-11
2.3158141970371468e-24,5.186129590251941e-39,2.862887910271297e-05,0.9999713711206629,2.345065012810595e-13
0.11324142843336976,2.5108112094317383e-06,0.019466739733943576,8.172458677123886e-07,0.8672885037756096
0.007105448896638268,9.331767913152773e-09,0.24490214848441105,0.00012415840070368226,0.747868234886479
0.28315192826494123,0.7168321818042709,6.055018862229704e-12,1.525858972558712e-20,1.5889924732597293e-05
1.780403336901516e-07,7.590183173121758e-16,0.9073578571642456,0.08510929263311441,0.007532672162305395
1.1024415977489413e-27,1.2158311051895527e-43,3.587000791444611e-06,0.9999964129992072,1.2978339795952811e-15
0.11335342785860152,5.417787767622997e-06,0.023543310250472453,4.823881604750897e-07,0.863097361714998
3.49075091264838e-24,6.909239782829553e-39,3.2285235302564786e-05,0.9999677147645011,1.9624137959345356e-13
5.734312786680615e-14,0.9999999999999427,9.000276166769008e-50,4.395215001313048e-69,1.4869159422066783e-30
0.11774942580124431,2.437640240798238e-06,0.015453067034308982,6.134718766949664e-07,0.8667944560523292
0.9670285610338825,0.007574035603329875,2.1893479192333904e-06,8.126375448175302e-13,0.025395214014055586
4.576606697278615e-05,4.075402186407204e-12,0.8787926137388838,0.00514560848012758,0.11601601170994022
2.2140041957363636e-07,9.831400057397208e-16,0.9302725490599573,0.06239494194907868,0.007332287590543594
8.055122816354052e-21,3.1662616889295724e-34,0.0003765022116194253,0.999623497751581,3.679956771344766e-11
0.11362573274964696,2.5856978257655066e-06,0.01654725913022195,6.251032714746416e-07,0.8698237973190338
0.4079706182595989,4.7563756474506576e-05,0.0011535495871958892,7.575247079715739e-09,0.5908282608214835
0.9048733249980868,0.001995860111435512,3.7426274539540966e-05,2.7249334127066154e-11,0.09309338858868889
0.019282801150894945,0.9807171406044463,1.3630192556682829e-15,1.5232601563743725e-25,5.824465756407892e-08
0.000585378763448649,1.7850036311007694e-10,0.6537469033006532,0.001448881760251291,0.3442188359971464
2.070080585521504e-12,5.715039121206608e-23,0.1264644336134162,0.8735247149329045,1.0851451609147129e-05
0.10599008574277638,3.10305584432606e-06,0.02852392560328831,1.4521379266091687e-06,0.8654814334601645
0.006604053336993494,9.889947778859986e-09,0.27107187138098127,0.00015875347644059965,0.7221653119156368
0.7354081130452775,0.00039955951297477313,0.0004129308930644548,1.053582472231682e-09,0.2637793954951008
0.3936614125066884,3.841339231587722e-05,0.005101726875194171,8.251049006252419e-08,0.6011983647153114
0.9746789757785738,0.00891806634637425,1.7444012049476127e-06,4.169472419497836e-13,0.016401213473429852
0.7292696366519901,0.00032995658656759805,0.0003508283794843,1.2275969555424811e-09,0.270049577154361
0.11371890431423183,2.7180886124142843e-06,0.019774339986567604,8.565181184466269e-07,0.8665031810924697
0.7163075114615175,0.0003762876991679358,0.00028926988289920506,1.2778455701333469e-09,0.2830269296785698
0.140522865131667,3.788194531599794e-06,0.022862356294134113,9.1373349110247e-07,0.8366100766461763
3.064089718761423e-13,3.9374984450054105e-24,0.09537239335243851,0.9046245265800722,3.0800671829822576e-06
2.933563973976035e-07,8.988783002579917e-16,0.9012203680494241,0.08713073227047101,0.011648606323706602
7.482368755536537e-14,0.9999999999999252,2.3051850851312957e-49,5.605361983260789e-69,1.1470875330292818e-30
3.0795006822377885e-10,8.081599631953894e-20,0.4255101044119244,0.5742613836571242,0.0002285116230011881
4.1810501785571176e-17,3.0853362728253795e-29,0.005076837212941492,0.9949231544057986,8.381259982752784e-09
4.520788065249447e-31,2.60514131345443e-48,2.713225583681836e-07,0.9999997286774417,7.624408371800261e-18
0.017298273240939372,0.9827016492352448,1.2591589779435034e-15,1.6550302756854038e-25,7.752381444940142e-08
0.9686608988230025,0.009894396010093459,2.200550232246799e-06,4.3303202315451646e-13,0.021442504616238908
0.373556633582247,3.4591973327276634e-05,0.0025434901339117318,2.8852666857894295e-08,0.623865255457847
4.8563830115019505e-05,0.99995143616939,3.569793483863312e-23,2.4275112435272304e-35,4.952220048335086e-13
0.007069688328563147,9.297392034607339e-09,0.30426782950553893,0.00016687797596778818,0.6884955948925381
0.0038447828376433103,0.9961552128334403,2.9639363292370575e-17,1.0131748582875697e-27,4.328916404138422e-09
0.9712269910854971,0.008869996833356077,1.8872729442503059e-06,3.695613905418831e-13,0.019901124807832963
0.0009687851915051136,0.9990312145170368,2.815390016038678e-19,3.779787327241493e-30,2.9145790802717645e-10
0.029441731021409293,1.5222046327543286e-07,0.08566912783352165,1.1687248140006754e-05,0.8848773016764657
3.8648235277523147e-42,3.645759235647393e-63,8.13419428796162e-11,0.999999999918658,3.7577074813645744e-25
5.9582949499216366e-05,4.586153806654993e-12,0.857805751624607,0.007182497909097708,0.13495216751220984
7.237344162510844e-05,5.820484470624621e-12,0.8703962104995968,0.0053173209781939,0.12421409507476354
1.2702661612714532e-18,2.0830303093080907e-31,0.0022016893127739176,0.9977983096918257,9.95400447464654e-10
0.019654760732899585,0.9803451524502751,1.7811425449193776e-15,2.863658189503891e-25,8.681682347245401e-08
4.899720863416345e-14,5.775196233104913e-25,0.03257252760551383,0.9674267955878376,6.768065994480223e-07
3.7416372330566175e-05,0.99996258362717,2.504235065959668e-23,1.6546757617429498e-35,4.99428364129923e-13
4.896962180277498e-17,3.219388380909202e-29,0.005002701990872379,0.9949972888631201,9.14600733592093e-09
2.2140568224590388e-24,5.3330836191118366e-39,3.235828253179204e-05,0.9999676417172755,1.926461280974873e-13
0.0005529921449462976,0.9994470077176135,1.6548068756431573e-19,8.862220476512892e-31,1.3744020016445054e-10
0.6362858110302467,0.0003477706304787183,0.000345037691079274,1.6568706621729728e-09,0.36302137899132464
7.288035902894046e-07,0.9999992711964096,1.2577228463926093e-28,2.970011343216295e-42,1.1005660974505404e-16
4.6441866537423425e-05,3.924049296385856e-12,0.8930794107641834,0.004139254611509062,0.1027348927538461
1.8196291357948956e-13,2.4368387066942524e-24,0.07024690178963458,0.9297511372466358,1.9609635476409223e-06
0.7328394624192817,0.00041638591974986553,0.000488743156561019,1.6242069937500741e-09,0.2662554068802005
0.09927438718866155,2.8387979739489217e-06,0.01660188709294145,6.807160798588184e-07,0.8841202062043432
0.0006535130990148991,2.5725724584657255e-10,0.6755515879687907,0.0012916844665391673,0.32250321420839806
0.8342849974875534,0.16386470435674994,9.744266325599906e-09,2.031202997541291e-16,0.0018502884114300435
0.13189617081444732,3.279618193199305e-06,0.013937402701777101,5.112358167598548e-07,0.8541626356297657
0.964901790918479,0.009159728099376336,2.6624028213725125e-06,8.297901349226909e-13,0.025935818578493523
0.7616507816512618,0.00036731057855676064,0.0003964452162509956,1.3549323216897838e-09,0.23758546119899812
0.8703673327296922,0.12822814215082598,5.6845658358806265e-09,1.698156967919891e-16,0.001404519434915655
0.9682311645411014,0.008637128917069989,2.206426254265839e-06,5.000466497918583e-13,0.023129500115074458
0.017116391545535445,0.9828835469794144,8.1123343925486185e-16,8.113417263515232e-26,6.147504923170079e-08
0.2577592598636932,0.7422229169802049,6.732988198923098e-12,1.5167323062038788e-20,1.7823149368917644e-05
1.8869450455384486e-07,7.382901239962898e-16,0.9445084677081158,0.048217939158608475,0.007273404438770403
0.8555944635223048,0.14325897453315775,5.555404807003089e-09,1.1015110047004029e-16,0.0011465563891323752
0.018032184115431497,0.9819677324390549,1.7263717791650712e-15,2.0010160533976073e-25,8.344551186661228e-08
7.455029166894305e-21,2.7130913490576915e-34,0.0002978998828902854,0.9997021000844277,3.2681900760942654e-11
0.005161883535235703,8.832984888307852e-09,0.307783062374639,0.00021926341724696363,0.6868357818398934
0.002658238239496337,0.9973417604189929,4.2534277906690206e-18,1.1604490017229535e-28,1.3415106622446788e-09
4.42361230648027e-05,3.059603704416445e-12,0.8937690751221892,0.010734491671788832,0.09545219707989744
0.0005737070550520578,1.88332834669925e-10,0.7047414416998627,0.0014501363033304574,0.29323471475342194
4.0039811500181066e-24,7.458567518413112e-39,3.726781567610339e-05,0.9999627321840974,2.2643682999829568e-13
0.13551947293114047,3.3602746423731607e-06,0.024904539442884777,1.2743044717456076e-06,0.8395713530468606
2.6448279796694775e-07,9.965332695253712e-16,0.9115395418117074,0.08149317952961754,0.006967014175876232
1.3308756129929508e-20,4.842828234295695e-34,0.00039389729121485365,0.9996061026566949,5.209033079297989e-11
0.9708782874119022,0.008322682334266827,1.7082183430658193e-06,5.276093728219547e-13,0.020797322034960358
1.3478797541478046e-20,3.5564590040206493e-34,0.00035624622549739507,0.999643753719799,5.470365335274548e-11
2.5083023188292836e-22,2.2088591498970783e-36,0.0001472747891644504,0.9998527252058429,4.992558762975615e-12
0.0016243102552246386,8.673895451570691e-10,0.5511027910388863,0.0008374838848811313,0.44643541395361847
3.4864396856112e-06,6.038174472989699e-14,0.9430919420555393,0.024389929518099443,0.03251464198661551
0.0241000683126748,0.9758996623302699,1.3549149030658183e-14,3.0183948722279623e-24,2.693570416001776e-07
4.083206903936778e-05,3.177659938617471e-12,0.8741093212857756,0.0067136617450574655,0.11913618489694999
6.332680330352145e-06,1.8184478577866324e-13,0.9389773909673015,0.025423021401762457,0.03559325495042396
0.1499473685093519,3.4522922128953033e-06,0.018128588347102945,8.932630086253841e-07,0.8319196975883235
1.423429611109324e-20,3.6547619920702387e-34,0.00047099035730548345,0.9995290095822269,6.046754164010915e-11
6.0075605567291966e-05,4.450035557279677e-12,0.8792729992665975,0.00666306912068235,0.11400385600270288
0.03919107282348877,2.535221374400547e-07,0.10715362573880038,1.7597741439044883e-05,0.8536374501741344
8.691258838947725e-07,9.163754259865624e-15,0.9390358681711476,0.049228752044454385,0.011734510658505018
0.013227633833789507,0.9867723001676215,1.5091068564195861e-15,1.4229306959658198e-25,6.599858742885085e-08
0.00013282111106609678,0.999867178884947,5.915257098017226e-22,7.163076629770914e-34,3.9870092054263964e-12
0.12771807012216846,4.241527793072502e-06,0.017559798903936028,7.260972804810354e-07,0.8547171633488221
6.607740895365746e-05,5.342740266652861e-12,0.8166882258879923,0.005710674661826394,0.17753502203588492
0.5102465872439149,8.963173815324261e-05,0.002288510710320733,1.7868884477606766e-08,0.48737525243872654
1.9932478574595622e-07,8.245757312235574e-16,0.889898213483748,0.10282105485730592,0.007280532334159546
0.10070629950625712,3.254151537018938e-06,0.017242680222903674,1.0904570422102105e-06,0.88204667566226
0.924301337182254,0.0725076555130762,4.453547768736068e-08,2.3126893774459057e-15,0.003190962769189539
0.018466542211518402,0.9815333824934209,1.5041606295059866e-15,2.1113795080619744e-25,7.529505926606863e-08
0.552551968917933,0.4472892910999863,1.7180581683585878e-10,1.0116387536683731e-18,0.000158739810274916
1.970598724719976e-13,3.9262783090641466e-24,0.07404045976333047,0.9259571588391448,2.3813973277498638e-06
0.23522471227345582,0.7647627197201226,4.360620157519938e-12,6.17866997904683e-21,1.2568002060979507e-05
2.71614716081208e-10,6.11780506534363e-20,0.4811258409948561,0.518677706756846,0.0001964519766832772
0.9744975555226686,0.00840232790376052,1.9898252797313718e-06,6.286605355992691e-13,0.0170981267476625
0.25938780422342966,0.740593667547114,5.954368129810628e-12,9.718841606503887e-21,1.852822350189903e-05
0.028960185646139964,1.8045115335479484e-07,0.08756571866982651,1.252396226190279e-05,0.8834613912706183
3.3246945356507546e-10,9.235143778661414e-20,0.43224724501058875,0.567512824205459,0.00023993045148269456
